0.5045373,0,-0.13533,0.1478939,6.101414,0.004386127,-0.1460846,0.05532163,f,15.625,27
1.005563,0,0.3057448,-0.1610088,-0.3039716,0.01289961,-0.2088424,0.07243811,f,15.625,27
1.507886,0,1.367209,-1.004033,-0.1490709,0.02167777,-0.2571478,0.07083062,f,15.625,27
2.016798,0,2.096404,-0.04537241,0.02632136,0.03009309,-0.2485643,0.06659302,f,15.625,27
2.527082,0,-0.2646449,0.2779817,0.190735,0.03926067,-0.2410847,0.06272507,f,15.625,27
3.030603,0,0.8219488,0.7530316,-0.4482273,0.04578621,-0.193952,0.05794889,f,15.625,27
3.540549,0,0.4458432,-0.1741949,-0.3361705,0.05030205,-0.1226762,0.05383749,f,15.625,27
4.046963,0,0.3445152,0.5092481,0.08344658,0.05270681,-0.04697717,0.05182055,f,15.625,27
4.55174,0,-0.4220013,0.00879174,0.4839902,0.05281581,0.02802131,0.051516,f,15.625,27
5.055906,0,1.158715,0.545458,-5.04971,0.05106809,0.1059058,0.05340731,f,15.625,27
5.566808,0,-0.1239778,-0.03419822,0.1859667,0.04696954,0.1820456,0.05719092,f,15.625,27
6.072859,0,-1.537801,-0.2326821,0.6103522,0.04061889,0.2328322,0.06159058,f,15.625,27
6.580956,0,-1.022817,0.03807255,0.4196171,0.03203685,0.2712894,0.06615069,f,15.625,27
7.090385,0,-0.9346017,0.1078101,0.5292897,0.02349503,0.2578526,0.07030182,f,15.625,27
7.598316,0,-0.6222731,0.1446905,0.1192094,0.01430623,0.2095032,0.07178493,f,15.625,27
8.10553,0,-0.64769,0.2977544,0.2002718,0.006685456,0.1982833,0.07377066,f,15.625,27
8.618856,0,-1.232641,-0.6707309,0.481606,0.000254159,0.1037554,-0.1353356,f,15.625,27
9.129858,0,-1.66835,-2.249095,1.511504,0.00802703,0.1122979,-0.1381735,f,15.625,27
9.630765,0,-0.5949727,0.0616188,-0.2478602,0.01620946,0.1402864,-0.1379944,f,15.625,27
10.13925,0,-0.1389743,0.2285139,-0.2859118,0.02611776,0.1435469,-0.1369601,f,15.625,27
10.64275,0,0.2097728,0.3445241,-0.6870038,0.03678654,0.1564428,-0.1344112,f,15.625,27
11.1505,0,-0.1840236,0.7115639,0.3046158,0.04587977,0.1463293,-0.1294316,f,15.625,27
11.65062,0,-0.4185144,0.1405541,-0.449038,0.0540569,0.1007587,-0.1264006,f,15.625,27
12.15552,0,-0.1685561,-0.1111073,0.2089145,0.05759434,0.04010208,-0.1228188,f,15.625,27
12.66376,0,0.08753546,0.05149119,0.08674868,0.05813081,-0.03465789,-0.1225829,f,15.625,27
13.18464,0,-2.797994,-0.5005228,-2.57565,0.05404979,-0.1016463,-0.126409,f,15.625,27
13.69219,0,2.960339,0.9250132,-0.02918246,0.04611764,-0.1464899,-0.1294048,f,15.625,27
14.19285,0,0.8223661,0.1903611,0.3906731,0.03722644,-0.1558445,-0.1343142,f,15.625,27
14.69916,0,-2.491918,-0.4657577,0.3812317,0.02662869,-0.1421223,-0.1367574,f,15.625,27
15.21121,0,0.4458506,-0.1252434,0.00963212,0.01684779,-0.1407681,-0.1379606,f,15.625,27
15.71898,0,-0.5917718,-0.5620521,0.4768138,0.007859335,-0.11272,-0.1381051,f,15.625,27
16.22382,0,0.4126998,0.1081933,0,-0.000141332,-0.1036657,-0.1377688,f,15.625,27
16.7386,0,-0.8451537,0.01001725,-0.02859902,-0.005195979,0.1694338,0.06917597,f,15.625,27
17.24116,0,-0.6496609,-0.1252385,-0.07628028,-0.01216125,0.2141934,0.06982645,f,15.625,27
17.74964,0,-0.7998582,-0.03553765,-0.2097916,-0.01946822,0.2339124,0.067567,f,15.625,27
18.26181,0,-0.7712486,-0.02622484,-0.2860957,-0.02731103,0.2058767,0.06492678,f,15.625,27
18.77638,0,-0.5042378,0.06615812,-0.1907305,-0.03195381,0.1439573,0.05992735,f,15.625,27
19.27699,0,-0.2568901,0.09841766,-0.09536525,-0.03324947,0.03511723,0.05625742,f,15.625,27
19.79272,0,0.3552704,-0.04828139,0.2454103,-0.03266466,-0.08928742,0.05664134,f,15.625,27
20.30365,0,0.5903987,-0.03374933,0.2308068,-0.02955853,-0.1871721,0.06126789,f,15.625,27
20.81132,0,0.9998629,-0.09038292,0.4398693,-0.02346535,-0.2260208,0.06662339,f,15.625,27
21.3217,1,1.020384,-0.1177883,0.2860838,-0.01508452,-0.2159471,0.06917881,f,15.625,27
21.83467,1,0.4292807,0.1891616,-0.1716574,-0.008116597,-0.1760585,0.06841902,f,15.625,27
22.34324,2,0.5896121,-0.0123674,-0.05721915,-0.002682621,-0.1600339,0.06902435,f,15.625,27
22.84618,3,-0.4814671,-0.3018837,0.1334994,-0.01218189,0.1380499,0.4106882,f,15.625,27
23.3673,3,-0.8123271,0.01323079,0.01899051,-0.04217586,0.1494385,0.4065519,f,15.625,27
23.87444,5,-0.8646405,0.2391434,-0.1910376,-0.07610732,0.1849768,0.40362,f,15.625,27
24.38809,5,-0.7346634,0.08020619,-0.3235182,-0.1124814,0.2061283,0.3902498,f,15.625,27
24.89114,5,-0.6169651,0.008792369,-0.2275523,-0.1512647,0.1844145,0.3793875,f,15.625,27
25.40712,6,-0.4917151,-0.01571999,-0.362376,-0.1849205,0.1492451,0.3649376,f,15.625,27
25.91355,6,-0.2229044,-0.007375719,-0.1716574,-0.2065675,0.08570039,0.3528939,f,15.625,27
26.41794,6,0.07748426,-0.08485831,0,-0.2150224,0.001997896,0.3478379,f,15.625,27
26.92502,6,0.2992085,0.1013233,0.1907186,-0.2095028,-0.08477124,0.3536463,f,15.625,27
27.43363,6,0.5399938,-0.06399753,0.2860838,-0.1901704,-0.1467562,0.3665616,f,15.625,27
27.94234,7,0.6234621,0.0226548,0.3800486,-0.1577782,-0.1789433,0.3816843,f,15.625,27
28.45155,10,0.7336619,-0.07066204,0.228053,-0.1185702,-0.1782483,0.3905334,f,15.625,27
28.95256,10,0.5923179,-0.2078121,0.09498832,-0.08353292,-0.1807073,0.4040431,f,15.625,27
29.4601,10,0.6554096,0.02186218,0.03826713,-0.04697086,-0.1447335,0.4079277,f,15.625,27
29.96609,10,0.5968145,-0.08532095,0.09538171,-0.01761843,-0.1365492,0.4103492,f,15.625,27
30.47809,10,0.9386348,0.08597419,-0.03814792,0.01937756,-0.2354625,0.3384991,f,15.625,27
30.98358,11,0.8987966,-0.02093516,-0.1144383,0.06350821,-0.2625019,0.3353,f,15.625,27
31.48756,14,1.04422,0.1843934,-0.2098036,0.1097049,-0.3294125,0.3195879,f,15.625,27
31.99837,14,1.101439,-0.04295064,-0.5721796,0.1619362,-0.3248838,0.2993471,f,15.625,27
32.52126,16,1.040649,0.04123706,-0.9345675,0.2112576,-0.3074299,0.2677629,f,15.625,27
33.02925,16,1.337462,0.4082358,-0.5721796,0.2430411,-0.2445843,0.2329076,f,15.625,27
33.53815,16,0.1245709,-0.03851774,-0.4958874,0.2697263,-0.1767187,0.208915,f,15.625,27
34.03952,16,0.05066279,-0.04276438,-0.362376,0.2819434,-0.1041099,0.188336,f,15.625,27
34.5425,16,0.04198455,-0.07420441,-0.2098036,0.2899723,-0.0367302,0.1786422,f,15.625,27
35.04491,16,-0.002086115,-0.2211976,0.1525844,0.290134,0.02438548,0.1775501,f,15.625,27
35.5547,16,-0.2032472,-0.06757368,0.2860838,0.2848116,0.08666769,0.1856706,f,15.625,27
36.06519,16,0.04374106,0.09090851,0.5567716,0.2729358,0.1645391,0.2043912,f,15.625,27
36.56782,16,-0.5928469,0.1085919,0.5595851,0.2486993,0.2330699,0.2276495,f,15.625,27
37.07488,16,-1.317871,-0.0225019,0.7156414,0.2195065,0.2996942,0.2621469,f,15.625,27
37.58498,16,-1.004554,-0.07368124,0.7304482,0.1710743,0.318653,0.289919,f,15.625,27
38.09372,16,-1.809466,-0.4442951,0.3842752,0.1230309,0.3323099,0.318189,f,15.625,27
38.59463,17,-1.210357,0.101661,0.2299714,0.07305264,0.2698471,0.3307504,f,15.625,27
39.0983,17,-0.9645431,0.1544931,0.1909633,0.0304584,0.2424981,0.3401176,f,15.625,27
39.59859,17,-0.9697719,0.01090814,-0.1525989,0.00788651,0.2633678,-0.2699226,f,15.625,27
40.10639,17,-1.249255,0.1010252,-0.1907186,0.04740862,0.2981828,-0.2663855,f,15.625,27
40.60789,17,-1.366077,0.09439453,-0.4958874,0.09357153,0.3687755,-0.2559569,f,15.625,27
41.1099,17,-1.163432,0.1028878,-0.6103257,0.1387781,0.3642668,-0.2340189,f,15.625,27
41.61148,16,-0.9083421,-0.02823638,-0.724764,0.1739022,0.2760348,-0.2082433,f,15.625,27
42.11243,15,-0.4899271,0.03382409,-0.5340335,0.1944029,0.1383559,-0.1890069,f,15.625,27
42.62596,15,0.1048899,0.009387307,-0.0381461,0.2005112,-0.00663446,-0.1823629,f,15.625,27
43.13188,15,0.344495,0.1198744,0.381461,0.1928068,-0.1531282,-0.1906286,f,15.625,27
43.64173,15,1.102637,0.0458935,0.8773364,0.16901,-0.294599,-0.2116084,f,15.625,27
44.15462,15,1.277567,-0.003650608,0.6103257,0.131713,-0.3740309,-0.2372723,f,15.625,27
44.66781,15,1.55412,-0.04440342,0.4958874,0.08425964,-0.3664973,-0.259057,f,15.625,27
45.17891,15,1.242475,0.01460245,0.2288766,0.03976031,-0.2942854,-0.2687326,f,15.625,27
45.69147,15,0.7717935,0.01244191,0.0381461,0.000971606,-0.2565929,-0.2684151,f,15.625,27
46.20457,15,0.8395867,-0.09022242,-0.1144383,0.0275739,-0.2342668,0.2446604,f,15.625,27
46.71874,15,0.9787365,0.07927055,-0.1907305,0.0580708,-0.2964453,0.2367854,f,15.625,27
47.22712,15,1.130174,-0.09562482,-0.5750238,0.09325466,-0.2908691,0.2235779,f,15.625,27
47.73309,15,1.023391,0.03971282,-0.5775751,0.1271363,-0.2782613,0.2093628,f,15.625,27
48.24424,15,0.6249762,-0.03865704,-0.5260134,0.1537746,-0.1993895,0.1931917,f,15.625,27
48.75809,15,0.2686695,0.005077473,-0.1807105,0.1682727,-0.08972998,0.1824285,f,15.625,27
49.26524,15,-0.1513804,-0.03062049,0,0.1712551,0.02985348,0.1793752,f,15.625,27
49.78344,15,0.008344459,0.4432147,0.2288766,0.1612046,0.1491977,0.1855181,f,15.625,27
50.28372,15,-0.579332,0.04701101,0.4195952,0.1422794,0.2462889,0.2007076,f,15.625,27
50.79309,15,-0.7795931,-0.1176393,0.4577413,0.1128908,0.3037941,0.2175546,f,15.625,27
51.3067,15,-1.058524,-0.1141377,0.3433149,0.07706661,0.3004604,0.2323202,f,15.625,27
51.82052,15,-0.9631652,0.1406605,0.1525844,0.04152473,0.2423822,0.2403329,f,15.625,27
52.32106,15,-0.7891288,-0.06913822,0.1525725,0.01318819,0.2219793,0.2450181,f,15.625,27
52.83594,15,-0.5054243,0.003129102,-0.0762922,-0.01645132,0.1737316,0.3912461,f,15.625,27
53.34034,15,-0.7748247,0.04574447,-0.0762922,-0.05324285,0.1889999,0.3872754,f,15.625,27
53.84482,15,-1.020387,-0.1289636,-0.3051569,-0.09503748,0.2339958,0.3810369,f,15.625,27
54.35406,15,-0.9035679,0.02019012,-0.4958874,-0.1364384,0.2326967,0.3615253,f,15.625,27
54.86279,15,-0.7557517,0.05252423,-0.4195952,-0.1832385,0.2229352,0.3463306,f,15.625,27
55.36514,15,-0.5864844,0.08195265,-0.4195952,-0.2177563,0.177929,0.3263282,f,15.625,27
55.86818,15,-0.3301902,-0.08716779,-0.1907305,-0.2391173,0.09968376,0.3095418,f,15.625,27
56.37976,15,0.02384131,-0.05505732,0.0381461,-0.247213,0.008799085,0.3026313,f,15.625,27
56.89698,15,0.2244397,0.0841416,0.106247,-0.2416135,-0.0876535,0.3083115,f,15.625,27
57.40728,15,0.356712,-0.1347124,0.2738793,-0.2208871,-0.1698375,0.3242947,f,15.625,27
57.91956,15,0.7433834,-0.1719476,0.4626729,-0.1869381,-0.218638,0.3432095,f,15.625,27
58.42542,16,1.079094,0.06444456,0.4196071,-0.1423041,-0.2543139,0.361953,f,15.625,27
58.94012,17,1.052272,0.09022242,0.2288647,-0.09812496,-0.2320283,0.3805527,f,15.625,27
59.44059,17,0.8710454,0.04604246,0.0762922,-0.05550055,-0.1872583,0.3861375,f,15.625,27
59.943,17,0.8034149,-0.08560326,-0.07628028,-0.02007467,-0.1753028,0.3918292,f,15.625,27
60.45473,17,-0.3253956,0.003799622,0,-0.008072802,0.09027123,0.458548,f,15.625,27
60.96749,17,-0.4121656,-0.008567774,-0.1525844,-0.03043548,0.09760614,0.4565428,f,15.625,27
61.48017,17,-0.6174021,0.004693642,-0.0381461,-0.05772937,0.1203893,0.4562983,f,15.625,27
61.9881,17,-0.5997431,0.0035016,0.0381461,-0.08618483,0.1337961,0.4510081,f,15.625,27
62.48994,17,-0.5101922,0.04436617,-0.1144264,-0.1141468,0.1235345,0.443314,f,15.625,27
62.99603,17,-0.2875799,-0.006519016,-0.2288647,-0.1361412,0.07671828,0.4361048,f,15.625,27
63.49765,18,0.2658247,0.06146448,0.1525844,-0.1453564,0.004318252,0.433529,f,15.625,27
64.00577,18,0.2676128,-0.1535495,0.1525844,-0.1371557,-0.07362954,0.4362986,f,15.625,27
64.50907,18,0.4027275,0.1470209,0.002431814,-0.115622,-0.1217779,0.4433098,f,15.625,27
65.01716,18,0.554692,-0.01484578,0.0776154,-0.08767731,-0.1336557,0.450882,f,15.625,27
65.52644,18,0.5161033,-0.008012543,0.1139019,-0.05781538,-0.1205608,0.4562306,f,15.625,27
66.02859,18,0.4168013,-0.1085902,0.1524414,-0.03152873,-0.09869282,0.4559567,f,15.625,27
66.5328,18,0.4121693,-0.09696294,0.0381461,-0.009876161,-0.09105815,0.4592413,f,15.625,27
67.04846,18,3.712024,0.05365491,-0.6854258,0.0224093,-0.9485366,0.09416469,f,15.625,27
67.55681,18,3.378588,0.06127908,-3.18322,0.07955632,-1.100939,0.07728994,f,15.625,27
68.06366,18,0.7945833,-0.1193567,-1.917473,0.05010056,-0.4687858,0.01905028,f,15.625,27
68.57402,18,0.1330822,-0.05398981,-0.4787693,0.04550238,-0.1104005,0.01030978,f,15.625,27
69.07771,18,-0.008511349,-0.02290056,0.5513065,0.04537313,0.1570207,0.01077551,f,15.625,27
69.58952,18,-1.071738,-0.1262448,2.106714,0.04846834,0.5638385,0.02154947,f,15.625,27
70.09012,18,-3.589309,0.03179219,3.147625,0.06630297,1.191263,0.07773687,f,15.625,27
70.59545,18,-3.502068,0.04102302,0.38251,0.01237676,0.8902034,0.07995429,f,15.625,27
71.10475,18,-0.07640323,-0.03683911,0.1525486,1.06E-13,-5.8012,-0.07490312,f,15.625,27
71.62117,18,0.001192497,-0.00022359,0,-1.61E-13,7.248362,-0.07490028,f,15.625,27
72.12971,18,-0.2039163,-0.01870723,-0.1907907,1.60E-13,-6.065013,-0.07489872,f,15.625,27
72.63856,18,0.1645641,0.005291685,0.1908146,-1.70E-13,5.596643,-0.07490086,f,15.625,27
73.14715,18,0.301445,0.08030895,0.3813179,9.64E-14,-2.76945,-0.07488644,f,15.625,27
73.64721,18,2.039627,-0.660297,-0.1526082,-1.96E-13,5.069489,-0.07487557,f,15.625,27
74.15347,18,0.06907319,0.1334313,-0.2288885,-4.72E-14,1.1207,-0.07488726,f,15.625,27
74.67255,18,-0.125142,0.0543724,0.1525248,1.80E-14,-4.025941,-0.07488643,f,15.625,27
75.18448,18,0.01554174,-0.01915372,-0.1525248,-4.02E-14,7.914494,-0.0748801,f,15.625,27
75.69593,18,0.05248743,-0.1152634,-0.1525486,2.59E-14,-4.482849,-0.07488,f,15.625,27
76.2018,18,0.02856982,-0.003674985,-2.38E-05,-1.98E-14,2.568263,-0.07488178,f,15.625,27
76.72269,18,-0.1776094,-0.001030671,-0.07628028,-1.66E-13,2.384638,-0.07487574,f,15.625,27
77.23203,18,-0.01188037,-0.02330099,-0.2288289,6.60E-14,-8.336513,-0.07488963,f,15.625,27
77.73463,18,-0.08934537,0.1097873,-0.07628028,-4.79E-14,6.441721,-0.07488931,f,15.625,27
78.25358,18,-0.05008835,0.1196092,0.1525248,1.18E-13,-1.404641,-0.07489365,f,15.625,27
78.75859,18,-0.07746635,-0.07747664,0.07624452,-5.04E-15,4.381912,-0.07487988,f,15.625,27
79.26295,18,-0.05485469,-0.003279357,-0.07631867,5.77E-15,-4.707445,-0.07488903,f,15.625,27
79.77193,18,-0.352978,-0.1755201,0,-0.005260848,0.1199892,0.2397137,f,15.625,27
80.28639,16,-0.482575,0.1209168,-0.07604186,-0.02114311,0.1551604,0.2391747,f,15.625,27
80.78657,15,-0.6185151,0.1091523,-0.2278991,-0.04002954,0.1587026,0.2369598,f,15.625,27
81.29786,11,-0.6668743,-0.2830836,-0.2266117,-0.06001845,0.1574068,0.2327921,f,15.625,27
81.80006,10,-0.2671419,-0.05987427,-0.1564229,-0.07589346,0.09881728,0.2249224,f,15.625,27
82.30974,7,0.07572597,0.02908904,0.07191732,-0.07969559,-0.02296903,0.2236943,f,15.625,27
82.82398,5,0.4655493,-0.1711376,0.1560414,-0.07071933,-0.1312412,0.2286613,f,15.625,27
83.3326,4,0.621394,0.02374772,0.001978829,-0.05284605,-0.1711845,0.2349745,f,15.625,27
83.84737,3,0.4818717,-0.1002181,0.07557696,-0.03217588,-0.1602147,0.2386835,f,15.625,27
84.35857,2,0.4946841,-0.1239414,0.2286859,-0.01437285,-0.1278942,0.2392037,f,15.625,27
84.87079,2,0.06516287,0.1799649,-0.152501,-0.000402762,-0.157761,-0.1439507,f,15.625,27
85.37396,2,0.7585739,-0.04422558,-0.07598227,-0.01290494,-0.1806481,-0.1470775,f,15.625,27
85.88564,2,0.8942638,0.03956354,-0.230319,-0.02996713,-0.2448881,-0.1461549,f,15.625,27
86.39716,2,0.8281459,-0.03451798,-0.2324647,-0.04522735,-0.1863241,-0.1402025,f,15.625,27
86.9567,2,-0.009544306,-0.000968901,0.07631867,-0.05149696,0.02417113,-0.1354719,f,15.625,27
87.46263,2,-0.7368634,0.014664,0.1560175,-0.04340632,0.2059865,-0.1408109,f,15.625,27
87.97156,2,-1.080113,0.003909277,0.1539195,-0.02708066,0.2250773,-0.1463616,f,15.625,27
88.47467,2,-0.7333573,0.01578462,0.000214572,-0.01103897,0.1775566,-0.1473422,f,15.625,27
88.97663,2,-0.3969145,0.009397277,-0.1525963,0.000120957,0.1206042,-0.02481483,f,15.625,27
89.47781,2,-0.5256801,-0.05305889,-0.1524652,0.001744618,0.133353,-0.02539143,f,15.625,27
89.98028,2,-0.6890556,-0.05004424,-0.1533354,0.003778163,0.1661274,-0.02517996,f,15.625,27
90.4818,2,-0.8719364,-0.09587855,-0.07825911,0.005964788,0.1800504,-0.02475016,f,15.625,27
90.98866,2,-0.6219781,-0.001006003,-0.1563156,0.00800128,0.1475104,-0.0241711,f,15.625,27
91.5041,2,-0.1154277,-0.000347946,-0.1474347,0,,,f,15.625,27
92.01061,5,0.324212,0.04776123,0.08139424,0.009088138,-0.0756566,-0.02379482,f,15.625,27
92.52664,6,0.5455905,0.002143646,0.149032,0.007564178,-0.1628576,-0.02431417,f,15.625,27
93.02715,7,0.6639656,0.01433206,0.07438489,0.005428963,-0.1856889,-0.02485862,f,15.625,27
93.53019,8,0.597511,0.14819,0.07557696,0.003283784,-0.1655371,-0.02525142,f,15.625,27
94.03909,8,0.5808101,0.0992318,0.07619683,0.001410613,-0.1304607,-0.02541606,f,15.625,27
94.54752,9,-1.795211,-0.02873459,6.092862,-0.0102246,0.4456464,0.3160329,f,15.625,27
95.06107,9,-9.770587,-0.01130227,2.500262,-0.2138291,1.066561,0.4962074,f,15.625,27
95.57213,9,-4.121829,-0.03362114,-4.992418,-0.5372997,0.5920066,0.4166116,f,15.625,27
96.07499,10,4.290363,-0.1279972,5.384322,-0.5229945,-0.7491523,0.4376677,f,15.625,27
96.58591,10,12.63804,-0.08451793,3.587037,-0.1616092,-1.128967,0.6616504,f,15.625,27
97.09843,12,5.774055,-0.01788747,-0.1526135,0.125601,-0.6224126,0.7878463,f,15.625,27
97.60021,12,6.254625,0.01746385,-3.902394,0.4154281,-0.7044948,0.6787208,f,15.625,27
98.10596,12,0.5359288,0.1620665,-0.4443544,0.5591565,-0.04690579,0.592355,f,15.625,27
98.6076,12,-5.465406,0.1682684,3.351707,0.4398156,0.6589781,0.6595409,f,15.625,27
99.12524,12,-7.501717,0.2080047,1.712426,0.1521578,0.7062176,0.7682346,f,15.625,27
99.6315,15,-10.14545,0.1008655,-1.0319,0.2912717,0.9813139,-1.839569,f,15.625,27
100.1325,17,-4.777871,0.4951462,-4.047516,1.18618,0.5895727,-1.41566,f,15.625,27
100.6349,18,10.51655,-1.250904,5.885848,0.9144712,-1.175776,-1.64071,f,15.625,27
101.1419,18,3.168648,0.193735,-0.8775987,-7.16E-06,-0.3467225,7.485518,f,15.625,27
101.6523,18,4.783044,0.05893914,-1.40678,-0.000562668,-0.4756634,-0.002562487,f,15.625,27
102.1628,18,1.72027,-0.05155921,-0.3613389,0.002072678,-0.1683865,0.004805694,f,15.625,27
102.6739,18,-4.106559,0.1594883,1.628552,0.00034155,0.4735998,0.00117819,f,15.625,27
103.1769,18,-4.416109,-0.179456,0.647387,-2.29E-05,0.4009096,-0.000680037,f,15.625,27
103.6845,18,-13.27041,-0.1102492,-3.390378,-0.01614122,1.307776,0.05972503,f,15.625,27
104.1954,18,-6.109003,0.05430279,-8.729806,-0.06366742,1.033607,0.04235765,f,15.625,27
104.7017,18,-0.2993515,0.009125186,-0.08660357,-0.1180217,-0.004751901,0.0430909,f,15.625,27
105.2046,18,4.692495,-0.04588737,7.65361,-0.06513198,-1.005141,0.04315264,f,15.625,27
105.7141,18,13.58104,-0.06473609,4.454129,-0.0222605,-1.313493,0.07377648,f,15.625,27
106.2229,18,7.908491,-0.05711519,-1.484026,-0.05907155,-0.7914754,-0.2799518,f,15.625,27
106.731,18,7.336186,0.1362448,-5.872425,-0.1787752,-0.9171873,-0.2223251,f,15.625,27
107.2398,18,1.972439,0.1416635,-3.080655,-0.2084011,-0.3325771,-0.1358188,f,15.625,27
107.756,18,-0.9161739,0.09979912,1.701841,-0.2049662,0.2327013,-0.1255416,f,15.625,27
108.267,18,-6.07583,0.03249544,5.72396,-0.191609,0.8515108,-0.2102307,f,15.625,27
108.7689,18,-8.833687,0.01520429,2.442198,-0.07174377,0.8044387,-0.2664699,f,15.625,27
109.2806,18,-4.745854,0.1660495,-0.4192733,0.001615181,0.4787539,-0.02107481,f,15.625,27
109.7959,18,-6.128612,-0.08815246,-2.391331,0.006498496,0.6574457,-0.01702748,f,15.625,27
110.3006,18,-1.669059,-0.09444897,-0.6059031,0.0179036,0.144901,-0.02564187,f,15.625,27
110.806,18,4.411215,0.02250404,2.608478,0.01174805,-0.5549076,-0.02221833,f,15.625,27
111.3071,18,5.622067,0.03321341,1.179001,0.003155077,-0.6081913,-0.01733958,f,15.625,27
111.8077,18,-5.562304,0.03721968,0.03786,0.07227475,0.5591586,-1.059676,f,15.625,27
112.3169,18,-6.378338,0.0517132,-2.494993,0.4275731,0.6775087,-0.9724143,f,15.625,27
112.8205,18,5.160643,-0.05352822,2.041389,0.4635488,-0.5750568,-0.9584395,f,15.625,27
113.3262,18,6.202782,0.02108503,0.5729544,0.1062526,-0.576825,-1.054227,f,15.625,27
113.8284,18,8.042342,-0.01689986,-2.094316,-0.1959462,-0.8932421,-0.8542484,f,15.625,27
114.3295,18,5.644907,0.003916029,-4.424662,-0.5214768,-0.6650121,-0.6753981,f,15.625,27
114.8481,18,-2.277179,0.0708492,2.428643,-0.5613537,0.381155,-0.6179104,f,15.625,27
115.3572,18,-8.467731,0.1059446,3.839119,-0.3139942,0.8953402,-0.823217,f,15.625,27
115.8603,18,-7.617869,0.09722631,-0.4961377,0.02895083,0.8322237,-0.7033862,f,15.625,27
116.3669,18,-10.00348,-0.02591532,-6.267261,0.3747576,1.147171,-0.5924918,f,15.625,27
116.8932,18,-0.7498093,-0.08041302,-0.9489558,0.5811873,0.05286235,-0.4629164,f,15.625,27
117.4025,18,8.380842,-0.03003591,6.410841,0.4051987,-1.080351,-0.572351,f,15.625,27
117.907,18,8.552563,-0.03204828,0.7631629,0.05598508,-0.8665996,-0.7025148,f,15.625,27
118.4106,18,15.55012,0.04702895,-9.921547,-0.03623694,-1.810659,-0.05173958,f,15.625,27
118.9369,18,1.768835,0.2244477,-4.645933,0.04524003,-0.4657919,0.01682825,f,15.625,27
119.4524,18,-1.398245,0.03938024,3.880031,0.04450902,0.466369,0.01684487,f,15.625,27
119.9616,18,-14.64081,0.09780137,10.67988,-0.02594114,1.808941,-0.03672223,f,15.625,27
120.4757,18,6.620789,-0.04660441,-0.4954701,-0.03083544,-0.6887681,-0.4811098,f,15.625,27
120.9782,18,8.297873,-0.05475155,-4.289767,-0.2271482,-0.9504529,-0.4291952,f,15.625,27
121.4839,18,1.42037,0.003738336,-1.240201,-0.3268089,-0.1570006,-0.3153185,f,15.625,27
121.9849,18,-5.784474,0.009113435,4.576221,-0.2781697,0.7670797,-0.3721276,f,15.625,27
122.4956,18,-8.397935,0.2803732,1.712426,-0.09163112,0.7548187,-0.4657288,f,15.625,27
122.9969,18,-6.880186,-0.02820468,-0.7263494,0.06928627,0.6917222,-0.4759216,f,15.625,27
123.5032,18,-7.47592,-0.009104541,-4.89176,0.2449384,0.8533435,-0.3790334,f,15.625,27
124.0151,18,-2.794798,-0.04051854,-3.929573,0.4100773,0.4854884,-0.3054372,f,15.625,27
124.5186,18,-0.1392333,-0.01042,-0.7042485,0.4568404,0.02973039,-0.2584439,f,15.625,27
125.0268,18,2.21214,-0.002014777,3.313013,0.4169974,-0.4345168,-0.2958771,f,15.625,27
125.5447,18,7.353686,-0.06016732,4.879363,0.2627907,-0.8688948,-0.3803619,f,15.625,27
126.0528,18,7.291591,-0.07912648,1.185485,0.08644059,-0.7073668,-0.4758964,f,15.625,27
126.5612,18,-7.189425,-0.02628052,-0.8795537,0.02030332,0.6867381,-0.1287042,f,15.625,27
127.0743,18,-6.946047,-0.03172125,-3.957801,0.07373817,0.7653953,-0.1146646,f,15.625,27
127.5842,18,0.2146366,0.01684397,0.3052985,0.07009769,-0.06585486,-0.07189002,f,15.625,27
128.0932,18,6.832547,-0.03425804,4.270643,0.06860261,-0.8176484,-0.1184622,f,15.625,27
128.61,18,6.67953,-0.05483077,0.837562,0.01451468,-0.6630148,-0.128801,f,15.625,27
129.118,18,6.719775,0.1010965,-0.9976154,-0.09285365,-0.6320925,-0.4720021,f,15.625,27
129.6243,18,6.193962,-0.03203899,-4.594906,-0.2698882,-0.7506322,-0.4046983,f,15.625,27
130.1316,18,1.797096,0.02859955,-2.388306,-0.3464403,-0.2894715,-0.3001488,f,15.625,27
130.6416,18,-1.690861,0.0580897,1.830258,-0.3485326,0.2647874,-0.2988603,f,15.625,27
131.15,18,-5.965651,0.1690932,4.118087,-0.2753858,0.7350801,-0.4001717,f,15.625,27
131.6517,18,-7.100341,0.03005027,1.677775,-0.1034739,0.6392613,-0.4628475,f,15.625,27
132.1598,18,-3.195976,0.07909137,0,0.03601361,0.3328242,-0.8664245,f,15.625,27
132.6601,18,-4.534575,-0.02174649,-1.372664,0.2174456,0.4730831,-0.836531,f,15.625,27
133.1793,18,-0.774528,0.07037786,-0.4575706,0.3536471,0.06610637,-0.7963757,f,15.625,27
133.6865,18,4.229719,-0.04386949,1.58594,0.244604,-0.4455874,-0.8283281,f,15.625,27
134.1914,18,3.500972,-0.118535,0.8382774,0.06292164,-0.3457262,-0.8639471,f,15.625,27
134.6953,18,5.755401,0.01049779,-0.5375334,0.06528854,-0.5954259,0.4690852,f,15.625,27
135.2009,18,1.202714,0.1369651,-0.808947,0.1852987,-0.09791351,0.4332787,f,15.625,27
135.7177,18,-6.459158,0.0774684,0.8465281,0.0894162,0.5965941,0.4642528,f,15.625,27
136.2215,18,-2.901505,-0.04557804,0,-0.02508111,0.2973585,0.5634909,f,15.625,27
136.724,18,-3.953673,-0.03552409,-0.9151411,-0.1203378,0.3918712,0.5471674,f,15.625,27
137.2356,18,-3.357897,0.05943023,-1.372712,-0.2284781,0.3796782,0.5162818,f,15.625,27
137.7493,18,-0.5257774,-0.03032998,0.328596,-0.2909448,0.03828988,0.4922737,f,15.625,27
138.2504,18,2.433804,0.01881052,1.714947,-0.2501431,-0.3208753,0.5084063,f,15.625,27
138.7526,18,3.821645,-0.05698145,1.588802,-0.1440543,-0.3886062,0.5383152,f,15.625,27
139.2646,18,3.151537,-0.05429675,-0.07525753,-0.04098374,-0.3076447,0.5630696,f,15.625,27
139.7744,18,17.89274,0.1317328,-7.530523,-0.6465799,-1.971729,-1.533309,f,15.625,27
140.2762,18,1.217999,0.02579638,-2.637686,-1.522714,-0.2074397,-0.904687,f,15.625,27
140.7821,18,-16.32828,-0.060026,10.52408,-0.8598172,1.877872,-1.400596,f,15.625,27
141.2914,18,-9.43079,0.1240737,-1.372712,0.1604677,0.9510165,-1.045085,f,15.625,27
141.7972,18,-8.467391,0.02852353,-7.016042,0.6973333,1.07554,-0.7933493,f,15.625,27
142.3028,18,-0.9222922,-0.05935578,-1.372712,0.9102396,0.1337866,-0.5432133,f,15.625,27
142.8097,18,4.346897,-0.03947126,5.795862,0.8191056,-0.7442037,-0.666831,f,15.625,27
143.319,18,11.31528,0.2183578,3.965627,0.3513932,-1.229959,-0.983754,f,15.625,27
143.8253,18,12.66696,0.05105874,-1.605828,0.1977371,-1.28686,1.005483,f,15.625,27
144.3271,18,7.90123,-0.07233437,-10.1478,0.8440841,-1.223691,0.6125768,f,15.625,27
144.8326,18,0.9208317,0.06598019,-1.560044,1.041548,-0.1664907,0.3393656,f,15.625,27
145.3433,18,-2.858356,0.06621166,5.647356,0.9841377,0.6669209,0.4505025,f,15.625,27
145.8542,18,-14.60158,0.1492906,8.67851,0.4939283,1.697953,0.880421,f,15.625,27
146.3622,18,-2.902102,0.03574751,0,0.01267894,0.3224598,-0.2880882,f,15.625,27
146.872,18,-4.248296,-0.04997204,-0.9151411,0.06649457,0.42242,-0.2795973,f,15.625,27
147.3799,18,-3.065933,0.06590948,-1.220204,0.1241727,0.3374144,-0.2606214,f,15.625,27
147.8925,18,0.8727823,0.01424753,0.791778,0.1395892,-0.1419081,-0.253716,f,15.625,27
148.4077,18,4.329216,0.02285443,1.166492,0.09354381,-0.4450987,-0.2723536,f,15.625,27
148.9129,18,3.794008,-0.0274857,-0.07363602,0.03342398,-0.3457708,-0.2853557,f,15.625,27
149.4164,19,-0.01036075,-0.007486529,-0.3817245,5.13E-10,1.120601,-8,f,15.625,27
149.9225,20,0.1477565,-0.05652575,0.1525553,-3.88E-13,5.405679,-13,f,15.625,27
150.4243,19,0.08102769,0.02532116,0,1.24E-12,-4.3926,-12,f,15.625,27
150.9324,18,0.02383167,-0.1104449,-0.1525076,0,,,f,15.625,27
151.4485,17,-0.03813068,0.01653322,-0.1525553,0,,,f,15.625,27
151.9577,17,-0.1024762,-0.0603984,0.1525553,0,,,f,15.625,27
152.471,16,-0.04747771,-0.05219673,0.5343857,0,,,f,15.625,27
152.9731,13,12.1357,0.1094148,-0.3826307,7.08E-13,-2.24347,-2.876586,f,15.625,27
153.4856,12,1.501383,-0.02810822,-4.415299,3.83E-14,-0.3425393,-3.84,f,15.625,27
153.9907,12,-30.97029,0.06790933,12.77499,-4.27E-13,3.111961,1.399072,f,15.625,27
154.5112,12,-0.03902436,0.001042636,-0.1525553,0,,,f,15.625,27
155.0125,12,-0.04230122,0.1008378,0.3050629,0,,,f,15.625,27
155.5173,12,-0.08221928,-0.01549059,0.1525553,0,,,f,15.625,27
156.0203,12,-2.660491,-0.02885051,0.2287295,0.03844248,0.2968835,-0.7608141,f,15.625,27
156.5226,12,-9.388496,-0.04961894,-3.307182,0.2835161,0.9912479,-0.7024841,f,15.625,27
157.0273,12,-2.644411,-0.1036822,-1.699256,0.5075405,0.3152101,-0.5677361,f,15.625,27
157.5317,12,-0.8383012,-1.889437,-0.03853491,0.3855244,0.111841,-0.6889627,f,15.625,27
158.0443,12,-0.1272892,-8.744695,-4.956434,-0.0690772,0.5962878,-1.086556,f,15.625,27
158.5542,12,1.326021,-2.556396,-2.582101,0.3047183,0.593464,-0.508637,f,15.625,27
159.0559,12,2.774609,-3.415657,-3.009562,-1.67055,-1.388363,0.1724408,f,15.625,27
159.5613,12,11.9349,-3.603308,-9.608931,-1.490145,-1.764273,-1.326701,f,15.625,27
160.08,12,4.947458,2.354596,-2.897943,0.05288882,-1.818673,-1.260115,f,15.625,27
160.5885,14,4.585217,3.937023,-3.508033,-0.5820029,0.2070223,-0.5130424,f,15.625,27
161.0986,15,3.927441,11.90153,-1.525219,-0.8969694,0.1997349,-0.7967232,f,15.625,27
161.6098,16,0.6949638,2.782694,0.0432087,-0.3000123,0.0896228,-0.125436,f,15.625,27
162.129,16,-1.961107,12.57961,6.621304,-1.046521,0.3866505,-0.9792376,f,15.625,27
162.636,16,-3.014164,2.407359,3.896759,-0.4196492,0.04954436,-0.3428944,f,15.625,27
163.137,16,1.012758,-1.077261,0.06009753,0.04194646,0.00079824,0.1432216,f,15.625,27
163.639,16,2.27685,-2.951164,-0.6884777,0.09815089,-0.000877792,0.3425176,f,15.625,27
164.1615,16,0.1480502,-0.148956,-0.9151411,-0.1231651,-0.2370296,0.07075585,f,15.625,27
164.6617,17,-1.622926,-3.1291,-7.778652,0.4332737,-0.7619794,0.2376614,f,15.625,27
165.1638,17,-0.8126668,-1.253552,-1.525219,-0.01749767,-0.2581459,0.2023201,f,15.625,27
165.6665,17,-2.030463,-1.079686,-2.287853,0.05492823,-0.4253506,0.1535528,f,15.625,27
166.1799,17,-5.459835,-3.104965,-2.44036,0.269212,-0.621838,0.1779763,f,15.625,27
166.6864,17,0.1487862,-0.1004865,-0.3645555,0.2416675,0.2465963,-1.126532,f,15.625,27
167.1939,17,0.07435139,0.04878863,-0.2118466,0.2415486,0.2464988,-1.126023,f,15.625,27
167.7097,17,0.03136923,-0.1909696,0.2119897,0.241216,0.2461586,-1.124478,f,15.625,27
168.22,17,-0.1299957,-0.08820584,0.3648894,0.2415473,0.2465046,-1.126035,f,15.625,27
168.7203,17,0.04290618,-0.2001931,0.1525076,0.241489,0.2464469,-1.125768,f,15.625,27
169.2237,17,-0.3527126,0.1596706,-0.3050153,-0.006531828,-0.0454462,0.02686549,f,15.625,27
169.7332,17,-3.736806,-0.1143926,-0.6101258,0.004455766,-0.3629917,-0.04368357,f,15.625,27
170.239,17,-0.6339226,0.004767353,0.1525076,0.000858473,-0.05315083,0.02599012,f,15.625,27
170.7509,17,5.371739,0.3282621,0.08760969,-0.133058,0.4044763,0.8301021,f,15.625,27
171.2514,17,7.924242,-0.2946752,4.575592,-0.4768835,0.6922918,0.7609707,f,15.625,27
171.7673,17,0.554297,-0.2509061,0.4096242,-0.2973793,-0.3111721,0.5222921,f,15.625,27
172.2703,17,-7.819034,-8.854521,-4.412152,0.3872414,-0.9009219,1.048026,f,15.625,27
172.7843,17,-5.200071,-3.538997,1.220156,0.2879902,-0.1568362,0.7982937,f,15.625,27
173.2875,17,-5.238201,1.089126,-0.1525076,-0.06022613,-0.2013755,0.8234576,f,15.625,27
173.7905,17,-11.00069,6.205771,6.558472,0.1140878,-1.030175,1.143618,f,15.625,27
174.2909,17,-1.496615,1.615787,1.98279,0.4701838,-0.1964118,0.4633753,f,15.625,27
174.8013,17,9.966414,13.9749,-3.508033,-0.7703048,0.8781716,1.390347,f,15.625,27
175.3056,17,6.911187,2.81927,2.592868,-0.364467,0.3135955,0.6225819,f,15.625,27
175.8212,17,12.49231,-0.1423121,5.923169,-0.5466118,0.6781662,1.152668,f,15.625,27
176.3318,17,4.735168,-6.948493,7.328194,-0.4723935,0.5152189,0.7977576,f,15.625,27
176.8355,18,0.4750095,0.2804392,0.2039477,0,,,f,15.625,27
177.338,19,0.3941244,0.003839184,0.2041802,0,,,f,15.625,27
177.8482,19,-0.3558756,0.5562762,-3.702123,-0.1876811,-0.5464485,-0.1058914,f,15.625,27
178.3594,20,-7.403567,-1.088635,-13.56875,0.267811,-1.464852,-0.02853735,f,15.625,27
178.8609,20,-2.621496,0.6625191,-1.982814,-0.1998793,-0.4589298,0.1424141,f,15.625,27
179.3691,20,-16.29133,-1.429896,-2.135298,0.09895437,-1.638737,-0.3166651,f,15.625,27
179.8725,20,-1.039068,-1.544289,0.6101258,0.03718753,-0.3871199,0.2711805,f,15.625,27
180.3778,20,-12.12555,0.4956855,12.6594,-0.2643937,-1.67358,-0.2265288,f,15.625,27
180.8831,20,-1.162104,-0.4677246,2.364889,0.274987,-0.3833097,0.005428583,f,15.625,27
181.3939,20,16.63747,0.5577785,-14.60001,0.302819,2.216205,0.3704426,f,15.625,27
181.8979,20,0.5718363,-2.405702,-1.419258,0.3362307,-0.08460056,0.1388717,f,15.625,27
182.4015,20,-0.9676084,-17.76019,4.645889,1.714078,-0.0666086,0.09094089,f,15.625,27
182.9133,20,0.4019667,0.2895364,0.1695918,0,,,f,15.625,27
183.4227,20,-0.009534706,0.1334621,0,0,,,f,15.625,27
183.9233,20,-0.02859816,0.009534706,0,0,,,f,15.625,27
184.4356,20,-0.02859816,0.03813883,0.1525553,0,,,f,15.625,27
184.944,20,-0.02859816,0.09055588,0,0,,,f,15.625,27
185.4482,20,-0.06672805,0.01430206,0,0.005464928,-0.1534059,-0.1322466,f,15.625,27
185.9505,20,-13.51733,0.4957094,8.236222,0.146303,-1.557303,0.3961995,f,15.625,27
186.4648,20,-2.128291,-0.9406953,2.862219,-0.1152242,-0.6510506,-0.1966789,f,15.625,27
186.968,20,-0.6805131,0.901445,7.495101,-0.02691879,-0.9159189,0.1371844,f,15.625,27
187.4904,20,-0.1871423,0.4922501,-2.470297,-0.7029121,-0.1488158,0.09628501,f,15.625,27
188.0023,20,-0.1191838,0.8078995,-3.508021,-0.7586966,-0.05064872,0.01205982,f,15.625,27
188.517,20,0.6815408,1.35841,-4.575682,-0.824495,0.108694,-0.0933111,f,15.625,27
189.0237,20,1.675148,2.05996,-5.083627,-0.8222591,0.2471947,-0.2469404,f,15.625,27
189.5298,20,3.010182,2.788451,-3.943795,-0.7019777,0.3096513,-0.3906731,f,15.625,27
190.0471,20,3.405833,2.251073,-1.803033,-0.5376846,0.3030821,-0.5133814,f,15.625,27
190.5581,20,2.644995,1.704802,-0.709462,-0.3871957,0.2779448,-0.5774238,f,15.625,27
191.0587,20,1.911019,1.157487,0.06419306,-0.2716035,0.2567265,-0.6110327,f,15.625,27
191.5714,20,0.7292501,0.6458393,0,-0.07322407,0.06894941,6.337616,f,15.625,27
192.0807,20,2.414152,2.554753,0,-0.2407726,0.2342044,0.05112121,f,15.625,27
192.5842,20,1.322658,1.389397,0.1525076,-0.1010455,0.1039186,0.01002888,f,15.625,27
193.0854,20,-0.2180598,-0.112009,0.1525553,0.02478257,-0.1477461,0.5063779,f,15.625,27
193.5943,20,1.532378,-3.179145,-0.7625858,0.3058794,-0.1959682,1.510055,f,15.625,27
194.0968,20,3.699871,-7.931182,0.3050153,0.4834395,0.4117729,1.591191,f,15.625,27
194.5972,20,0.7268664,-2.275923,1.372712,-0.144409,0.5703613,1.402345,f,15.625,27
195.0984,20,-0.5937142,0.8245733,-0.6100782,0.3240177,-0.6457025,-1.416735,f,15.625,27
195.6075,20,-3.546368,4.158885,-1.890357,-0.2285562,-0.7711559,-1.488825,f,15.625,27
196.1134,20,-4.245151,5.035687,-0.07511446,-0.6163861,-0.3230591,-1.547877,f,15.625,27
196.6157,20,-0.9672,1.3209,-0.0633823,-0.4011876,0.2076959,-1.523773,f,15.625,27
197.1371,20,9.025707,-5.238223,0.3798169,0.6446666,1.052453,-1.706039,f,15.625,27
197.6523,20,9.033776,-6.174795,9.913973,1.826953,0.7063862,-1.181129,f,15.625,27
198.1551,20,1.525219,-1.526411,6.253432,1.857197,-0.2757256,-0.4898364,f,15.625,27
198.6607,20,-2.209796,8.710428,-8.288177,0.8377193,-1.156222,-1.619132,f,15.625,27
199.1658,20,-9.505818,9.594358,-2.145221,0.09439801,-0.2884209,-2.23218,f,15.625,27
199.675,20,-5.109846,3.265619,1.223436,-0.1163056,0.7339297,-1.739998,f,15.625,27
200.1838,20,4.983725,-12.15333,-1.324399,1.714249,0.8310553,-1.198742,f,15.625,27
200.6886,20,1.036747,-10.43829,7.009419,1.89304,-0.4272561,-0.946849,f,15.625,27
201.2006,20,3.198203,4.505363,-3.20297,0.4225507,-1.268516,-1.404762,f,15.625,27
201.7012,20,2.974209,13.62576,-2.745399,0.169207,-0.4392118,-2.237979,f,15.625,27
202.2131,20,-3.131484,10.3775,3.508033,0.339743,0.8112969,-1.932792,f,15.625,27
202.7169,20,-0.8293288,-3.257795,-4.575682,0.4212452,-0.3661509,0.1782245,f,15.625,27
203.2191,20,-6.744375,-14.1727,-6.711003,1.386547,-0.8865018,0.4936132,f,15.625,27
203.7259,20,-3.365033,-5.200062,1.372712,0.4887172,-0.2458921,0.2298319,f,15.625,27
204.227,20,0.02383167,0.06673103,-0.1525076,0,,,f,15.625,27
204.7395,20,0.02383167,0.002383677,0,0,,,f,15.625,27
205.2467,19,-0.04293158,1.751538,-1.122377,-0.2101083,0.000424514,0.001187255,f,15.625,27
205.7515,18,0.1431065,12.24881,-0.3821537,-1.205757,2.470391,-0.002214618,f,15.625,27
206.2576,18,-0.04293522,1.995934,0.4053319,-0.1910298,-0.000394177,0.001207439,f,15.625,27
206.7639,18,-0.01913085,6.41766,4.300029,-0.8489224,0.000550994,-0.00093721,f,15.625,27
207.2763,18,0.07153686,2.565719,5.237958,-0.5582741,-0.000139665,0.000134972,f,15.625,27
207.7772,18,0.002911803,-3.472863,-5.146294,0.6753041,2.393236,-1.465788,f,15.625,27
208.2903,18,-0.05242962,-14.3276,-4.880721,1.453736,0.8272496,-2.688475,f,15.625,27
208.7985,18,-0.2430831,3.808302,0.1525553,-0.4426844,0.03483309,-2.805004,f,15.625,27
209.3007,18,0.1227127,14.75222,9.453119,-1.75769,1.651637,-2.282114,f,15.625,27
209.8024,18,-0.07413194,2.252671,3.946943,-0.35629,2.493984,-1.248901,f,15.625,27
210.3138,18,1.080922,-11.76688,-10.51467,1.705494,1.759781,-2.178978,f,15.625,27
210.8209,18,-0.09700458,-5.68671,0.2292064,0.4797328,0.07350618,-2.791796,f,15.625,27
211.3228,18,0.0981585,-4.278007,0.8383728,0.4599851,-0.2567024,-2.801641,f,15.625,27
211.8306,18,0.4749445,-1.538296,0.8162915,0.1921205,-0.9543871,-2.654608,f,15.625,27
212.3469,18,0.1763544,0.2144832,-0.3813406,0,,,f,15.625,27
212.8589,18,-0.2383167,0.2240179,-0.07627765,0,,,f,15.625,27
213.3647,18,0.1620554,0.2097159,-0.07622997,0,,,f,15.625,27
213.8749,18,0.3050454,-2.692982,0.9914188,0,,,f,15.625,27
214.3824,18,0.2049578,-0.1375668,-0.355971,0,,,f,15.625,27
214.8865,18,0.05733432,-0.04184949,-0.5088707,0,,,f,15.625,27
215.3996,18,-0.07149319,0.2510254,-0.3561141,0,,,f,15.625,27
215.9069,18,-2.731728,-0.8011255,1.108785,0.05406613,-0.5256113,-0.4635221,f,15.625,27
216.418,18,-3.401791,-0.7189527,1.924933,-0.002946752,-0.645974,-0.3886724,f,15.625,27
216.9316,18,-4.008486,-0.8007246,3.431755,-0.0825887,-0.7661903,-0.2671273,f,15.625,27
217.4422,18,-3.41271,0.2025648,4.651959,-0.1821543,-0.8179787,-0.1158348,f,15.625,27
217.9556,18,-2.116276,0.7518831,4.880733,-0.2992513,-0.7499921,0.006424531,f,15.625,27
218.4715,18,-1.093762,0.787128,3.643829,-0.3876083,-0.6199752,0.1045262,f,15.625,27
218.979,18,-0.495517,0.9915228,2.712568,-0.4610265,-0.4866917,0.1626882,f,15.625,27
219.4792,18,0.2043113,-2.122043,-1.146276,-0.6613158,-0.1350992,-0.08274827,f,15.625,27
219.9878,18,1.511494,-2.236885,-1.64782,-0.6623822,-0.1711789,-0.2037262,f,15.625,27
220.4931,18,2.513568,-2.320727,-2.599757,-0.6428229,-0.2078493,-0.3586707,f,15.625,27
220.9949,18,3.78956,-1.99752,-3.158074,-0.5750971,-0.2396227,-0.5282957,f,15.625,27
221.5031,18,4.418395,-1.260727,-2.669146,-0.4472033,-0.2943565,-0.6518404,f,15.625,27
222.0212,18,3.148774,-0.3396604,-1.832721,-0.2628447,-0.344007,-0.6580877,f,15.625,27
222.5247,18,3.927258,0.6806086,-1.402327,-0.09313361,-0.3986371,-0.5956286,f,15.625,27
223.033,18,2.619825,0.6736456,-0.8074447,0.03320451,-0.414311,-0.5470951,f,15.625,27
223.5405,18,1.77387,4.173193,-3.432468,-0.4864692,0.004658919,-0.2399998,f,15.625,27
224.0459,18,1.492465,6.426269,-2.984643,-0.6426874,-0.000810107,-0.3255455,f,15.625,27
224.5593,18,0.2028806,8.231067,-0.7302079,-0.7467639,-0.001064467,-0.3840676,f,15.625,27
225.0825,18,-1.02951,7.626132,2.287853,-0.7096094,0.001275258,-0.3616273,f,15.625,27
225.585,18,-1.845168,4.775863,3.736818,-0.5645833,-0.003058941,-0.2807706,f,15.625,27
226.0893,18,-0.7292501,0.6339626,0.610102,0.3852817,0.8831077,-0.5636436,f,15.625,27
226.5897,18,-0.4724685,-1.529987,-2.364107,0.5302816,0.7937316,-0.6586239,f,15.625,27
227.107,18,-1.37215,-4.050339,-4.406047,0.8024626,0.5163004,-0.8518684,f,15.625,27
227.6172,18,-1.712175,-5.525646,-2.796309,0.6986101,0.2030802,-1.051212,f,15.625,27
228.1257,18,-0.8223931,-2.743037,0.07244372,0.2929574,0.06762978,-1.119677,f,15.625,27
228.6378,18,-0.3689195,-1.154581,0.4575067,0.1078414,0.01836292,-1.121605,f,15.625,27
229.149,18,-0.09532669,0.1191585,0,0,,,f,15.625,27
229.6594,18,-0.1549059,0.06196218,-0.1525076,0,,,f,15.625,27
230.1644,18,-0.06322626,-0.006456267,-0.3812476,0,,,f,15.625,27
230.6765,18,0.0668133,-0.05407198,-0.4575544,0,,,f,15.625,27
231.1912,18,0.03342439,-0.05548485,0.3049886,0,,,f,15.625,27
231.6967,18,-0.131116,0.1162053,0.4576021,0,,,f,15.625,27
232.2043,18,-0.007149505,-0.04766459,-0.07622997,0,,,f,15.625,27
232.7089,18,0.09056037,0.1286917,-0.07622997,0,,,f,15.625,27
233.2162,17,0.01191583,-0.009533216,0.07627765,0,,,f,15.625,27
233.7238,15,0.05719602,0.1954198,-0.07627765,0,,,f,15.625,27
234.2335,13,-0.03455593,-0.3479423,0.1525553,0,,,f,15.625,27
234.741,10,0.1001312,0.107989,-0.3812476,0,,,f,15.625,27
235.2518,6,-0.03817435,0.1653278,-0.3812476,0,,,f,15.625,27
235.759,4,-0.1300232,-0.06361628,-0.3050839,0,,,f,15.625,27
236.2665,4,0.04530565,-0.1128893,0.4576975,0,,,f,15.625,27
236.772,4,-0.0633673,-0.0245672,0.3049886,0,,,f,15.625,27
237.2867,4,-0.02621484,-0.07149391,0,0,,,f,15.625,27
237.7915,4,-0.03455593,-0.01668127,-0.07627765,0,,,f,15.625,27
238.2971,4,0.1227331,-0.04289724,0,0,,,f,15.625,27
238.8025,3,-0.12865,-0.1828188,-0.4575544,0,,,f,15.625,27
239.3206,3,0.05247881,0.09710184,0.3812476,0,,,f,15.625,27
239.829,4,-0.08824542,0.03025891,0.3048932,0,,,f,15.625,27
240.3309,4,0.07867453,0.03266585,0.3812476,0,,,f,15.625,27
240.8313,5,0.08699515,-0.04599419,0.1524704,0,,,f,15.625,27
241.3485,5,0.07149503,-0.03813137,0.07622997,0,,,f,15.625,27
241.854,5,0.007149501,0.2430829,-0.1525076,0,,,f,15.625,27
242.3678,5,-0.09294353,0.01906494,0,0,,,f,15.625,27
242.8779,5,0.1680133,-0.126308,-0.07627765,0,,,f,15.625,27
243.386,5,-0.08595415,-0.08044252,-0.4576021,0,,,f,15.625,27
243.8875,5,0.09065224,0.05085577,-0.4576021,0,,,f,15.625,27
244.3911,5,-0.07983563,0.04603294,-0.3049886,0,,,f,15.625,27
244.899,5,0.1037528,0.03654378,-0.4576021,0,,,f,15.625,27
245.4002,5,0.04295069,0.001758632,0.4194487,0,,,f,15.625,27
245.906,5,0.04414546,0.1327633,0.4575544,0,,,f,15.625,27
246.4193,5,-0.001282123,-0.05079765,0.3048932,0,,,f,15.625,27
246.9408,5,0.1835739,0.05792905,-0.3812476,0,,,f,15.625,27
247.4455,5,0.02977002,0.03409362,-0.3432373,0,,,f,15.625,27
247.9492,5,-0.02390082,-0.02076975,-0.4194487,0,,,f,15.625,27
248.4494,5,-0.1275226,-0.0302291,-0.3812476,0,,,f,15.625,27
248.9675,5,0.06561671,-0.06748378,0.3430942,0,,,f,15.625,27
249.4748,5,-0.2255828,0.03987624,0.5339565,0,,,f,15.625,27
249.9805,5,0.2264009,0.05957999,0.07627765,0,,,f,15.625,27
250.4876,5,-0.09413512,0.0714954,0.03813883,0,,,f,15.625,27
251.0002,5,0.04170543,-0.1000936,0,0,,,f,15.625,27
251.5191,5,0.007149502,0.01906494,0,0,,,f,15.625,27
252.0268,5,-0.07990843,0.03411001,-0.3812476,0,,,f,15.625,27
252.5323,5,0.009524479,-0.008881093,-0.3812476,0,,,f,15.625,27
253.037,5,0.03941188,0.04602549,-0.4957078,0,,,f,15.625,27
253.5437,5,0.070343,-0.05319713,0.3812476,0,,,f,15.625,27
254.0602,5,-0.2252093,0.04766459,0.07622997,0,,,,,
254.5603,5,0.1787376,0.1036676,0.1525076,0,,,,,
255.0652,5,0.08341086,-0.02264046,-0.03813883,0,,,,,
255.5711,5,-0.05600443,0.00714954,0.03813883,0,,,,,
256.0836,5,-0.01670765,-0.003581226,-0.03816794,0,,,,,
256.591,5,-0.1205338,-0.02625537,-0.03816794,0,,,,,
257.1019,5,-0.09648107,-0.0681076,0.990799,0,,,,,
257.6102,5,0.03696547,-0.07418896,0.7426106,0,,,,,
258.1133,5,0.08345636,-0.01211802,0.7616323,0,,,,,
258.6159,5,-0.02975053,-0.09312131,0.7997712,0,,,,,
259.1425,5,0.1085997,-0.07637762,-0.09546756,0,,,,,
259.6508,5,-0.001193404,-0.02744812,0.03821565,0,,,,,
260.151,5,0.0966657,0.02506113,0.01908397,0,,,,,
260.6551,5,-0.08234484,0.007160961,0.03816794,0,,,,,
261.1608,5,0.03695275,-0.05028068,0.7425629,0,,,,,
261.6643,5,0.08217479,0.001013063,0.76168,0,,,,,
262.1809,5,-0.03100483,-0.4240293,7.387586,0,,,,,
262.6876,5,0.06567439,-0.269684,7.730549,0,,,,,
263.1986,5,0.02495147,-0.3516619,7.882437,0,,,,,
263.7123,5,-0.0656372,0.08473166,-0.01909445,0,,,,,
264.2175,5,0.192138,0.1408216,0.09547229,0,,,,,
264.7208,5,0.1458114,0.1622354,-0.1505159,0,,,,,
265.2244,5,-0.3517364,2.912943,-0.9345366,0,,,,,
265.7374,5,-0.7419035,-1.727276,-0.5912149,0,,,,,
266.2398,5,-2.338736,2.86203,5.501059,0,,,,,
266.7442,5,7.278789,6.432961,6.142126,0,,,,,
267.2443,5,0,0,0,0,,,,,
