0.4875994,0,0.6554881,-0.1171232,5.894996,-0.2325084,8.013021,-3.042991,f,39,21
0.987806,0,0.7808961,0.1648071,-0.05006795,-0.7223374,11.93653,-4.156642,f,39,21
1.501853,0,0.6813214,-0.02868326,-0.242042,-1.242045,14.73349,-4.058296,f,39,21
2.016788,0,0.8903009,-0.1120559,-0.4874696,-1.724207,14.24168,-3.815499,f,39,21
2.527727,0,1.145602,0.1486394,-0.2932551,-2.249471,13.81314,-3.593882,f,39,21
3.040769,0,0.6526715,-0.02101068,-0.5006795,-2.636981,10.98356,-3.311145,f,39,21
3.540931,0,0.3659729,0.01028182,-0.3361705,-2.882095,7.028828,-3.084661,f,39,21
4.054366,0,0.09059915,0.02682214,-0.1549722,-3.019878,2.691594,-2.969099,f,39,21
4.567157,0,-0.1311303,0.01147392,-0.002384188,-3.025476,-2.13908,-2.954803,f,39,21
5.067555,0,-0.355244,-0.08702295,0.4863744,-2.918542,-6.188747,-3.065678,f,39,21
5.585049,0,-0.4911427,-0.02153222,0.5245214,-2.678825,-10.35169,-3.285456,f,39,21
6.095555,0,-0.6270415,0.05215416,0.2956393,-2.312165,-13.40671,-3.541581,f,39,21
6.60884,0,-0.6222731,-0.05267571,0.634194,-1.812619,-15.54122,-3.795387,f,39,21
7.123172,0,-0.8630761,-0.1924489,0.3719333,-1.304861,-14.82804,-4.041085,f,39,21
7.623202,0,-0.848771,-0.1994524,0.2813342,-0.7866936,-12.108,-4.127522,f,39,21
8.12331,0,-0.735157,0.08471566,0.1335503,-0.3663123,-11.28994,-4.227012,f,39,21
8.637067,0,-3.936546,2.895313,2.331927,-0.0313486,-5.921957,7.972476,f,39,21
9.148338,0,-1.540451,0.3023251,0.5100374,-0.4777495,-6.452037,7.915651,f,39,21
9.650314,0,-3.122178,3.052199,1.525952,-0.9520783,-8.050905,7.907614,f,39,21
10.16646,0,2.085765,-2.411937,-1.74519,-1.539411,-8.220937,7.835754,f,39,21
10.67821,0,2.43695,0.24152,-0.4860168,-2.127203,-8.955617,7.698028,f,39,21
11.19112,0,-0.7161028,-0.3586989,0.3142002,-2.67404,-8.189676,7.40414,f,39,21
11.70582,0,-0.3800753,0.1462747,-0.2662423,-3.137012,-5.408796,7.221011,f,39,21
12.21962,0,0.0207782,-0.1329959,-0.1421334,-3.318573,-1.918218,7.027293,f,39,21
12.73253,0,-0.06846196,0.03105587,0.06583935,-3.298838,2.481624,7.03848,f,39,21
13.23266,0,0.5899137,0.2404255,0.08506783,-3.037669,5.915102,7.270168,f,39,21
13.73296,0,0.5761569,0.2840221,0.2951029,-2.618466,8.368311,7.449463,f,39,21
14.23309,0,0.6292826,0.1128737,0.3144029,-2.070476,9.11276,7.711409,f,39,21
14.73316,0,0.6049669,-0.06603076,0.1238228,-1.509012,8.295259,7.84282,f,39,21
15.2475,0,0.4577,0.1643765,-0.1048566,-0.8637483,8.096972,7.910532,f,39,21
15.74763,0,0.5131503,-0.1214296,0.09536752,-0.4436224,6.384271,7.914547,f,39,21
16.26172,0,0.7414479,0.2276793,-0.4672897,-0.001806995,-4.09437,2.369294,f,39,21
16.77489,0,-0.6818466,-0.02145669,-0.06675567,0.3247997,-9.774573,-3.960425,f,39,21
17.27575,0,-0.7700595,0.1154042,-0.09535333,0.7138266,-12.2948,-3.998965,f,39,21
17.77925,0,-0.7807851,-0.04820304,-0.2860838,1.132671,-13.76875,-3.868307,f,39,21
18.28769,0,-0.8132361,0.1028469,-0.2113156,1.576574,-11.60408,-3.712479,f,39,21
18.78823,0,-0.554933,-0.05706007,-0.3265104,1.834251,-7.94404,-3.430493,f,39,21
19.28831,0,-0.04248725,0.06021906,-0.02174431,1.9222,-1.718118,-3.21291,f,39,21
19.80233,0,0.2938164,0.02175641,0.3076987,1.857191,5.53925,-3.253573,f,39,21
20.31581,0,0.4565412,0.02307927,0.307055,1.693579,10.72417,-3.510391,f,39,21
20.81589,0,0.8511039,-0.02526512,0.1918125,1.344466,12.95004,-3.817239,f,39,21
21.31608,0,0.9326272,-0.03390907,0.3629178,0.9257755,12.4948,-3.948338,f,39,21
21.82898,0,0.8472413,0.09253197,0.1716574,0.4650468,10.08741,-3.920121,f,39,21
22.32944,0,0.6945623,-0.07547093,0,0.1491011,9.297967,-3.955844,f,39,21
22.82976,0,-0.5855143,-0.0159435,-0.05720723,0.6337216,-7.8809,-23.52216,f,39,21
23.34409,0,-0.7442408,0.03106746,-0.1335113,2.35065,-8.540791,-23.32408,f,39,21
23.84448,0,-0.6132314,0.1753787,-0.09536525,4.275031,-10.58266,-23.13555,f,39,21
24.34785,0,-0.8353221,0.1978038,-0.09536525,6.267515,-10.91426,-22.32953,f,39,21
24.8581,0,-0.6410154,0.125909,-0.2098036,8.513228,-10.74789,-21.82598,f,39,21
25.37086,0,-0.8800188,-0.1121064,-0.5170235,10.46064,-8.859962,-20.96953,f,39,21
25.87093,0,-0.3731701,-0.2162004,-0.2505126,11.75149,-5.23497,-20.24604,f,39,21
26.37112,0,-0.2126627,0.08716147,-0.174491,12.30935,-0.6603974,-19.93211,f,39,21
26.88505,0,0.3744814,-0.005086451,0.09802823,12.0654,4.331788,-20.23681,f,39,21
27.39866,0,0.4379202,0.01312639,0.1357112,11.01147,7.956787,-20.94448,f,39,21
27.89942,0,0.6141159,0.000797977,0.3257832,9.259051,10.07481,-21.73688,f,39,21
28.41201,0,0.7176116,-0.001490035,0.362376,7.021009,11.61139,-22.36673,f,39,21
28.91275,0,0.615091,-0.05088514,0.1907305,4.956635,10.3156,-23.12901,f,39,21
29.42607,0,0.5268811,0.03032247,0.09535333,2.831346,8.516387,-23.32101,f,39,21
29.92636,0,0.6293965,0.03851778,-0.01907305,1.145136,7.87541,-23.53304,f,39,21
30.43989,0,0.8534996,-0.06239574,-0.01907305,-0.9260775,13.34901,-19.35343,f,39,21
30.94055,0,1.037784,-0.02423062,-0.171916,-3.443188,14.9534,-19.28056,f,39,21
31.45317,0,1.183521,0.06150957,-0.2106719,-6.019212,18.81042,-18.31612,f,39,21
31.967,0,1.152467,0.04483619,-0.4175528,-9.177821,18.69197,-17.23303,f,39,21
32.47025,0,0.9858144,0.01057935,-0.6293987,-11.78106,18.02106,-15.5184,f,39,21
32.98235,0,0.7354926,-0.06135273,-0.8010442,-13.8375,14.22479,-13.52439,f,39,21
33.49594,0,0.472046,0.1484833,-0.6484599,-15.3665,10.24874,-12.07842,f,39,21
33.99666,0,0.2670227,0.02968919,-0.3051569,-16.08765,6.30242,-10.8465,f,39,21
34.50914,0,0.1294106,0.1748944,-0.1716455,-16.60347,2.45129,-10.26542,f,39,21
35.02789,0,-0.107572,0.1516124,-0.0762922,-16.62451,-1.531231,-10.1611,f,39,21
35.53793,0,-0.2384131,-0.00901481,0.1716455,-16.34231,-5.090592,-10.61227,f,39,21
36.03837,0,-0.4315158,0.001713594,0.4958874,-15.70498,-8.722195,-11.60641,f,39,21
36.55119,0,-0.5900605,-0.185958,0.6103257,-14.32401,-13.00463,-12.99117,f,39,21
37.05227,0,-0.9429001,-0.01802953,0.7629101,-12.66925,-16.85066,-14.94951,f,39,21
37.56494,0,-1.158131,-0.2539814,0.5665951,-9.888592,-18.50954,-16.51491,f,39,21
38.06832,0,-1.027849,-0.01975423,0.569361,-7.176361,-18.97369,-18.20029,f,39,21
38.57904,0,-1.078705,0.07812901,0.4948975,-4.278697,-15.12717,-18.89302,f,39,21
39.08953,1,-1.038424,0.0145648,0.03837625,-1.745138,-13.89412,-19.4873,f,39,21
39.59175,1,-1.005352,-0.08041903,-0.2288031,-0.4518638,-15.08986,15.46542,f,39,21
40.09207,2,-1.171811,0.05036844,-0.2283381,-2.628731,-17.03388,15.29825,f,39,21
40.6063,2,-1.37323,0.1403625,-0.6103138,-5.361254,-21.12928,14.66525,f,39,21
41.10687,2,-1.270706,0.04716003,-0.6484718,-7.95142,-20.87096,13.40829,f,39,21
41.62072,2,-0.796276,-0.07040475,-0.7628981,-10.03294,-15.34947,11.88236,f,39,21
42.1211,2,-0.3707324,0.01780606,-0.3051688,-11.16956,-7.623713,10.80152,f,39,21
42.62128,2,-0.03336592,-0.02436228,-0.0381461,-11.48845,0.3801266,10.44863,f,39,21
43.13479,2,0.3528395,0.01437897,0.4195952,-11.04702,8.773599,10.92222,f,39,21
43.63736,2,0.9423159,0.02138221,0.8010442,-9.761495,16.4315,12.07604,f,39,21
44.14867,2,1.297236,0.03993327,0.6484718,-7.546602,21.4304,13.5947,f,39,21
44.64876,2,1.518358,-0.07100078,0.4577413,-4.938118,21.33929,14.80866,f,39,21
45.1627,2,1.306808,0.07561994,0.2670227,-2.278098,16.86131,15.39724,f,39,21
45.67645,2,0.9132689,-0.02495831,0.1144383,-0.134781,14.70881,15.39912,f,39,21
46.177,2,0.9241652,-0.01881187,-0.1144383,-1.449461,13.32598,-14.03679,f,39,21
46.68967,2,1.191517,-0.1378294,-0.3051569,-3.243418,16.95866,-13.5725,f,39,21
47.20718,2,1.288295,-0.08977535,-0.4577413,-5.274163,16.71261,-12.86563,f,39,21
47.7181,2,0.9166746,0.173367,-0.8773364,-7.217831,16.10765,-12.0466,f,39,21
48.21825,2,0.7009107,0.04745799,-0.4577413,-8.716953,11.9443,-11.14665,f,39,21
48.73132,2,0.1724845,-0.06643438,-0.238865,-9.630054,5.568689,-10.45996,f,39,21
49.23152,2,-0.03676681,-0.01275292,0.06567716,-9.819284,-1.046866,-10.2673,f,39,21
49.734,2,-0.2309609,-0.01648341,0.1810086,-9.393167,-7.900574,-10.63088,f,39,21
50.24516,2,-0.7641154,0.1083444,0.4652957,-8.250849,-14.02223,-11.44757,f,39,21
50.74591,2,-1.050668,-0.06143472,0.4625417,-6.631718,-17.11222,-12.39115,f,39,21
51.25918,2,-1.15628,0.01251641,0.3433149,-4.665521,-16.89499,-13.20476,f,39,21
51.7596,2,-1.120518,-0.06355055,0.2670108,-2.621484,-14.21274,-13.64578,f,39,21
52.26321,2,-0.9131014,0.00059601,0.0381461,-0.9619151,-12.84597,-14.04276,f,39,21
52.77343,2,-0.6246282,-0.05565331,-0.0381461,0.7083653,-9.827816,-22.36246,f,39,21
53.28675,2,-0.6937658,-0.02294673,-0.1907186,2.806683,-10.7545,-22.27748,f,39,21
53.80081,2,-0.8725712,0.01177138,-0.1144383,5.236263,-13.38074,-21.86248,f,39,21
54.30092,2,-0.9727017,-0.06697765,-0.343303,7.652958,-13.14025,-20.85639,f,39,21
54.81464,2,-0.7176056,-0.01221839,-0.4958874,10.24374,-13.0534,-20.01398,f,39,21
55.31487,2,-0.705679,0.01162236,-0.3814491,12.26282,-10.6261,-18.81696,f,39,21
55.8154,2,-0.3468911,0.0678717,-0.2288766,13.57221,-6.385698,-17.79903,f,39,21
56.3273,2,-0.06675567,-0.1783587,0.1144383,14.16688,-0.8709857,-17.36035,f,39,21
56.82858,2,0.2455655,0.01013228,0.1907305,13.93822,4.347334,-17.60808,f,39,21
57.34314,2,0.5167485,-0.1265796,0.4195952,12.83192,9.049449,-18.44697,f,39,21
57.85604,2,0.8767464,0.07368288,0.1907305,10.93099,11.95876,-19.46517,f,39,21
58.36937,2,0.917376,-0.1013471,0.4547449,8.496268,14.22591,-20.68509,f,39,21
58.88345,2,0.7259836,0.05480616,0.07781354,5.930968,13.46203,-21.72875,f,39,21
59.38404,2,0.7583423,-0.01195225,-0.03760134,3.419666,10.96337,-22.00602,f,39,21
59.8845,2,0.6827149,0.1184968,0.1146042,1.390264,10.14428,-22.47308,f,39,21
60.38717,2,-0.3784549,-0.01272069,-0.07632332,0.3204269,-5.116391,-26.22746,f,39,21
60.8986,2,-0.50675,0.05423035,-0.03809013,1.544776,-5.539785,-26.24603,f,39,21
61.41094,2,-0.5823479,-0.1097048,0,3.056054,-6.878116,-26.17513,f,39,21
61.93054,2,-0.3939658,-0.1187196,-0.1144383,4.723674,-7.750336,-25.84625,f,39,21
62.44002,2,-0.4248105,0.09133998,-0.1525844,6.405071,-7.286144,-25.39815,f,39,21
62.95234,2,-0.3066529,0.09323974,-0.1144383,7.72881,-4.527818,-25.03592,f,39,21
63.45274,2,-0.04410643,-0.03248304,0.0381461,8.331496,-0.5492746,-24.86887,f,39,21
63.95293,2,0.2419834,0.02331932,0.0762922,7.971453,3.777662,-25.00099,f,39,21
64.4678,2,0.5455786,0.08582267,0.0787717,6.762687,6.769492,-25.39461,f,39,21
64.97025,2,0.6504297,-0.06903252,-0.1130317,5.171238,7.457577,-25.82361,f,39,21
65.48154,2,0.4907376,-0.02439823,0.1139019,3.445081,6.8298,-26.11332,f,39,21
65.98208,2,0.4308602,-0.01093627,0.114331,1.903607,5.532592,-26.06878,f,39,21
66.49493,2,0.3392846,0.02246159,9.54E-05,0.6688983,5.226339,-26.3231,f,39,21
67.00842,2,3.689965,-0.04766309,-0.4573479,-1.083412,52.90305,-5.453248,f,39,21
67.52268,2,3.665578,0.03296237,-3.186201,-4.505595,64.40759,-4.56905,f,39,21
68.0369,2,0.6146529,0.1314036,-1.954594,-2.846915,28.95912,-1.14291,f,39,21
68.55021,2,0.09917986,-0.1990255,-0.4749577,-2.603333,6.838238,-0.6130837,f,39,21
69.06447,2,-0.1034117,0.02168206,0.6277984,-2.599689,-8.996625,-0.6173913,f,39,21
69.57803,2,-0.8630078,-0.100908,2.126949,-2.804475,-31.48958,-1.182774,f,39,21
70.09078,2,-3.658449,-0.07139757,3.071071,-3.798881,-68.25436,-4.453995,f,39,21
70.60532,2,-3.310268,-0.01905301,0.5711425,-0.5859654,-49.81438,-4.585941,f,39,21
71.10636,2,0.09767804,0.01171726,0.1907424,-6.07E-12,3.31E-11,4.291632,f,39,21
71.60883,3,-0.00608,-0.1300737,-5.96E-05,8.69E-12,-3.94E-11,4.291608,f,39,21
72.11591,5,0.2108401,0.02393444,0,-9.57E-12,3.69E-11,4.291209,f,39,21
72.62054,5,-0.02861984,-0.2018294,0.03815338,9.74E-12,-3.21E-11,4.291503,f,39,21
73.13233,5,0.04054476,-0.1188021,0.07630675,-6.47E-12,1.85E-11,4.290448,f,39,21
73.64677,5,0.05253882,0.05905521,2.38E-05,1.13E-11,-2.90E-11,4.290054,f,39,21
74.1608,5,0.08812127,0.04085883,0.2288289,3.09E-12,-7.53E-12,4.290605,f,39,21
74.66216,5,-0.03224619,-0.03587722,-2.38E-05,-1.01E-12,2.15E-12,4.290677,f,39,21
75.16348,5,0.02733753,-0.03075052,-0.07630412,2.52E-12,-4.74E-12,4.290006,f,39,21
75.67531,5,0.01663624,-0.000648174,4.77E-05,-1.09E-12,2.09E-12,4.290922,f,39,21
76.17542,5,-8.91E-05,0.05095764,0.07622068,1.60E-12,-2.79E-12,4.290595,f,39,21
76.68806,5,0.0572665,-0.03056225,-0.07624452,1.17E-11,-1.71E-11,4.290059,f,39,21
77.18898,5,-0.4562013,-0.5522068,-0.1526082,-2.51E-12,3.48E-12,4.290637,f,39,21
77.69263,5,0.4755126,0.1689379,0.3811987,4.08E-12,-5.32E-12,4.290496,f,39,21
78.20753,5,-0.08696856,-0.1334911,0,-4.16E-12,4.82E-12,4.290547,f,39,21
78.71628,5,-0.1001476,0.001304724,-0.07612531,1.37E-12,-1.59E-12,4.290758,f,39,21
79.22856,5,-0.1571635,-0.07746659,-0.4573598,7.03E-13,-8.55E-13,4.290692,f,39,21
79.72944,5,-0.7690173,-0.09376108,-0.3812941,0.2357152,-6.813213,-13.72844,f,39,21
80.24394,5,-0.686448,0.08916362,0.1522029,1.125634,-7.477512,-13.6497,f,39,21
80.74436,5,-0.6637153,-0.01665381,-0.0772697,2.207751,-9.121069,-13.59863,f,39,21
81.24789,5,-0.5890443,-0.04046348,0.1502003,3.352253,-9.20803,-13.36862,f,39,21
81.75931,5,-0.4727553,-0.2686229,0.3775868,4.274036,-6.03482,-13.00825,f,39,21
82.27132,5,-0.6177091,-0.2601126,0.5342426,4.593082,0.7747719,-12.80346,f,39,21
82.78564,5,0.3184305,0.2886121,0.3851683,4.128607,7.159765,-13.07398,f,39,21
83.29988,5,0.7158652,-0.08422265,0.230915,3.141626,9.66863,-13.43472,f,39,21
83.8131,5,0.612227,0.1405658,0.2281018,1.951358,9.169712,-13.66449,f,39,21
84.32797,5,0.4690078,-0.08750325,0.000166889,0.8853965,7.310685,-13.70664,f,39,21
84.84157,5,0.3092552,0.09265689,-0.1525129,-0.004096965,7.259598,-8.028725,f,39,21
85.34204,5,0.8141182,0.06392061,0.2285309,0.7106405,10.22331,8.432662,f,39,21
85.84503,5,0.7751645,0.04134691,-0.1539195,1.631599,14.15263,8.386429,f,39,21
86.35605,5,0.7507749,0.03449372,-0.1559579,2.536387,11.33014,8.051827,f,39,21
86.87172,5,0.008773603,-0.05391924,-0.1476016,2.955036,0.5902774,7.753434,f,39,21
87.38279,5,-0.7737579,-0.09180272,0.2250977,2.627711,-10.49551,8.020641,f,39,21
87.89595,5,-0.9642768,0.06289927,0.3797802,1.712736,-14.01232,8.375292,f,39,21
88.39669,5,-0.7307019,-0.02516693,0.1521672,0.786495,-12.04894,8.497348,f,39,21
88.90997,5,-0.5939847,-0.06705713,-0.1525486,0.03868517,-9.076748,8.457753,f,39,21
89.41009,5,-0.4880577,-0.0190041,-0.152346,-0.08835948,-7.564837,1.455411,f,39,21
89.92445,5,-0.5191893,-0.1670156,-0.07706704,-0.2021147,-9.515532,1.445026,f,39,21
90.42824,5,-0.7796109,0.07703105,-0.154444,-0.3262901,-10.46064,1.421712,f,39,21
90.93795,5,-0.7322442,0.02146542,-0.1562083,-0.4458496,-8.845145,1.388775,f,39,21
91.43803,5,-0.3455858,0.01336169,0.2237865,-0.5238041,-3.778978,1.360863,f,39,21
91.95066,5,0.2599676,-0.06916461,0.1526373,-0.5258561,3.395784,1.360295,f,39,21
92.46495,5,0.584434,0.002392261,0.07993992,-0.4463984,8.804562,1.38827,f,39,21
92.97815,5,0.7576531,0.185982,0.07819951,-0.326933,10.43764,1.421539,f,39,21
93.47842,5,0.6604341,-0.09216778,0.000667557,-0.2024596,9.529501,1.444652,f,39,21
93.97868,5,0.4233502,0.004186429,-0.3050734,-0.09234351,7.646213,1.45573,f,39,21
94.49072,5,0.2459205,0.3093881,5.648746,0.1161322,-22.60898,-16.40094,f,39,21
94.99142,5,-8.219519,-0.0501557,3.944569,9.182912,-57.18491,-27.33152,f,39,21
95.49146,5,-6.335638,-0.03824913,-5.594578,29.79743,-47.02095,-25.89865,f,39,21
95.99246,5,2.748856,0.01988477,3.852375,30.93354,30.02566,-23.33032,f,39,21
96.50642,5,12.619,0.005923635,4.628695,13.58641,79.38369,-37.6607,f,39,21
97.00705,5,5.946524,-0.0779203,-0.7233454,-5.007119,34.53581,-45.73878,f,39,21
97.52329,5,7.024843,-0.01194226,-3.264353,-21.52957,44.24944,-40.3578,f,39,21
98.035,5,1.595175,0.0301058,-1.156614,-31.76095,9.922712,-34.31794,f,39,21
98.54836,5,-4.841885,0.1564001,3.431528,-27.11016,-34.93721,-37.44902,f,39,21
99.06248,5,-7.065659,-0.1085124,2.016307,-10.75347,-43.79715,-44.01793,f,39,21
99.57623,5,-9.224666,0.08545043,-0.4960423,-10.6657,-54.04209,107.1321,f,39,21
100.0887,5,-6.271676,0.02317892,-5.189718,-66.30621,-42.38541,83.54308,f,39,21
100.5892,5,8.844716,-0.1223054,5.952928,-56.18555,62.05058,90.85171,f,39,21
101.0927,5,9.129726,-0.1807373,0.2289679,-0.5116578,42.65466,87.18307,f,39,21
101.6031,5,4.213827,0.3037957,-1.407543,0.03052979,26.75925,0.1496177,f,39,21
102.1055,5,1.977017,0.7558075,-2.08168,-0.1272842,14.53841,-0.2685757,f,39,21
102.6175,5,-4.051593,0.05182752,1.424995,-0.0136837,-24.19184,-0.07128586,f,39,21
103.1299,5,-4.436987,0.5025946,1.028228,0.01117785,-26.32882,0.1418437,f,39,21
103.6309,5,-12.30166,0.1855772,-1.871448,0.6644691,-71.77521,-3.513221,f,39,21
104.1442,5,-7.255579,0.1693117,-9.575124,3.571093,-65.46194,-2.615044,f,39,21
104.6485,5,0.2564372,-0.1529808,-1.592778,6.770498,-4.950294,-2.520393,f,39,21
105.158,5,3.747139,-0.1849775,7.765449,5.644527,47.09727,-3.224613,f,39,21
105.6713,5,14.90365,0.1238486,5.671658,1.286822,78.00237,-3.846605,f,39,21
106.1846,6,7.797486,0.1171765,-1.561701,2.891495,44.55159,16.2053,f,39,21
106.6867,7,6.88096,0.1860895,-6.182148,9.696705,54.45523,13.03763,f,39,21
107.2011,7,2.191875,0.03501269,-3.02141,12.11607,20.42937,8.012813,f,39,21
107.7134,7,-0.6282663,0.04785831,1.395599,11.7565,-10.66689,7.174535,f,39,21
108.2149,7,-5.180598,0.0238479,5.549829,11.47955,-44.88956,11.43427,f,39,21
108.727,7,-8.93365,-0.05413384,2.794059,4.928488,-55.51165,16.14315,f,39,21
109.2279,7,-4.356095,0.1551413,-0.2665459,-0.05848831,-26.61483,1.207999,f,39,21
109.7415,7,-6.156291,0.02439208,-1.87984,-0.3494461,-38.57116,0.9812443,f,39,21
110.2419,7,-2.357358,0.06147847,-1.215001,-0.9982494,-13.82568,1.471603,f,39,21
110.7554,7,3.930121,-0.2104287,2.83497,-0.7128797,28.15593,1.249705,f,39,21
111.2566,7,5.948264,0.04749001,1.483168,-0.2136457,35.19499,0.990333,f,39,21
111.7696,7,-5.096716,-0.1340065,0.1526135,-2.797275,-31.22842,60.75572,f,39,21
112.2699,7,-6.660077,-0.09547398,-2.442245,-22.75296,-38.91403,55.87468,f,39,21
112.7736,7,3.799289,0.09513865,2.365891,-28.12986,25.43237,53.93697,f,39,21
113.2842,7,6.778574,0.07470824,0.4207515,-7.423046,34.11675,59.8403,f,39,21
113.7979,7,7.713332,0.09255444,-1.713475,9.37335,42.47406,48.31407,f,39,21
114.3116,7,5.961496,0.05820414,-4.271696,29.31838,40.23626,39.07298,f,39,21
114.8261,7,-2.205989,0.02564124,1.996829,32.44984,-19.60949,35.19123,f,39,21
115.3264,7,-8.766665,0.001736504,3.637803,18.67569,-50.94027,46.68729,f,39,21
115.84,7,-7.158806,-0.007904699,0.1915411,-0.9883502,-46.83643,40.10564,f,39,21
116.353,7,-10.11387,-0.06343316,-5.631938,-20.60731,-67.11735,34.32802,f,39,21
116.8534,7,-1.185843,-0.05612217,-1.406184,-33.21762,-8.376112,26.68026,f,39,21
117.3574,7,7.12109,0.04932768,6.096891,-24.99176,55.60965,31.09964,f,39,21
117.8667,7,9.14303,-0.04822972,0.8790292,-4.640178,51.32679,40.1928,f,39,21
118.3674,8,16.17888,0.1970248,-9.016594,1.856898,105.9078,3.117622,f,39,21
118.8812,8,2.398579,-0.1025666,-5.268429,-2.579972,31.90019,-1.047674,f,39,21
119.3816,8,-0.7510967,-0.05198483,2.808208,-3.494802,-19.49174,-1.263511,f,39,21
119.8855,8,-12.22609,0.02479087,11.88518,1.258469,-93.37089,1.390389,f,39,21
120.3945,8,-1.723683,0.01242873,0.0381461,0.2882009,36.21563,27.04671,f,39,21
120.895,8,8.925258,0.04267299,-3.485647,11.21323,51.63402,25.69152,f,39,21
121.3951,8,2.844698,-0.03847517,-2.304215,18.24994,20.17677,18.53754,f,39,21
121.9082,8,-4.591091,-0.04881769,3.968619,17.20261,-36.55654,20.55,f,39,21
122.4225,8,-8.556826,-0.06486271,1.952317,6.848446,-52.09909,27.13012,f,39,21
122.9238,8,-6.534945,-0.08589271,-0.952365,-2.848422,-38.27385,27.34547,f,39,21
123.437,8,-7.971748,-0.06223458,-4.287478,-12.71166,-50.88371,23.04228,f,39,21
123.9502,8,-3.719364,-0.07088786,-4.305502,-22.89058,-31.01236,18.17042,f,39,21
124.4504,8,-0.8151345,0.02423535,-0.9733454,-26.14093,-4.529294,14.9465,f,39,21
124.965,8,1.876836,0.06093262,2.793129,-24.28586,21.50795,16.28704,f,39,21
125.4652,8,6.442447,0.1292444,5.191756,-17.1211,48.45466,21.47152,f,39,21
125.978,8,7.598977,0.05762189,1.645527,-6.526304,41.90481,26.6149,f,39,21
126.4782,8,-6.43486,0.1537398,-0.8003529,-0.6681664,-37.47379,7.466944,f,39,21
126.9831,8,-7.72468,-0.01563421,-3.799065,-3.809128,-48.54761,6.867201,f,39,21
127.4913,8,-1.298255,0.06943126,-0.6256437,-3.974143,-6.896577,4.103152,f,39,21
127.9967,8,5.785762,-0.04109341,4.275558,-4.03764,41.44285,5.845818,f,39,21
128.5054,8,7.456933,-0.03180039,1.372712,-1.248686,39.59513,7.260814,f,39,21
129.0059,8,6.19862,0.08821443,-0.4575706,3.658369,34.92239,27.53678,f,39,21
129.5178,8,7.023193,0.1414261,-3.813072,13.03334,44.75273,24.18323,f,39,21
130.0195,8,2.924151,0.114541,-3.20297,19.54334,23.87252,18.42268,f,39,21
130.5228,8,-0.8352879,0.02081546,0.9151173,20.38377,-7.872279,16.61676,f,39,21
131.0318,8,-4.753218,0.09700232,3.965604,17.45712,-36.51592,21.32337,f,39,21
131.5465,8,-6.995326,0.05537596,2.502671,8.131893,-44.69517,26.81501,f,39,21
132.0467,8,-3.085322,0.1982126,0.3822491,-0.451172,-17.999,49.55407,f,39,21
132.5473,8,-4.511804,-0.1727247,-0.2351679,-9.729458,-24.69841,48.40468,f,39,21
133.0599,8,-2.531953,-0.07273584,-0.7165681,-19.44853,-13.22569,45.96753,f,39,21
133.56,8,3.389713,0.02561334,1.883728,-16.89555,22.74148,46.73587,f,39,21
134.0651,9,4.041808,-0.08116002,0.2317818,-5.737225,24.27073,49.0186,f,39,21
134.5741,10,4.893496,-0.006027647,-0.8391835,-1.98252,27.50219,-27.02187,f,39,21
135.0742,10,4.331303,-0.009624739,-2.036198,-9.653606,25.16382,-25.27907,f,39,21
135.5749,10,-5.938621,-0.02852749,1.618514,-7.490234,-35.25842,-26.05544,f,39,21
136.088,10,-2.981343,-0.02144853,-0.1525076,0.1276139,-16.22044,-32.01563,f,39,21
136.5883,10,-3.533044,-0.008713455,-0.7626335,5.158911,-22.17304,-31.60019,f,39,21
137.1023,10,-3.87754,-0.08021273,-1.016215,11.63015,-22.50781,-29.91791,f,39,21
137.6067,10,-1.557683,-0.06319954,-0.5838897,16.32395,-8.626967,-28.44376,f,39,21
138.1162,10,1.856758,-0.04842759,1.403138,15.39589,13.28568,-28.46186,f,39,21
138.6165,10,3.868359,-0.03148995,1.887209,10.12723,24.26376,-30.46975,f,39,21
139.1288,10,3.437887,-0.07887437,0.07964517,3.754698,18.25727,-31.94637,f,39,21
139.6295,10,14.6035,0.122751,-2.512686,15.16423,87.23389,96.11787,f,39,21
140.1302,10,5.162343,-0.09438042,-7.090233,82.07351,47.58976,57.03186,f,39,21
140.6302,10,-9.456052,-0.04378007,9.665586,70.30025,-80.32671,64.6301,f,39,21
141.143,10,-7.687502,-0.1774715,-0.1525076,-1.587943,-47.90725,59.14565,f,39,21
141.6449,10,-10.49785,0.07551655,-6.253432,-31.36234,-66.8616,50.08556,f,39,21
142.1618,10,-2.147216,-0.00714954,-2.897931,-50.84823,-21.22216,32.825,f,39,21
142.6704,10,2.397454,0.09882686,3.660541,-49.88791,27.64236,33.9681,f,39,21
143.1706,10,10.70757,0.05324891,6.253432,-29.49734,68.84177,52.17432,f,39,21
143.6711,10,3.660545,0.2157511,0,-0.1774093,57.20893,-25.03677,f,39,21
144.1849,10,12.30208,0.02640771,-10.39682,-36.96356,85.39686,-39.78375,f,39,21
144.6991,10,1.619372,0.08567743,-3.375536,-58.21742,21.75691,-21.44973,f,39,21
145.2119,10,-1.512304,-0.1708327,2.92256,-58.01447,-22.46028,-21.47359,f,39,21
145.7163,10,-11.45112,0.03793597,10.25856,-37.4312,-87.08727,-40.92873,f,39,21
146.2262,10,-10.62796,-0.7263448,0.7626335,-0.09593078,-38.75821,-25.0742,f,39,21
146.7264,10,-4.178585,-0.1321913,-0.4575706,-2.857924,-24.16138,16.23717,f,39,21
147.2408,10,-3.840662,0.007585405,-1.327118,-6.414496,-23.71811,15.20752,f,39,21
147.7543,10,-0.3342951,0.04601566,0.1797501,-8.142185,0.1437866,14.43918,f,39,21
148.2664,10,3.9375,-0.06402874,1.326402,-6.255424,23.30265,15.19989,f,39,21
148.7676,10,4.193551,0.05368635,0.234214,-2.843358,24.17749,16.24355,f,39,21
149.2697,10,3.152062,1.272491,-0.8399943,0.01487499,6.480856,-13.8328,f,39,21
149.7821,10,0.08817723,0.01035186,0,5.30E-11,-5.93E-11,-40.19863,f,39,21
150.2829,10,0.05481283,-0.0216719,0,-2.92E-11,7.63E-11,-40.18328,f,39,21
150.7958,10,-0.02383168,0.02897038,0,0,0,0,f,39,21
151.3097,10,0.1596722,0.001563956,0,0,0,0,f,39,21
151.8233,10,0.2217209,-0.02540327,0.3815815,0,0,0,f,39,21
152.324,10,0.01660118,-0.004073916,0.07640214,0,0,0,f,39,21
152.8372,10,-0.004804551,-0.04424225,0.3815815,0,0,0,f,39,21
153.3505,10,7.774418,0.03599467,-14.69086,-2.70E-12,87.27731,5.64E-13,f,39,21
153.8646,10,-20.93316,0.04096069,20.89562,1.88E-12,-175.8681,-4.59E-12,f,39,21
154.365,10,0.00089369,0.05272758,0,0,0,0,f,39,21
154.865,10,0.04528018,-0.1851423,0.1525076,0,0,0,f,39,21
155.3653,10,-0.0732824,0.0950288,0,0,0,0,f,39,21
155.8788,10,-1.438242,-0.09137955,-0.1525076,-0.6589561,-9.095376,43.63581,f,39,21
156.3791,10,-8.036041,0.09949727,-1.830282,-10.11759,-47.08891,42.45364,f,39,21
156.8917,10,-4.369587,-0.000249636,-3.059066,-27.19166,-29.51134,34.12585,f,39,21
157.3936,10,-0.6316769,-1.096363,-0.03610263,-25.82934,-3.210391,35.8769,f,39,21
157.9069,10,-0.5805036,-6.870517,-3.144339,-2.902381,-25.23181,57.4574,f,39,21
158.4071,10,1.631343,-4.281238,-3.820345,-9.898995,-36.57739,39.31305,f,39,21
158.9215,10,1.634845,-2.483267,-1.525231,96.24906,77.09408,-18.92394,f,39,21
159.4352,10,9.170433,-5.738654,-7.778655,97.98359,95.59122,51.66217,f,39,21
159.9478,10,7.32109,2.073322,-4.575682,15.27839,104.988,78.5277,f,39,21
160.4622,10,3.422918,1.941196,-2.763473,22.39333,-10.33046,18.09457,f,39,21
160.9628,10,6.61663,12.97127,-3.761875,61.57798,-14.3609,57.67106,f,39,21
161.4629,10,0.6838039,3.588735,0.1938192,18.50966,-2.931655,8.5321,f,39,21
161.9661,10,0.8710893,9.542845,3.117178,43.69547,-15.56885,36.89273,f,39,21
162.4761,10,-3.752742,6.030809,6.147952,37.92133,-9.676558,33.878,f,39,21
162.9769,10,0.7760158,0.002336894,-0.3642157,-0.9724869,-0.06088763,-3.212874,f,39,21
163.4892,10,3.282669,-3.374332,-0.8459498,-7.316684,0.1077333,-25.6634,f,39,21
163.9898,10,0.1714279,-0.6833031,-0.2257249,0,0,0,f,39,21
164.5043,10,-0.647049,-1.776649,-4.728201,-10.14019,30.36939,-9.164466,f,39,21
165.0044,10,-1.562166,-2.246734,-3.508033,-8.299632,24.83984,-13.07474,f,39,21
165.5085,10,-0.9770929,-0.3640351,-0.9151411,4.431054,13.34788,-9.597994,f,39,21
166.0177,10,-6.70862,-3.79877,-4.880721,-21.59898,48.30435,-8.019047,f,39,21
166.5188,10,-1.017615,-0.6595395,-0.3050153,-0.4516838,8.972821,-13.68991,f,39,21
167.0313,10,0.1902304,0.233439,-0.5173598,-13.82816,-14.11211,64.46401,f,39,21
167.532,10,0.09484691,0.1685902,-0.5170259,-13.83875,-14.12331,64.51392,f,39,21
168.0463,10,-0.1799647,0.05684853,0.3642217,-13.83115,-14.11515,64.47855,f,39,21
168.5597,10,-0.1071871,-0.04146795,0.3642217,-13.84095,-14.1233,64.51936,f,39,21
169.0733,10,0.05242897,0.01311022,0,-13.84201,-14.12551,64.52659,f,39,21
169.5742,10,-2.464197,-0.1310784,-0.3050153,-0.01639069,15.14175,1.243965,f,39,21
170.092,10,-1.263079,-0.00715103,-0.1525076,-0.1186931,6.545918,-0.7265735,f,39,21
170.6019,10,3.122587,0.3420808,-0.06686379,3.823499,-9.654824,-45.32524,f,39,21
171.1148,10,10.39441,0.06314384,4.397367,23.26348,-53.25413,-48.91448,f,39,21
171.6283,10,1.376836,-0.09383346,1.637257,30.62212,-2.292127,-31.62534,f,39,21
172.1283,10,-4.585177,-5.944505,-3.979087,-6.350067,39.36574,-48.20217,f,39,21
172.6425,10,-8.012204,-6.069937,0.9151411,-24.78212,25.24473,-54.42806,f,39,21
173.1561,10,-3.198211,0.6887157,-0.3050153,2.972738,-0.09606875,-40.7118,f,39,21
173.6687,11,-12.57835,5.714829,4.270595,-0.1469466,60.77563,-70.9773,f,39,21
174.1827,11,-2.418924,2.1261,2.841616,-25.23954,15.13047,-29.79809,f,39,21
174.683,11,5.533837,11.47206,-4.516048,31.66558,-38.26703,-59.2654,f,39,21
175.1974,12,9.525712,5.336942,2.649537,29.79913,-27.96171,-50.61417,f,39,21
175.6975,12,8.641674,1.277709,3.151779,19.70591,-23.91702,-43.75407,f,39,21
176.2104,12,7.679631,-8.861074,10.11087,36.98755,-42.66979,-66.66574,f,39,21
176.7107,12,-0.2128958,-0.1803105,-0.05159648,0,0,0,f,39,21
177.2251,12,-0.1096015,-0.1382175,0,0,0,0,f,39,21
177.7291,12,-0.1144165,0.2001931,-0.6100901,14.84214,21.43688,5.186447,f,39,21
178.2389,12,-5.242944,0.4432685,-15.70984,-18.38361,96.26419,7.809786,f,39,21
178.7515,12,-1.566268,-0.400837,-1.945345,7.377601,22.4275,-13.72261,f,39,21
179.2565,12,-14.76434,1.027303,-5.209891,-0.791505,93.2827,18.75692,f,39,21
179.7659,12,-2.947742,-0.8785053,0.944153,-7.868055,25.31663,-12.11078,f,39,21
180.2677,12,-10.82564,1.121137,8.825448,13.64283,83.21091,6.528823,f,39,21
180.7802,12,-1.391781,-0.8293526,3.965592,-13.1637,28.47733,1.133554,f,39,21
181.2808,12,11.7347,2.059067,-14.48965,-7.119466,-113.7484,-21.1427,f,39,21
181.7946,12,6.291564,-1.849352,-1.372712,-9.263018,-45.62277,20.18354,f,39,21
182.2954,12,-1.21065,-20.17113,0,-115.5607,6.726866,-4.566331,f,39,21
182.8135,12,-0.1048579,0.03813883,0,0,0,0,f,39,21
183.3226,12,-0.2019506,-0.299194,-0.3220622,0,0,0,f,39,21
183.8363,12,-0.06826772,-0.1942961,-0.3219191,0,0,0,f,39,21
184.3364,12,-0.09705862,-0.2515738,-0.3220622,0,0,0,f,39,21
184.8369,12,0.1415878,-0.2800696,-0.3219191,0,0,0,f,39,21
185.3406,12,0.04929535,0.2182135,0.1695918,0,0,0,f,39,21
185.8494,12,-13.98217,-0.2940671,6.550839,-13.78357,92.77956,-22.27173,f,39,21
186.3537,12,-0.6241654,-0.1490605,1.421094,14.21202,24.75507,14.2832,f,39,21
186.8633,12,-1.587195,1.091486,12.96443,-14.4794,77.25899,-9.076931,f,39,21
187.377,12,-0.4241991,0.4718726,-2.592886,39.7203,9.260672,-6.483841,f,39,21
187.8901,12,-0.6958222,0.2470431,-3.371572,43.07282,4.117384,-2.014399,f,39,21
188.3907,12,0.1946299,1.12996,-4.358224,46.04224,-3.048953,3.946684,f,39,21
188.8908,12,1.391692,2.001884,-4.904831,47.73881,-12.53821,11.50381,f,39,21
189.391,12,2.703715,2.538749,-4.381629,43.29605,-17.6913,20.39077,f,39,21
189.8918,12,3.025825,2.467337,-2.763831,33.45903,-17.63083,27.31688,f,39,21
190.4061,12,2.813311,1.879987,-0.8665586,24.13789,-15.92856,32.35539,f,39,21
190.9062,12,2.077344,1.429896,-0.2425124,17.0759,-14.69637,34.74985,f,39,21
191.4193,12,0.4576975,0.2893278,0.2183804,2.52884,-2.324332,0.5334135,f,39,21
191.9197,12,1.890977,1.842587,0.3722339,11.11017,-10.7142,-2.119247,f,39,21
192.4324,12,1.644385,1.756388,0.6100782,9.304089,-9.288598,-1.607084,f,39,21
192.9465,12,0.1739712,0.1549032,0.1525076,0,0,0,f,39,21
193.4596,12,1.077192,-2.056672,-0.4575706,-11.52309,17.72265,-84.5053,f,39,21
193.9721,12,3.35987,-7.381862,0.0789298,-30.77261,-15.80174,-91.85481,f,39,21
194.4741,12,1.386684,-3.717021,1.018218,0.245036,-32.71412,-82.68991,f,39,21
194.9875,12,-1.810247,0.3655928,-0.1176078,-20.65566,36.55139,80.97512,f,39,21
195.5062,12,-2.737295,3.272085,-1.372664,3.086339,42.16046,84.34296,f,39,21
196.0157,12,-4.913551,5.979367,0.1525553,36.57938,27.67465,88.00057,f,39,21
196.5161,12,-1.262407,1.663449,0.6100782,25.25048,-8.084923,87.26855,f,39,21
197.0165,12,7.200145,-4.251567,-1.067649,-20.21855,-55.51236,99.24014,f,39,21
197.5167,12,11.29815,-7.271042,7.626144,-93.56509,-57.0041,79.31765,f,39,21
198.029,12,2.744229,-2.437285,7.177365,-108.3153,4.661517,35.32733,f,39,21
198.5302,12,-0.6761732,6.378529,-6.725319,-58.97898,68.18822,74.07618,f,39,21
199.0356,12,-8.940791,11.38386,-5.180776,-13.61832,38.27947,129.0926,f,39,21
199.5448,12,-5.993567,3.729517,1.53162,5.258559,-33.22165,106.6046,f,39,21
200.058,12,4.410674,-9.333365,-2.405427,-78.34071,-58.79281,71.41212,f,39,21
200.5633,12,2.557137,-12.9549,5.795862,-117.5375,5.877219,57.52542,f,39,21
201.0709,12,-0.5719632,-4.032323,5.033252,-81.84605,62.01822,42.06065,f,39,21
201.5714,12,3.708214,10.53838,-3.660564,-15.40059,43.6967,114.5047,f,39,21
202.0859,12,-2.530916,12.81548,2.897931,-12.90701,-32.44722,123.5446,f,39,21
202.6048,12,-1.28317,1.068724,-0.8062524,-19.2258,17.99132,-8.553718,f,39,21
203.1127,12,-5.006462,-11.93179,-8.251955,-71.23822,47.42396,-25.08165,f,39,21
203.633,12,-4.422367,-6.774752,1.59071,-37.96257,20.38201,-16.10053,f,39,21
204.1414,13,-0.01429901,-0.0405225,-0.1525553,0,0,0,f,39,21
204.6552,13,0.03813068,0.03575515,0,0,0,0,f,39,21
205.1683,13,-0.004749953,1.265345,-0.8151946,8.523446,-0.02507019,-0.06793205,f,39,21
205.6684,13,-0.03822894,11.10225,-1.295069,66.58036,0.009152773,0.1289451,f,39,21
206.1832,13,-0.04775433,2.651743,1.27542,15.91263,0.02144848,-0.05240744,f,39,21
206.6958,13,0.0333334,4.800601,2.629864,34.94492,0.003596542,-0.006863654,f,39,21
207.2,13,0.02862712,4.301984,6.475391,41.19161,0.008187884,-0.00366554,f,39,21
207.7089,13,0.3384098,-2.63339,-4.42315,-28.90388,-138.9642,78.28558,f,39,21
208.2133,13,0.1715875,-15.35238,-7.168573,-98.7194,-66.34019,146.6702,f,39,21
208.724,13,-0.3098117,2.969427,0,21.39909,1.934517,160.1305,f,39,21
209.2373,13,-0.07149503,15.10452,8.083714,101.2951,-75.12193,142.6635,f,39,21
209.7503,13,0.3211918,2.380103,3.326498,24.34519,-142.0608,75.34815,f,39,21
210.2509,13,0.2995237,-9.810378,-10.19007,-85.23138,-112.667,115.2278,f,39,21
210.7522,13,-0.1433285,-6.729415,-1.142026,-39.52646,-11.92774,160.3345,f,39,21
211.2658,13,-0.2981187,-3.181179,0.6868562,-19.0441,11.08102,161.4409,f,39,21
211.7783,13,0.2149272,-3.076235,1.429989,-16.74678,52.48069,152.7806,f,39,21
212.2803,13,-0.08579402,0.06673103,-0.07627765,0,0,0,f,39,21
212.7858,13,-0.05242969,-0.01906941,0,0,0,0,f,39,21
213.2922,13,0.1096257,0.09532323,0.07627765,0,0,0,f,39,21
213.8067,13,0.00470628,-0.08975582,-0.4322301,0,0,0,f,39,21
214.3197,13,-0.03814523,-0.3804607,-0.5848913,0,0,0,f,39,21
214.8324,13,-0.02378617,0.06598149,0.3561141,0,0,0,f,39,21
215.3336,13,-0.3292465,0.06331076,0.1270984,0,0,0,f,39,21
215.8476,13,-2.592886,-0.8603166,0.6863558,-2.847641,28.23309,27.51431,f,39,21
216.362,13,-3.40793,-1.010464,1.601497,-0.2288767,36.48708,22.58064,f,39,21
216.8752,13,-4.113344,-0.812643,3.126716,4.08542,43.37751,16.20994,f,39,21
217.376,13,-3.712958,0.03337147,4.42315,9.395004,46.5969,7.862643,f,39,21
217.8887,13,-2.487648,0.6100248,4.618538,16.62188,43.34368,0.5265951,f,39,21
218.4082,13,-0.6926268,1.225725,3.69147,21.97871,36.34297,-5.380609,f,39,21
218.9176,13,0.09648035,1.111002,2.789262,25.83299,28.67646,-8.988168,f,39,21
219.4182,13,0.968905,-1.792112,-1.374159,37.80204,7.358804,4.247838,f,39,21
219.9189,13,1.453214,-2.126002,-1.423079,37.95336,9.297325,10.65161,f,39,21
220.4316,13,2.255053,-2.715627,-2.287842,37.13226,11.54621,19.57089,f,39,21
220.9461,13,3.67961,-2.661995,-2.974197,33.51308,13.78137,29.54296,f,39,21
221.4508,13,4.638849,-1.537138,-3.050451,26.71047,16.374,36.98532,f,39,21
221.9514,13,4.628111,-0.02860412,-1.982802,16.72518,19.62619,37.90872,f,39,21
222.4599,13,3.622414,0.738749,-1.067673,6.712891,22.30692,34.49635,f,39,21
222.96,13,2.627707,0.5906619,-0.8059901,-1.124458,23.68491,31.58459,f,39,21
223.4728,13,1.799254,3.229564,-3.806944,27.22586,-0.2771236,13.43837,f,39,21
223.9743,13,1.827034,5.60547,-3.5687,36.00483,0.05320593,18.23473,f,39,21
224.4869,13,0.4584605,8.287301,-0.8095193,42.50163,0.06014896,21.86004,f,39,21
224.9875,13,-1.175291,7.814062,2.237409,41.2022,-0.07778605,20.99123,f,39,21
225.493,13,-1.891907,5.34772,3.786055,33.38624,0.1042324,16.55377,f,39,21
226.0009,13,-1.788866,2.978976,3.584287,26.62696,0.4121191,13.12299,f,39,21
226.5151,13,-0.3962028,-1.258319,-1.830258,-29.02911,-46.77049,36.64454,f,39,21
227.0277,13,-1.309209,-3.705551,-4.165586,-44.57424,-32.62172,46.89796,f,39,21
227.5282,13,-1.756468,-5.771986,-3.169449,-44.65708,-13.3829,58.89388,f,39,21
228.0421,13,-0.8981707,-3.090143,-0.2347386,-19.43353,-4.529666,63.513,f,39,21
228.5422,13,-0.4442152,-1.129987,0.3045116,-7.260472,-1.404284,64.59923,f,39,21
229.0557,13,0.03930633,-0.331453,8.34629,0,0,0,f,39,21
229.5569,13,0.07871547,-0.4053875,8.11719,0,0,0,f,39,21
230.0576,13,-0.02145032,-0.07636325,-0.07634869,0,0,0,f,39,21
230.5698,13,-0.07983612,-0.03813068,0.07626134,0,0,0,f,39,21
231.0839,13,0.04647176,-0.06672869,-0.1525227,0,0,0,f,39,21
231.5849,13,0.07030345,-0.02383169,-0.07626136,0,0,0,f,39,21
232.0849,13,-0.09651828,-0.4766335,0.6100909,0,0,0,f,39,21
232.5853,13,0.1763544,0.2097187,-0.3050455,0,0,0,f,39,21
233.0976,13,-0.07030345,0.4718671,-0.6100909,0,0,0,f,39,21
233.5984,13,-1.82074,-2.01616,-0.6863522,0,0,0,f,39,21
234.1111,13,0.09664156,1.174666,0.7642441,0,0,0,f,39,21
234.6154,13,-0.05354072,-0.02843055,0.000407615,0,0,0,f,39,21
235.1258,13,-0.02157863,0.182169,-0.1526392,0,0,0,f,39,21
235.6263,13,0.1383101,0.4916585,-0.5346156,0,0,0,f,39,21
236.1314,13,0.02644778,0.2100426,0.07640693,0,0,0,f,39,21
236.6433,13,0.2990875,0.1096257,0.5338295,0,0,0,f,39,21
237.1528,13,0.8126602,-0.5242968,0.2287841,0,0,0,f,39,21
237.6672,13,-1.996424,1.001447,0.8394862,0,0,0,f,39,21
238.1674,13,6.310007,0.4281328,-0.3815105,0,0,0,f,39,21
238.6813,13,0.498727,0.2054747,2.366926,0,0,0,f,39,21
239.1817,13,1.575116,0.6840845,-0.6085182,0,0,0,f,39,21
239.6948,13,-0.1179563,-0.05659908,-0.609683,0,0,0,f,39,21
240.1953,13,-0.4892657,0.03770142,1.528721,0,0,0,f,39,21
240.7131,13,3.392439,-0.8531737,2.592886,0,0,0,f,39,21
241.2218,13,2.951553,-2.049524,8.236228,0,0,0,f,39,21
241.7221,13,4.634069,-10.12846,-1.67775,0,0,0,f,39,21
242.2232,13,1.183243,-1.220182,2.516625,0,0,0,f,39,21
242.736,13,2.839544,-4.480355,-1.754011,0,0,0,f,39,21
243.2492,13,-2.48495,-4.140384,-5.82E-05,0,0,0,f,39,21
243.7638,13,-16.70605,6.423817,-10.37812,0,0,0,f,39,21
244.2643,13,-0.2927765,9.325352,-1.222278,0,0,0,f,39,21
244.7777,13,29.77298,26.26267,-22.00374,0,0,0,f,39,21
245.2778,13,11.52532,0.7069426,-6.415736,0,0,0,f,39,21
245.778,13,2.604479,5.56283,-1.450276,0,0,0,f,39,21
246.2923,13,-0.3360266,0.1096257,0.2287841,0,0,0,f,39,21
246.7925,13,0.1274995,0.02383167,0.07626136,0,0,0,f,39,21
247.3064,13,0.005939264,-3.64E-06,0,0,0,0,f,39,21
