0.491234,0,0.8528354,0.03583725,5.588032,-0.2325084,8.013021,-3.042991,f,2.25,24
0.9946095,0,0.8941838,0.02168123,-0.1335145,-0.7223374,11.93653,-4.156642,f,2.25,24
1.495628,0,1.027838,0.09357866,-0.2645845,-1.220745,14.75103,-4.063175,f,2.25,24
2.0083,0,0.9558659,0.1025188,-0.4230967,-1.724207,14.24168,-3.815499,f,2.25,24
2.522052,0,0.6443268,-0.03784902,-0.8344658,-2.249471,13.81314,-3.593882,f,2.25,24
3.022655,0,0.5501514,0.2383445,-0.6103522,-2.623357,11.11263,-3.320227,f,2.25,24
3.52553,0,0.27895,-0.02264981,-0.4148487,-2.876075,7.066089,-3.093411,f,2.25,24
4.036474,1,0.01549722,0.1407417,-0.1430513,-3.017129,2.698668,-2.97154,f,2.25,24
4.549245,1,-0.05364423,0.04284092,-0.08583077,-3.026123,-1.605503,-2.951649,f,2.25,24
5.049958,1,-0.2074244,0.0713022,0.2956393,-2.925986,-6.067957,-3.060014,f,2.25,24
5.550514,1,-0.6222731,-0.06750239,0.5006795,-2.703046,-10.30811,-3.266365,f,2.25,24
6.064762,1,-0.6461149,-0.1175704,0.5817419,-2.327291,-13.3403,-3.52888,f,2.25,24
6.565248,1,-0.9775171,-0.1481923,0.3623966,-1.857881,-15.53596,-3.784003,f,2.25,24
7.078678,1,-1.165874,0.03285712,0.3623966,-1.367046,-14.80073,-4.020496,f,2.25,24
7.578765,1,-0.951291,0.009387746,0.2050402,-0.8359635,-12.1685,-4.105064,f,2.25,24
8.079821,1,-0.6356528,-0.1065431,0.03335479,-0.4164769,-11.40878,-4.223677,f,2.25,24
8.584508,1,-0.6747602,0.09789689,0.03814701,-0.00137662,-8.397958,-2.154557,f,2.25,24
9.095031,1,-0.2737167,0.08500672,0.4291539,-0.4244069,-6.400332,7.919128,f,2.25,24
9.606722,1,-0.6710134,0.09059465,-0.143099,-0.9074414,-8.023331,7.906587,f,2.25,24
10.12065,1,-0.5680715,-0.01915346,-0.09520063,-1.496438,-8.22463,7.847235,f,2.25,24
10.62119,2,-0.6841905,0.06637648,-0.1427413,-2.074863,-9.029657,7.709557,f,2.25,24
11.13376,3,-0.6167477,0.00379604,-0.2378943,-2.622346,-7.954795,7.4814,f,2.25,24
11.63445,3,-0.3873054,-0.0312187,-0.2186062,-3.072456,-5.903145,7.254484,f,2.25,24
12.14738,3,-0.1590373,-0.05096098,-0.1344205,-3.299912,-2.29768,7.036997,f,2.25,24
12.65031,3,0.05550986,0.05148331,-0.03906492,-3.306061,1.855692,7.034534,f,2.25,24
13.16225,3,0.3709737,0.01728261,0.14385,-3.117005,5.427554,7.232485,f,2.25,24
13.67604,3,0.5611783,0.01922165,0.2580764,-2.673109,8.190406,7.406357,f,2.25,24
14.17635,3,0.448436,-0.01497641,0.03849272,-2.139621,9.017638,7.695193,f,2.25,24
14.68928,2,0.5441164,-0.06988706,0.2287032,-1.525712,8.143006,7.835625,f,2.25,24
15.2038,2,0.5781581,0.01535658,0.04775529,-0.9653074,8.06542,7.90456,f,2.25,24
15.7174,2,0.4213941,0.01796431,-0.01904966,-0.4503068,6.458379,7.912837,f,2.25,24
16.21911,2,0.3610507,0.03493037,2.38E-05,-0.04571143,5.93275,7.897224,f,2.25,24
16.73003,2,-0.7676449,-0.08881254,-0.2097659,0.2977076,-9.707841,-3.963491,f,2.25,24
17.23069,2,-0.8290794,0.06042478,-0.304933,0.677929,-12.24374,-4.002002,f,2.25,24
17.73086,3,-0.7948357,0.1204078,-0.2854299,1.10186,-12.17723,-3.888571,f,2.25,24
18.23093,3,-0.7594357,-0.009396282,-0.3038124,1.5351,-11.96358,-3.736512,f,2.25,24
18.74754,3,-0.6019812,-0.05788836,-0.3051688,1.8133,-8.404086,-3.443793,f,2.25,24
19.25933,3,-0.09000096,-0.001788057,-0.1144264,1.910534,-2.231668,-3.220454,f,2.25,24
19.77223,3,0.4196011,0.3926276,-0.05721915,1.859045,4.964326,-3.253321,f,2.25,24
20.27258,3,0.7694605,-0.02615034,0.3051569,1.738145,10.42207,-3.48929,f,2.25,24
20.77287,3,0.7718446,0.05662182,0.2860957,1.373718,12.94731,-3.806731,f,2.25,24
21.27723,3,0.7810831,0.1163727,0.4005221,0.9925411,12.2368,-3.929576,f,2.25,24
21.78687,3,0.7625411,-0.1594422,0.1333627,0.4863463,10.05085,-3.912671,f,2.25,24
22.28701,3,0.4873143,-0.03345188,-2.38E-05,0.1707509,9.323765,-3.956457,f,2.25,24
22.8001,3,-0.5767801,0.02049211,-0.05722188,0.5696162,-7.850556,-23.50817,f,2.25,24
23.31547,3,-0.7638659,0.02462634,-0.1143603,2.217545,-8.501225,-23.37196,f,2.25,24
23.82714,2,-0.5930407,-0.05796284,-0.3051688,4.189105,-10.57942,-23.14407,f,2.25,24
24.32788,3,-0.870041,0.03889021,-0.2288766,6.204554,-10.48891,-22.37655,f,2.25,24
24.84178,4,-0.7384667,0.1361158,-0.362376,8.513228,-10.74789,-21.82598,f,2.25,24
25.35594,5,-0.4690659,0.05915495,-0.3051688,10.39231,-9.010551,-21.00001,f,2.25,24
25.85642,5,-0.3945618,0.02696993,0.05721915,11.70891,-5.359513,-20.25612,f,2.25,24
26.36885,5,-0.1256735,0.2595457,0.01623671,12.30935,-0.6603974,-19.93211,f,2.25,24
26.88588,5,0.2898526,-0.1282197,0.2315698,12.0654,4.331788,-20.23681,f,2.25,24
27.39692,5,0.5261552,-0.04629812,0.2310572,11.01147,7.956787,-20.94448,f,2.25,24
27.91031,5,0.6365511,-0.006407166,0.4005221,9.187303,10.05751,-21.78398,f,2.25,24
28.4104,5,0.6448896,-0.01303794,0.381461,7.021009,11.61139,-22.36673,f,2.25,24
28.91127,5,0.8296568,0.09819412,0.2288766,4.956635,10.3156,-23.12901,f,2.25,24
29.41595,5,0.5960194,-0.02831092,0.1335113,2.894049,8.381519,-23.29197,f,2.25,24
29.92479,5,0.5459534,-0.07204382,-0.0381461,1.145136,7.87541,-23.53304,f,2.25,24
30.43914,5,0.810586,0.1344768,-0.0762922,-0.9260775,13.34901,-19.35343,f,2.25,24
30.95224,5,1.190442,-0.03707612,0.1333031,-3.443188,14.9534,-19.28056,f,2.25,24
31.46659,6,1.105253,-0.02050666,-0.1517095,-6.152302,18.84338,-18.31465,f,2.25,24
31.96709,6,1.164334,0.01833086,-0.6464403,-9.177821,18.69197,-17.23303,f,2.25,24
32.46778,7,0.996543,-0.01050485,-0.8964095,-11.78106,18.02106,-15.5184,f,2.25,24
32.98436,7,0.6544321,-0.1139514,-0.8010442,-13.8375,14.22479,-13.52439,f,2.25,24
33.49498,7,0.3528514,-0.08124491,-0.7056909,-15.3665,10.24874,-12.07842,f,2.25,24
33.99561,7,0.2065254,-0.02078613,-0.2479496,-16.08765,6.30242,-10.8465,f,2.25,24
34.50793,7,0.152799,-0.01251636,-0.1907186,-16.60347,2.45129,-10.26542,f,2.25,24
35.00814,7,0.02324528,-0.06712666,0.01907305,-16.62138,-1.08474,-10.14928,f,2.25,24
35.52522,7,-0.126359,0.07800402,0.2479377,-16.34231,-5.090592,-10.61227,f,2.25,24
36.0366,7,-0.5376097,0.1310497,0.4958874,-15.70498,-8.722195,-11.60641,f,2.25,24
36.54948,7,-0.4505889,0.09260646,0.7629101,-14.32401,-13.00463,-12.99117,f,2.25,24
37.06366,7,-0.8933953,-0.06700043,0.7538984,-12.57679,-17.17121,-15.01991,f,2.25,24
37.56525,7,-1.201085,0.00714474,0.6429781,-9.888592,-18.50954,-16.51491,f,2.25,24
38.07712,7,-1.249642,0.03844976,0.4931807,-7.176361,-18.97369,-18.20029,f,2.25,24
38.57718,7,-1.14552,-0.007605545,0.3804959,-4.278697,-15.12717,-18.89302,f,2.25,24
39.0773,8,-0.8524395,0.01030653,0.1142465,-1.841828,-14.00666,-19.49737,f,2.25,24
39.59036,8,-0.8169841,0.02841708,2.38E-05,-0.4518638,-15.08986,15.46542,f,2.25,24
40.09051,8,-1.081169,0.03287711,-0.342835,-2.628731,-17.03388,15.29825,f,2.25,24
40.60443,8,-1.416138,-0.08940288,-0.6484718,-5.361254,-21.12928,14.66525,f,2.25,24
41.10485,8,-1.223035,0.03993329,-0.8392023,-7.95142,-20.87096,13.40829,f,2.25,24
41.605,8,-0.922635,-0.2188135,-0.6866059,-9.96386,-15.81563,11.93146,f,2.25,24
42.10569,8,-0.3707324,0.03211052,-0.5721796,-11.13847,-7.927208,10.8293,f,2.25,24
42.61899,8,0.01430479,-0.06459359,0,-11.4912,0.3112379,10.44918,f,2.25,24
43.1195,8,0.4201912,-0.02175469,0.4577413,-11.08558,8.440164,10.89352,f,2.25,24
43.61959,8,0.8362221,-0.05565328,0.8010561,-9.837875,16.29002,12.03006,f,2.25,24
44.13205,8,1.310044,0.07085177,0.724764,-7.653595,21.33581,13.54804,f,2.25,24
44.64637,8,1.512547,0.0748749,0.4196071,-4.938118,21.33929,14.80866,f,2.25,24
45.16007,7,1.122062,0.01184587,0.2288766,-2.278098,16.86131,15.39724,f,2.25,24
45.6647,7,0.9122353,-0.000819499,0.0381461,-0.134781,14.70881,15.39912,f,2.25,24
46.17434,7,0.9819417,-0.01259091,-0.1144383,-1.449461,13.32598,-14.03679,f,2.25,24
46.69131,7,1.015467,-0.01251636,-0.3814491,-3.243418,16.95866,-13.5725,f,2.25,24
47.20232,7,1.383207,0.06764819,-0.4958993,-5.274163,16.71261,-12.86563,f,2.25,24
47.71573,7,0.995351,-0.06504059,-0.6484718,-7.217831,16.10765,-12.0466,f,2.25,24
48.21598,7,0.7372687,0.1341788,-0.5340335,-8.716953,11.9443,-11.14665,f,2.25,24
48.71603,7,0.3051569,-0.1264305,-0.3051569,-9.613143,5.919828,-10.47614,f,2.25,24
49.21607,7,-0.007152393,0.04350937,0.0762922,-9.818236,-1.034028,-10.25992,f,2.25,24
49.72967,7,-0.2965427,-0.1548184,0.333691,-9.393167,-7.900574,-10.63088,f,2.25,24
50.23303,7,-0.6545899,-0.1503522,0.6029566,-8.324441,-13.53746,-11.40401,f,2.25,24
50.74398,7,-1.019593,0.01627842,0.4242966,-6.631718,-17.11222,-12.39115,f,2.25,24
51.25777,7,-1.287401,0.2296909,0.5340335,-4.665521,-16.89499,-13.20476,f,2.25,24
51.77139,7,-0.8725742,-0.01288893,0.2288766,-2.56803,-13.9904,-13.68083,f,2.25,24
52.27155,7,-0.9583984,0.04656399,-0.0381461,-0.9619151,-12.84597,-14.04276,f,2.25,24
52.78565,7,-0.5483379,0.02264873,-0.0762922,0.7861645,-9.871927,-22.38594,f,2.25,24
53.29824,7,-0.7247595,-0.0499166,-0.0762922,2.806683,-10.7545,-22.27748,f,2.25,24
53.80029,7,-0.9274062,0.05095964,-0.1525725,5.236263,-13.38074,-21.86248,f,2.25,24
54.31178,7,-0.76052,0.03188703,-0.2670227,7.652958,-13.14025,-20.85639,f,2.25,24
54.81196,7,-0.9107143,0.08120761,-0.4577413,10.24374,-13.0534,-20.01398,f,2.25,24
55.32568,7,-0.5483263,-0.04082732,-0.2670108,12.33527,-10.47839,-18.77588,f,2.25,24
55.83959,7,-0.2884679,-0.1187568,-0.3051569,13.61782,-6.00862,-17.7795,f,2.25,24
56.33992,7,-0.03098178,-0.03382407,0.1144383,14.16688,-0.8709857,-17.36035,f,2.25,24
56.85303,7,0.1704654,0.06824417,0.1525844,13.9089,4.623807,-17.627,f,2.25,24
57.35688,7,0.4488008,-0.05103415,0.4577413,12.83192,9.049449,-18.44697,f,2.25,24
57.86776,8,0.7581359,-0.07129879,0.4577413,10.85849,12.52479,-19.53084,f,2.25,24
58.38294,8,0.9325465,0.0441599,0.3081426,8.382485,14.50397,-20.70234,f,2.25,24
58.89375,8,0.9666428,0.1863268,0.1921912,5.930968,13.46203,-21.72875,f,2.25,24
59.40779,8,0.8774139,0.05278492,0.1525844,3.339844,10.86405,-22.04573,f,2.25,24
59.90807,8,0.698581,0.1056816,0.0381461,1.309906,10.13983,-22.46385,f,2.25,24
60.42234,8,-0.3164673,0.08117036,0.0762922,0.4148689,-5.152449,-26.25259,f,2.25,24
60.92581,8,-0.3558986,-0.08530524,-0.1907186,1.644578,-5.565665,-26.20958,f,2.25,24
61.43665,8,-0.5738172,-0.1041171,-0.2670108,3.118862,-6.888438,-26.16686,f,2.25,24
61.93858,8,-0.6729062,-0.005587691,-0.0762922,4.723674,-7.750336,-25.84625,f,2.25,24
62.45055,8,-0.4643006,0.03993331,-0.0381461,6.405071,-7.286144,-25.39815,f,2.25,24
62.95098,7,-0.2261885,-0.05665907,0.0381461,7.72881,-4.527818,-25.03592,f,2.25,24
63.45221,7,-0.08582872,-0.007971752,0,8.331496,-0.5492746,-24.86887,f,2.25,24
63.96657,7,0.3886074,-0.01378289,0.1525844,7.936226,3.97914,-25.0004,f,2.25,24
64.48293,7,0.386873,0.03349322,0.226409,6.695069,6.992692,-25.39647,f,2.25,24
64.99287,7,0.555586,0.1982137,0.2656995,5.108828,7.621708,-25.83003,f,2.25,24
65.49332,7,0.3512272,0.04547805,0.07568424,3.445081,6.8298,-26.11332,f,2.25,24
66.00741,7,0.5489075,0.03041229,-0.1142833,1.846679,5.651269,-26.09828,f,2.25,24
66.50767,7,0.5021699,0.04974932,-0.07631604,0.6141484,5.260165,-26.31341,f,2.25,24
67.01057,7,3.52745,0.0385474,-0.5332825,-1.083412,52.90305,-5.453248,f,2.25,24
67.52125,7,3.475777,-0.008742567,-3.263017,-4.505595,64.40759,-4.56905,f,2.25,24
68.03464,7,0.8692185,-0.01177721,-1.992937,-2.846915,28.95912,-1.14291,f,2.25,24
68.53475,7,0.2063227,-0.01419038,-0.4785935,-2.611487,7.649668,-0.5856414,f,2.25,24
69.03544,7,-0.05320189,0.05347521,0.5511307,-2.602184,-7.925947,-0.6131801,f,2.25,24
69.54859,7,-0.8585733,0.006810303,1.840591,-2.799924,-30.65443,-1.203584,f,2.25,24
70.04998,7,-3.55102,0.07428483,3.110981,-3.847197,-66.2403,-4.314138,f,2.25,24
70.56496,7,-3.627503,0.05325994,0.6472558,-0.7374882,-51.95825,-4.58475,f,2.25,24
71.07668,7,-0.1299533,-0.05284083,0.07631604,-6.91E-12,3.85E-11,4.291524,f,2.25,24
71.58928,8,-0.1179238,-0.01586198,-0.07628028,8.28E-12,-3.75E-11,4.291652,f,2.25,24
72.10388,8,0.05120468,-0.07575627,0.1906947,-9.57E-12,3.69E-11,4.291209,f,2.25,24
72.60402,8,-0.1728194,-0.06087038,0,9.21E-12,-3.06E-11,4.291632,f,2.25,24
73.11715,8,-0.1037721,0.009157671,0.2288289,-6.90E-12,2.04E-11,4.29083,f,2.25,24
73.61723,8,0.1560686,-0.1920485,0.07628028,1.09E-11,-2.86E-11,4.290424,f,2.25,24
74.12112,8,0.02146488,-0.03338981,-0.0763306,2.10E-12,-4.90E-12,4.290888,f,2.25,24
74.63112,8,0.002384982,-0.0454638,0,-1.74E-12,3.29E-12,4.290416,f,2.25,24
75.1458,8,-0.1287197,0.08169812,2.38E-05,2.43E-12,-4.64E-12,4.290094,f,2.25,24
75.65858,8,-0.1180179,-0.1391096,-0.1525963,-8.79E-13,1.38E-12,4.290532,f,2.25,24
76.15909,8,0.02034581,0.04906344,-0.07624452,2.27E-12,-3.49E-12,4.290413,f,2.25,24
76.65932,8,-0.1669045,-0.08423308,5.96E-05,3.53E-11,-5.26E-11,4.290113,f,2.25,24
77.17228,8,0.02978936,-0.07954741,0,-2.04E-12,2.94E-12,4.290984,f,2.25,24
77.69019,8,0.06797733,-0.000657804,-0.07628028,4.08E-12,-5.32E-12,4.290496,f,2.25,24
78.20072,8,-2.91E-05,-0.01186675,0.07624452,-4.16E-12,4.82E-12,4.290547,f,2.25,24
78.70092,8,-0.03583026,0.01826563,0.07624452,1.37E-12,-1.59E-12,4.290758,f,2.25,24
79.21523,8,-0.009593602,0.05103143,0.07628028,9.01E-13,-7.68E-13,4.291416,f,2.25,24
79.72803,8,-0.4139141,-0.01429178,0.07636372,0.2357152,-6.813213,-13.72844,f,2.25,24
80.22886,8,-0.4639862,0.02208227,-0.1522864,1.091167,-7.46567,-13.66622,f,2.25,24
80.74244,8,-0.60787,0.1055807,-0.0772697,2.207751,-9.121069,-13.59863,f,2.25,24
81.25485,8,-0.6166049,0.03095667,-0.002241083,3.352253,-9.20803,-13.36862,f,2.25,24
81.75536,8,-0.4360099,-0.000142326,-0.003731165,4.274036,-6.03482,-13.00825,f,2.25,24
82.25594,8,-0.01252861,-0.01095576,-0.08066708,4.578625,0.364211,-12.81046,f,2.25,24
82.75636,8,0.466646,-0.09154116,0.3014972,4.209909,6.600137,-13.0429,f,2.25,24
83.26924,8,0.6832972,-0.05090455,0.1526373,3.175577,9.51908,-13.42431,f,2.25,24
83.76945,8,0.5729922,-0.123274,0.228956,2.039124,9.141184,-13.6387,f,2.25,24
84.28397,8,0.2810339,-0.0979504,0.07656638,0.9343603,7.443254,-13.69478,f,2.25,24
84.78466,8,0.4278751,-0.02990461,0.07638756,0.1056481,6.643529,-13.70978,f,2.25,24
85.29852,8,0.663462,0.1938635,-0.2286859,0.6204597,10.11113,8.447704,f,2.25,24
85.81151,8,0.9898108,-0.001095525,-0.001215907,1.551247,12.38899,8.391751,f,2.25,24
86.31173,8,0.8719602,-0.09904176,-0.1559341,2.473626,11.90548,8.069156,f,2.25,24
86.82666,8,0.2281256,-0.01726719,-0.1476254,2.950606,1.620457,7.754572,f,2.25,24
87.33949,8,-0.6395134,0.02261661,0.1565659,2.691035,-9.623442,7.999917,f,2.25,24
87.85286,8,-0.9374523,-0.2853897,0.2271481,1.847855,-13.83827,8.355162,f,2.25,24
88.35615,8,-0.8338916,0.2878763,0.3048112,0.8668373,-12.22249,8.497666,f,2.25,24
88.86739,8,-0.6433164,-0.06212491,0.07632796,0.1001648,-9.185574,8.46314,f,2.25,24
89.38119,8,-0.5179175,0.07209996,0.07616107,-0.08457953,-7.544667,1.456642,f,2.25,24
89.88326,8,-0.7965293,0.06071913,0.1520003,-0.1924901,-9.480252,1.446032,f,2.25,24
90.39418,8,-0.6694521,-0.06735497,-0.07805645,-0.3157248,-10.5593,1.423564,f,2.25,24
90.89494,7,-0.6233907,-0.08349369,-0.1560175,-0.4370025,-9.198813,1.391267,f,2.25,24
91.39507,7,-0.225062,0.01001546,-0.08128695,-0.5200105,-4.217224,1.362422,f,2.25,24
91.90837,7,0.1225265,0.001669294,0.005173565,0,0,0,f,2.25,24
92.42334,7,0.3397447,0.08453406,0.07251335,-0.455162,8.560457,1.386667,f,2.25,24
92.93659,7,0.5848333,0.03501718,0.3793391,-0.3373375,10.38507,1.419503,f,2.25,24
93.44952,7,0.6925404,0.01952708,0.1526373,-0.2073227,9.624499,1.444099,f,2.25,24
93.9645,7,0.609296,-0.08238925,0.000166889,-0.09234351,7.646213,1.45573,f,2.25,24
94.47883,7,0.5437042,0.03157597,5.796968,0.006776416,-4.963956,-3.011933,f,2.25,24
94.99165,6,-8.076686,-0.04106951,3.944569,9.182912,-57.18491,-27.33152,f,2.25,24
95.49207,6,-6.353662,-0.04560964,-5.671276,29.79743,-47.02095,-25.89865,f,2.25,24
96.00661,6,3.501001,-0.005468182,4.232882,30.78505,33.39768,-23.75886,f,2.25,24
96.51888,6,12.76885,-0.05009777,4.55207,13.58641,79.38369,-37.6607,f,2.25,24
97.0192,6,5.941717,0.001548754,-0.8761206,-5.007119,34.53581,-45.73878,f,2.25,24
97.53239,8,6.890497,-0.05614946,-3.416698,-21.52957,44.24944,-40.3578,f,2.25,24
98.03378,8,1.527322,-0.02031373,-1.080345,-31.76095,9.922712,-34.31794,f,2.25,24
98.54736,8,-4.770074,-0.03413592,3.278991,-27.11016,-34.93721,-37.44902,f,2.25,24
99.05028,8,-7.326197,0.1159981,1.646529,-11.49131,-43.85249,-43.94079,f,2.25,24
99.56091,8,-9.242609,0.1650405,-0.4201793,-10.6657,-54.04209,107.1321,f,2.25,24
100.0617,8,-6.949289,-0.02336952,-4.958397,-65.07854,-46.46711,84.66557,f,2.25,24
100.5752,8,8.412288,-0.02548413,5.803643,-57.57442,60.01248,88.78004,f,2.25,24
101.0755,8,8.173128,-0.04551372,0.5718577,-2.322061,49.78757,106.3022,f,2.25,24
101.5756,8,4.732298,0.03064673,-0.9568473,0.02957911,26.87384,0.1500839,f,2.25,24
102.0881,9,2.76302,-0.08727559,-1.068485,-0.09560546,15.93213,-0.2110661,f,2.25,24
102.5921,9,-3.649633,0.1331121,1.297453,-0.04441592,-22.99167,-0.05733982,f,2.25,24
103.1026,9,-4.517941,-0.02890756,0.4976636,0.03199898,-26.556,0.1390747,f,2.25,24
103.6162,9,-12.02736,-0.005213776,-1.943973,0.5759391,-70.43871,-3.524737,f,2.25,24
104.1162,9,-7.899628,0.01428377,-9.734646,3.444079,-71.36104,-2.779845,f,2.25,24
104.617,9,-0.3806981,0.003730946,-1.669655,6.761107,-8.519036,-2.526374,f,2.25,24
105.1183,9,3.485171,0.1686081,5.93868,5.735486,42.40364,-3.066018,f,2.25,24
105.6306,9,14.3215,0.1581887,6.277704,1.063835,92.82985,-2.657575,f,2.25,24
106.1451,9,7.416448,-0.1572171,-1.10452,2.395045,43.6331,16.31467,f,2.25,24
106.6588,9,7.871352,0.07150821,-5.727732,9.059944,55.65878,13.20399,f,2.25,24
107.1591,9,2.314085,-0.06300426,-3.695689,11.93642,24.51844,8.354128,f,2.25,24
107.6719,9,-0.4751097,-0.09334746,1.242085,11.82471,-8.341652,7.061918,f,2.25,24
108.1854,9,-5.402036,-0.002514094,5.437536,11.56652,-43.3236,11.27915,f,2.25,24
108.7042,9,-8.835053,-0.05830063,3.079725,5.301755,-56.22977,16.13574,f,2.25,24
109.2127,8,-4.357498,0.06581991,0.1905874,-0.04717476,-26.31864,1.207478,f,2.25,24
109.7259,8,-5.905028,-0.08631819,-2.164553,-0.3336175,-38.77128,0.9838592,f,2.25,24
110.2266,8,-2.280803,-0.03624895,-1.684579,-0.9886544,-15.35727,1.478446,f,2.25,24
110.7441,8,4.021719,-0.11443,2.606046,-0.7128797,28.15593,1.249705,f,2.25,24
111.2549,8,5.906971,0.09173654,1.559317,-0.2136457,35.19499,0.990333,f,2.25,24
111.7675,8,-5.307787,-0.08332545,-0.1526612,-2.797275,-31.22842,60.75572,f,2.25,24
112.2865,8,-6.404492,-0.06369421,-2.845985,-23.57925,-39.52811,55.70603,f,2.25,24
112.7958,8,4.281161,0.0276779,2.119064,-27.68058,28.01721,54.26628,f,2.25,24
113.3095,10,6.369564,0.03324243,0.8764066,-6.745947,33.23304,60.21084,f,2.25,24
113.8235,10,7.955178,-0.08891552,-1.941207,11.22688,51.179,48.94483,f,2.25,24
114.3274,11,5.257939,0.03233508,-4.271362,29.87843,38.10239,38.69748,f,2.25,24
114.8378,11,-2.366417,-0.05055283,1.996662,32.44984,-19.60949,35.19123,f,2.25,24
115.3381,11,-8.730259,0.003656475,3.637946,18.67569,-50.94027,46.68729,f,2.25,24
115.8559,11,-7.349521,-0.03501656,0.03852756,-0.9883502,-46.83643,40.10564,f,2.25,24
116.3657,11,-9.728972,-0.0277782,-6.113962,-21.47197,-65.72798,33.9473,f,2.25,24
116.8661,11,-0.7165506,-0.1412993,-1.187297,-33.23704,-5.713101,26.62272,f,2.25,24
117.3796,12,7.954487,0.09458761,5.95401,-24.51541,57.84789,31.66454,f,2.25,24
117.8935,12,8.70123,0.04155909,1.257486,-3.968503,50.55496,40.23531,f,2.25,24
118.4074,12,15.29252,0.01289383,-10.22682,2.076198,103.7431,2.964381,f,2.25,24
118.9077,12,1.842427,-0.07527613,-5.037092,-2.601291,29.42673,-0.9804866,f,2.25,24
119.4259,12,-1.373689,0.09323096,3.444783,-3.189651,-23.88362,-1.131624,f,2.25,24
119.9354,12,-13.58795,-0.04911065,11.45012,1.55994,-99.14816,2.012471,f,2.25,24
120.4359,12,6.420952,-0.03483472,-0.1904921,1.013118,38.32029,27.48883,f,2.25,24
120.9479,12,8.463642,-0.06954218,-3.94836,12.49596,55.33143,24.75183,f,2.25,24
121.4486,12,1.962855,-0.009295731,-1.696762,18.5814,13.54638,18.22364,f,2.25,24
121.9632,12,-5.903634,-0.08106388,4.122163,16.31618,-42.648,21.17901,f,2.25,24
122.4765,12,-8.40709,-0.1051994,1.797587,5.74515,-48.59343,26.82181,f,2.25,24
122.9945,12,-6.769013,0.07181788,-0.7265878,-3.969811,-39.63276,27.2683,f,2.25,24
123.5044,12,-7.436964,-0.01472397,-4.89095,-14.03394,-48.89299,21.71702,f,2.25,24
124.0047,12,-2.722964,0.115918,-4.081633,-23.4957,-27.81644,17.50026,f,2.25,24
124.5181,12,-0.07724585,-0.09499221,-0.856976,-26.17503,-1.703426,14.80775,f,2.25,24
125.0181,13,2.563561,0.05754888,3.401249,-24.07385,23.58129,16.67976,f,2.25,24
125.5313,13,6.794202,-0.05398088,5.189729,-15.70945,50.5526,22.15485,f,2.25,24
126.049,13,7.245119,0.09131493,1.032758,-4.952681,40.52913,27.26686,f,2.25,24
126.5589,13,-6.988115,-0.008921621,-1.104377,-1.062799,-39.02178,7.401235,f,2.25,24
127.0595,13,-6.748617,-0.01727962,-4.282805,-4.112067,-45.02529,6.660637,f,2.25,24
127.5607,13,-0.08792676,0.05321937,0.1364677,-4.007132,1.785967,4.115053,f,2.25,24
128.0736,13,7.159553,-0.05365548,3.643314,-4.110448,45.93921,6.670759,f,2.25,24
128.574,13,7.002265,0.02083024,0.2322587,-0.9491026,38.70847,7.358059,f,2.25,24
129.0876,13,6.408336,0.03425803,-1.220156,4.991767,36.01421,27.17967,f,2.25,24
129.5906,13,6.730072,0.04669519,-4.118135,14.7237,44.3872,23.58333,f,2.25,24
130.1005,13,2.497186,0.005660946,-2.342641,19.85186,17.70771,17.40181,f,2.25,24
130.6139,13,-0.9133918,-0.03977666,1.770651,20.17186,-12.6477,16.90488,f,2.25,24
131.1156,12,-5.400038,0.01079081,4.580337,16.45653,-40.43703,22.39845,f,2.25,24
131.6275,11,-7.068616,-0.003583399,1.307802,6.255666,-39.35899,26.48199,f,2.25,24
132.128,11,-3.310452,-0.09500619,-0.6870946,-1.734262,-18.89359,49.64982,f,2.25,24
132.6425,11,-4.530106,-0.04520578,-0.9150934,-11.98434,-27.38408,48.00386,f,2.25,24
133.1463,11,-1.152269,0.1021038,-0.4575706,-20.21233,-5.42609,45.68484,f,2.25,24
133.6565,11,4.171732,-0.03165141,1.220204,-14.78712,24.53778,47.10691,f,2.25,24
134.1566,11,3.983466,-0.04572704,0.1525076,-4.246221,20.15168,49.34452,f,2.25,24
134.6616,11,5.548013,-0.04029042,-0.6101258,-3.419158,33.93822,-26.90128,f,2.25,24
135.1694,11,2.121019,-0.01534164,-0.9151411,-10.46303,11.97331,-24.89281,f,2.25,24
135.6698,11,-6.269522,0.03671567,1.372712,-5.776994,-38.72734,-26.45303,f,2.25,24
136.17,11,-2.745409,0.007819762,-0.3050629,0.8651795,-16.63903,-32.21652,f,2.25,24
136.6883,11,-3.886619,-0.1498216,-0.3883537,6.404899,-22.43581,-31.46641,f,2.25,24
137.1986,11,-3.628267,-0.1000442,-1.326402,12.48564,-21.02481,-29.40767,f,2.25,24
137.7118,11,-0.6141979,0.01254069,-0.6345384,16.6364,-3.987792,-28.2508,f,2.25,24
138.2121,11,2.549218,-0.1081982,0.8815815,14.72999,16.88263,-28.93193,f,2.25,24
138.7121,11,3.791265,-0.09626713,0.8550172,8.742774,24.18414,-30.63126,f,2.25,24
139.2121,11,3.241305,-0.02008627,-0.07444678,2.937991,17.88848,-32.16803,f,2.25,24
139.7259,11,17.20646,0.1377024,-5.795862,29.51464,111.3375,88.89266,f,2.25,24
140.2299,11,2.371234,-0.01742691,-3.355501,86.72061,21.51706,52.89177,f,2.25,24
140.7404,11,-14.57244,-0.1538161,11.29636,56.48329,-109.2269,78.12345,f,2.25,24
141.2552,11,-8.800688,-0.06018528,-0.3836322,-6.940009,-52.89861,60.15439,f,2.25,24
141.767,11,-8.425553,-0.03181392,-7.3156,-38.92704,-63.48613,46.28194,f,2.25,24
142.2674,11,-0.8929798,0.02450348,-1.877194,-51.96385,-11.53218,31.48828,f,2.25,24
142.7674,12,4.27809,-0.1375573,5.264045,-48.10029,38.38469,36.97653,f,2.25,24
143.2809,12,11.15323,-0.01813447,4.42315,-21.62231,70.35855,56.13768,f,2.25,24
143.794,13,11.70135,0.01534161,-1.372712,-8.399727,70.77536,-58.03992,f,2.25,24
144.2942,13,8.629457,-0.000632978,-10.37154,-46.46359,76.02698,-37.48486,f,2.25,24
144.7982,13,0.7149123,0.02182088,-2.44036,-59.51259,12.69932,-19.91627,f,2.25,24
145.3076,13,-2.277126,-0.00737301,5.338291,-57.01484,-33.64328,-24.37123,f,2.25,24
145.8088,13,-13.85069,0.04386524,9.608934,-31.76067,-96.33498,-48.48993,f,2.25,24
146.3095,13,-2.962203,0.1146155,0,-0.4101704,-17.99899,16.47923,f,2.25,24
146.8226,13,-4.141716,0.05961698,-0.5429226,-3.543003,-24.28618,16.10579,f,2.25,24
147.3233,13,-3.416682,0.07153513,-1.178939,-6.901942,-20.91217,15.0295,f,2.25,24
147.8368,13,0.3726631,0.153444,0.6381629,-8.088619,4.763906,14.47003,f,2.25,24
148.3416,13,4.216985,0.009003093,1.016358,-5.761538,24.58425,15.44286,f,2.25,24
148.8505,12,3.937577,0.09379024,0.2324971,-2.278898,23.73355,16.27287,f,2.25,24
149.3512,11,-0.002900951,0.03151724,-0.3815815,2.03E-05,0.000818722,-40.20446,f,2.25,24
149.8517,10,0.0708399,-0.01238117,-0.229111,-8.56E-11,1.04E-10,-40.19073,f,2.25,24
150.3641,10,0.2478494,-0.06836712,0,-1.40E-11,4.04E-11,-40.20263,f,2.25,24
150.8773,10,0.06911185,0.04736545,0,0,0,0,f,2.25,24
151.3773,10,-0.00238317,0.09815671,0,0,0,0,f,2.25,24
151.8776,10,0.002383168,0.004021593,-0.1525553,0,0,0,f,2.25,24
152.391,10,0.05485378,0.1269636,0.5343857,0,0,0,f,2.25,24
152.9054,10,-0.1264653,0.196515,-0.3815815,0,0,0,f,2.25,24
153.4195,8,4.116129,-0.06431843,-9.47191,-6.44E-12,56.01086,9.76E-12,f,2.25,24
153.9331,7,-27.68376,0.05406811,18.30273,-4.61E-12,-193.2352,1.73E-12,f,2.25,24
154.4333,7,-0.05511074,0.0624092,-0.1525076,0,0,0,f,2.25,24
154.9471,7,0.1114131,-0.0125861,0.1525553,0,0,0,f,2.25,24
155.4516,6,-0.1123068,-0.01608638,-0.1525553,0,0,0,f,2.25,24
155.9607,6,-2.240107,0.01080157,0.2286341,-1.48829,-14.16951,43.54003,f,2.25,24
156.4615,6,-9.282288,0.08424207,-2.537867,-13.92177,-55.71705,41.39284,f,2.25,24
156.9749,6,-3.264522,0.02612444,-2.457483,-28.38148,-20.95784,33.07823,f,2.25,24
157.4752,6,-0.7295641,-1.591973,-0.342665,-24.45419,-4.55823,37.22629,f,2.25,24
157.9761,6,-0.838802,-7.817102,-3.274561,-0.1410477,-28.70044,59.2033,f,2.25,24
158.4879,6,1.475677,-3.130461,-2.740867,-13.23713,-35.76827,34.36045,f,2.25,24
158.9924,6,2.55072,-2.92758,-2.249464,96.09228,78.51401,-14.89431,f,2.25,24
159.5031,6,10.91967,-4.740131,-8.693794,93.50444,99.54337,67.86029,f,2.25,24
160.0169,7,6.043711,2.273551,-4.118111,5.26496,105.6538,73.83222,f,2.25,24
160.517,7,3.612879,3.136203,-3.050462,24.79452,-10.71403,20.43678,f,2.25,24
161.0298,7,5.222553,12.81728,-2.699638,55.7403,-12.78226,50.62629,f,2.25,24
161.5299,7,0.7203596,2.770963,0.04215948,16.43686,-2.413598,6.334664,f,2.25,24
162.0302,7,0.2058136,11.23691,4.195751,51.26086,-18.7012,45.68349,f,2.25,24
162.5349,7,-3.36632,4.76891,4.940469,32.51533,-7.148453,28.43715,f,2.25,24
163.0442,7,0.3894029,-0.7570107,-0.3985716,-1.687748,-0.04736923,-5.719676,f,2.25,24
163.5444,7,2.856925,-3.357545,-0.6906894,-6.918825,0.1050355,-24.29573,f,2.25,24
164.0453,7,-0.1879292,-0.5131152,-0.2254984,0,0,0,f,2.25,24
164.5585,7,-1.032144,-2.318151,-5.679273,-15.59133,35.28503,-10.54664,f,2.25,24
165.0759,7,-1.089102,-1.904152,-2.745423,-3.374704,19.62359,-12.3094,f,2.25,24
165.586,7,-1.613415,-0.7700229,-1.677751,1.291307,17.98173,-9.2958,f,2.25,24
166.0861,7,-6.441707,-3.667394,-3.813072,-19.33103,43.16596,-9.038045,f,2.25,24
166.5992,7,-0.6506126,-0.4301583,0,0.807837,6.848868,-13.88356,f,2.25,24
167.0996,7,-0.05242897,0.08757628,0,-13.84057,-14.12394,64.52065,f,2.25,24
167.6,7,0.08418781,0.1496208,-0.3645555,-13.83939,-14.12387,64.51707,f,2.25,24
168.1006,6,-0.03542303,0.12624,-0.3644601,-13.84246,-14.1267,64.53077,f,2.25,24
168.6146,6,0.09739842,0.2338206,-0.3646986,-13.8336,-14.11675,64.48692,f,2.25,24
169.128,6,0.7664775,-1.463909,0.3650324,0,0,0,f,2.25,24
169.6423,7,-3.169611,0.07864941,-0.6100782,-0.1521792,18.85774,2.075532,f,2.25,24
170.1424,7,-0.896071,-0.08818412,0,-0.07791793,5.148985,-1.026285,f,2.25,24
170.6604,7,3.932226,0.2931326,0.4575706,5.098876,-13.35512,-46.03268,f,2.25,24
171.1703,7,9.179968,-0.1525315,5.185784,25.15034,-49.51034,-46.65731,f,2.25,24
171.6831,7,1.393218,-0.06599342,1.113721,30.72396,-0.1343373,-30.86214,f,2.25,24
172.1833,7,-5.677079,-7.343236,-5.037271,-13.99401,46.31722,-54.1177,f,2.25,24
172.6971,7,-6.975534,-5.256617,0.414298,-23.19881,21.1856,-52.56796,f,2.25,24
173.2109,7,-3.873782,1.031548,0.18471,3.33914,4.835687,-43.48687,f,2.25,24
173.7109,7,-12.52866,6.188752,5.801912,-2.04982,61.69836,-70.13828,f,2.25,24
174.2239,7,-1.844537,1.611023,2.592892,-25.96135,13.45918,-28.45961,f,2.25,24
174.7248,7,7.197154,12.42823,-4.42315,37.38283,-44.37626,-69.28671,f,2.25,24
175.242,7,8.183005,3.889689,2.809352,23.72963,-21.43751,-40.44171,f,2.25,24
175.7512,7,10.09492,1.021366,4.382321,25.19654,-31.0019,-54.68219,f,2.25,24
176.2512,7,6.937524,-8.024561,8.984571,32.07942,-36.71716,-56.99589,f,2.25,24
176.7516,8,0.3941721,0.1468547,-0.2537974,0,0,0,f,2.25,24
177.2658,8,-0.2605399,-0.1611861,-0.2044127,0,0,0,f,2.25,24
177.7796,8,-0.2415586,0.2100582,-2.795492,13.93806,24.04175,5.417342,f,2.25,24
178.2804,8,-6.587052,-0.4051535,-15.09976,-18.73747,95.09502,5.29706,f,2.25,24
178.7849,7,-1.706331,-0.09055588,-1.372712,12.20751,21.4262,-10.26762,f,2.25,24
179.2932,6,-16.13881,0.4003862,-3.813072,-2.618217,96.05665,19.68867,f,2.25,24
179.7933,6,-2.869327,-0.5433591,0.6100782,-7.898824,24.06777,-12.68191,f,2.25,24
180.2949,6,-11.27715,0.9627908,9.151363,14.58002,87.48022,8.268198,f,2.25,24
180.8078,6,-1.229739,-0.6005673,3.813072,-13.79101,26.91188,0.7874723,f,2.25,24
181.3214,6,14.0491,1.60497,-15.33184,-12.55986,-124.6503,-23.16933,f,2.25,24
181.8361,6,5.218718,-1.209939,-0.9597482,-8.835328,-41.85161,21.84945,f,2.25,24
182.3399,6,-1.242487,-20.50673,1.449399,-116.0658,6.149412,-4.482825,f,2.25,24
182.8481,6,-0.09369635,0.2610645,0.3220622,0,0,0,f,2.25,24
183.3622,6,0.1239244,-0.1716009,0,0,0,0,f,2.25,24
183.8634,6,0.02859816,0.1048579,0.1525553,0,0,0,f,2.25,24
184.3761,6,0.08579448,0.1620662,0,0,0,0,f,2.25,24
184.8763,5,-0.1620543,-0.2621568,0.1525553,0,0,0,f,2.25,24
185.3765,5,0.1239244,-0.01430206,0.1525553,0,0,0,f,2.25,24
185.8773,5,-14.68984,-0.4623379,7.016042,-13.34949,94.26289,-23.61278,f,2.25,24
186.3877,5,-1.246852,-0.6194201,1.634014,12.58165,27.45167,13.58303,f,2.25,24
186.902,5,-0.5268981,1.462204,10.99375,-6.792018,65.10909,-8.437713,f,2.25,24
187.4027,5,-0.06438382,0.5499333,-2.324939,39.92267,9.038163,-6.169404,f,2.25,24
187.9031,5,0.1425982,0.7228634,-3.34129,43.16587,3.918898,-1.798357,f,2.25,24
188.4174,5,0.761446,1.432564,-4.185378,46.08385,-3.399382,4.20099,f,2.25,24
188.9176,5,2.093476,2.436689,-4.554249,47.6787,-12.70316,11.91189,f,2.25,24
189.4233,5,3.06834,2.745411,-3.96558,42.69344,-18.05038,20.95444,f,2.25,24
189.9309,5,3.292954,2.510667,-2.135345,32.60202,-17.13204,28.03474,f,2.25,24
190.431,5,2.642532,1.835039,-1.067649,23.8588,-15.95418,32.48964,f,2.25,24
190.9316,5,2.066207,1.137961,-0.6100782,16.8397,-14.71551,34.81739,f,2.25,24
191.4324,5,0.3825086,0.3920254,0,2.825535,-2.610841,0.4435868,f,2.25,24
191.946,5,1.900571,2.106717,-0.1525553,11.70051,-11.30738,-2.316085,f,2.25,24
192.4475,5,1.588381,1.367944,0.3050629,8.293022,-8.315827,-1.345513,f,2.25,24
192.9662,5,0.05773651,0.3786246,-0.05661007,0,0,0,f,2.25,24
193.4736,3,1.168981,-2.206911,-1.130246,-11.98606,17.04503,-84.63989,f,2.25,24
193.9878,3,2.994104,-7.380558,0.5312381,-30.56189,-17.21863,-91.6606,f,2.25,24
194.5024,3,1.085526,-3.048067,1.372712,2.557597,-32.943,-81.67352,f,2.25,24
195.0151,3,-0.5132771,0.5624285,-0.4575706,-20.24662,36.54795,80.81916,f,2.25,24
195.5157,3,-2.786369,3.264934,-1.525219,3.086339,42.16046,84.34296,f,2.25,24
196.0288,3,-4.688062,5.856226,-0.3810092,35.4706,24.9963,88.55096,f,2.25,24
196.543,3,-1.043465,1.301591,0.9802556,23.53879,-10.26601,86.92413,f,2.25,24
197.0432,3,7.933005,-4.488405,-0.2317818,-24.64521,-55.67831,99.18645,f,2.25,24
197.548,3,10.57249,-7.107426,9.015452,-98.3767,-53.52957,76.73474,f,2.25,24
198.0565,3,1.97644,-1.833413,7.316196,-107.1226,7.091092,33.80365,f,2.25,24
198.569,5,-1.353642,7.054181,-7.168573,-53.83782,69.98564,80.89227,f,2.25,24
199.071,5,-9.542215,10.93874,-3.813072,-10.12185,32.66987,128.7647,f,2.25,24
199.585,6,-5.838762,3.454424,1.372712,6.603565,-36.06233,105.1314,f,2.25,24
200.0987,6,4.768712,-10.0951,-2.592916,-82.82242,-55.63503,71.63062,f,2.25,24
200.6118,6,2.22687,-12.1382,6.100582,-116.4017,11.85864,55.99191,f,2.25,24
201.1213,7,-0.5460941,-2.927413,4.160817,-62.27741,67.62724,50.54569,f,2.25,24
201.627,7,3.143409,12.17931,-2.950758,-10.61851,36.06351,122.3388,f,2.25,24
202.1439,7,-2.874094,11.45588,3.508033,-18.31828,-39.91933,115.3942,f,2.25,24
202.6527,7,-0.4861747,-2.874118,-3.965604,-21.04159,19.35934,-9.363162,f,2.25,24
203.167,7,-6.098233,-13.50101,-7.813287,-78.30884,50.89986,-27.88031,f,2.25,24
203.668,7,-3.917511,-6.517729,0.8537772,-35.1432,18.51775,-15.40953,f,2.25,24
204.1813,7,-0.05248244,0.1229493,0.2044067,0,0,0,f,2.25,24
204.6814,7,-0.0142899,0.1982187,0.3570202,0,0,0,f,2.25,24
205.1959,7,-0.01907261,1.571788,-0.2527661,9.337746,-0.0250631,-0.06787108,f,2.25,24
205.7018,7,0,11.94027,-0.7626335,68.74254,0.003857507,0.129078,f,2.25,24
206.2097,7,-0.04289701,2.372449,0.9151411,13.0212,0.02313018,-0.06805167,f,2.25,24
206.7229,7,0,5.922173,3.202946,39.51526,0.004230835,-0.00712327,f,2.25,24
207.2233,7,0.06672869,3.779701,5.643331,36.45987,0.007872391,-0.007792466,f,2.25,24
207.7237,7,0.2383167,-2.781131,-4.728213,-34.27323,-138.3715,79.97549,f,2.25,24
208.2365,7,0.01906531,-15.2189,-6.558448,-94.99585,-60.60843,147.0562,f,2.25,24
208.7379,7,-0.200186,2.988492,-0.1525553,21.39909,1.934517,160.1305,f,2.25,24
209.2423,7,-0.09840591,15.59543,8.215281,101.9972,-79.72551,139.192,f,2.25,24
209.7507,7,0.1268585,2.22377,3.481043,24.34519,-142.0608,75.34815,f,2.25,24
210.2654,7,0.1550232,-11.33196,-9.644625,-88.13622,-108.7924,118.222,f,2.25,24
210.7785,7,-0.1935215,-6.261839,-0.383203,-37.23347,-9.774146,160.351,f,2.25,24
211.2794,7,-0.3085215,-3.197965,0.6864746,-19.0441,11.08102,161.4409,f,2.25,24
211.7922,7,0.1763545,-2.597659,1.067649,-14.82288,53.16007,152.0287,f,2.25,24
212.3112,7,-0.1145376,-0.075496,-0.3560187,0,0,0,f,2.25,24
212.8202,7,0.02868536,0.01329407,0.4323731,0,0,0,f,2.25,24
213.3208,7,0.01914541,0.1135898,0.3561141,0,0,0,f,2.25,24
213.826,7,-0.02392085,0.1422286,0.3561141,0,0,0,f,2.25,24
214.3328,7,0.0810113,0.2660602,0.4323255,0,0,0,f,2.25,24
214.8337,6,-0.04764878,0.09934185,0.3561141,0,0,0,f,2.25,24
215.3474,5,0.02859801,0.09295147,0.07627765,0,0,0,f,2.25,24
215.8668,4,-2.67868,-1.015232,0.8388635,-3.122045,29.14211,26.94055,f,2.25,24
216.3746,3,-3.503254,-1.01044,1.677775,-0.2288767,36.48708,22.58064,f,2.25,24
216.8752,3,-4.137181,-0.7864464,3.126716,4.08542,43.37751,16.20994,f,2.25,24
217.3803,3,-3.977227,-0.204669,4.375978,9.565603,46.46935,7.48365,f,2.25,24
217.8877,3,-2.502718,0.6832078,4.695584,16.62188,43.34368,0.5265951,f,2.25,24
218.3881,3,-1.200639,0.7931849,3.785694,21.91741,36.52742,-5.101861,f,2.25,24
218.8882,3,-0.5568962,0.9316578,2.933396,25.28416,29.62716,-9.029971,f,2.25,24
219.3927,3,0.1707841,-1.643588,-0.6852704,37.76777,7.206182,4.107543,f,2.25,24
219.9023,3,1.377385,-2.228205,-1.346844,37.95336,9.297325,10.65161,f,2.25,24
220.4035,3,2.102227,-2.567055,-2.300826,37.2309,11.3917,19.2986,f,2.25,24
220.9214,3,3.614083,-2.664378,-2.974191,33.81506,13.66019,29.35121,f,2.25,24
221.4294,3,4.740131,-1.630053,-2.897943,27.03441,16.21847,36.7474,f,2.25,24
221.9296,5,4.582833,-0.1477403,-1.982802,17.16469,19.5362,38.0186,f,2.25,24
222.4306,5,3.620032,0.71496,-0.9913949,7.50222,21.52419,35.66606,f,2.25,24
222.9307,5,2.650082,0.9436976,-0.6863558,-0.7426068,23.67283,31.58457,f,2.25,24
223.4307,5,1.794527,3.183924,-3.508009,26.88466,-0.2819346,13.27417,f,2.25,24
223.9308,5,1.667024,5.757723,-3.355501,35.08855,0.03555301,17.7265,f,2.25,24
224.4445,5,0.6511966,7.940712,-1.372712,41.64728,0.06993115,21.36608,f,2.25,24
224.9446,5,-0.7569365,8.150434,1.525219,41.5966,-0.05219818,21.29353,f,2.25,24
225.4447,5,-1.743957,5.595681,3.508009,35.85667,0.005640732,18.0622,f,2.25,24
225.9586,5,-1.821034,3.431755,3.889326,27.13679,0.33702,13.2674,f,2.25,24
226.4759,5,-0.2636994,-0.8510826,-2.196585,-28.33486,-47.26786,36.06693,f,2.25,24
226.9858,5,-1.338063,-3.84183,-3.47191,-43.71527,-33.92465,45.78159,f,2.25,24
227.4863,5,-2.049409,-6.156858,-2.787247,-46.04777,-14.72541,58.35282,f,2.25,24
228.0047,5,-1.081958,-3.28877,-0.6863558,-22.35528,-4.563083,63.55474,f,2.25,24
228.5127,6,-0.7530809,-1.229715,0,-7.739033,-1.616985,64.66651,f,2.25,24
229.0128,6,0.07149503,-0.3527082,7.778652,0,0,0,f,2.25,24
229.5275,6,-0.050092,-0.1763595,7.827451,0,0,0,f,2.25,24
230.0289,6,-0.3289616,0.2288859,0.2288714,0,0,0,f,2.25,24
230.5411,6,-0.1454997,0.2672313,-5.82E-05,0,0,0,f,2.25,24
231.0533,4,-0.03102575,-0.01916361,0.07629046,0,0,0,f,2.25,24
231.5554,2,0.07756348,0.009525388,-0.07634869,0,0,0,f,2.25,24
232.0675,1,0.02621484,-0.1239247,0.2287841,0,0,0,f,2.25,24
232.5676,1,0.008341084,0.07626136,-0.07626136,0,0,0,f,2.25,24
233.0677,1,-0.03336434,-0.07149503,0.1525227,0,0,0,f,2.25,24
233.5703,1,-0.09890145,-0.02383167,0.1525227,0,0,0,f,2.25,24
234.0825,0,0.03336434,0.04766336,-0.07626136,0,0,0,f,2.25,24
234.5832,0,-0.05600443,-0.05242968,0,0,0,0,f,2.25,24
235.0881,0,-0.0881772,-0.07149503,-0.1525227,0,0,0,f,2.25,24
235.5966,0,-0.005957911,0.09056037,0.07626136,0,0,0,f,2.25,24
236.1094,0,0.02266784,-0.0714495,-0.07634869,0,0,0,f,2.25,24
236.6243,0,0.02268877,0.1385057,-0.07634869,0,0,0,f,2.25,24
237.1252,0,0.04407539,-0.04298982,-0.07634869,0,0,0,f,2.25,24
237.6374,0,-0.1157387,0.02381893,-0.1526974,0,0,0,f,2.25,24
238.138,0,-0.09299447,0.01422801,-0.1526974,0,0,0,f,2.25,24
238.651,0,-0.02978959,-0.1858871,0.1525227,0,0,0,f,2.25,24
239.1511,0,-0.05719602,0.07626136,0,0,0,0,f,2.25,24
239.6703,0,-0.2633649,0.05727244,-0.1523479,0,0,0,f,2.25,24
240.1789,0,0.06453659,0.4046925,-2.591779,0,0,0,f,2.25,24
240.681,0,0.1713869,-0.004349587,-0.07902741,0,0,0,f,2.25,24
