0.4869078,0,0.8479016,0.07063157,6.30001,-0.2325084,8.013021,-3.042991,f,8,21
0.9907088,0,0.9800503,0.08776801,-0.2777579,-0.7223374,11.93653,-4.156642,f,8,21
1.505056,0,0.8815747,0.3102354,-0.399398,-1.242045,14.73349,-4.058296,f,8,21
2.005549,0,0.7103071,-0.3179893,-0.1644131,-1.724207,14.24168,-3.815499,f,8,21
2.51854,0,0.8463868,0.06698083,-0.393391,-2.232632,14.01474,-3.605936,f,8,21
3.019946,0,0.4780297,0.0351668,-0.5674368,-2.609611,11.34578,-3.329551,f,8,21
3.531749,0,0.240803,0.2600257,-0.5149846,-2.876075,7.066089,-3.093411,f,8,21
4.032506,0,0.3838543,0.03002589,-0.05006795,-3.017129,2.698668,-2.97154,f,8,21
4.535285,0,-0.1084925,0.02302236,0.08344658,-3.028269,-1.63693,-2.950288,f,8,21
5.047345,0,-0.3194812,0.03710397,0.2861145,-2.925986,-6.067957,-3.060014,f,8,21
5.547888,0,-0.4339222,-0.1397732,0.3576282,-2.703046,-10.30811,-3.266365,f,8,21
6.061644,0,-0.722409,0.02153222,0.5054479,-2.327291,-13.3403,-3.52888,f,8,21
6.575672,0,-0.9083757,0.1821671,0.4482273,-1.857881,-15.53596,-3.784003,f,8,21
7.076827,1,-1.175405,0.1361224,0.2861026,-1.367046,-14.80073,-4.020496,f,8,21
7.588396,1,-1.037125,-0.05096207,0.2002718,-0.8196867,-12.00365,-4.112973,f,8,21
8.088846,1,-0.7996999,-0.0899841,0.009536752,-0.3998164,-11.25832,-4.225839,f,8,21
8.602772,1,-1.368465,0.9759679,-0.1811506,-0.01456225,-5.944746,7.754161,f,8,21
9.104317,1,-0.4057702,0.04622368,0,-0.4421503,-6.419415,7.918269,f,8,21
9.6179,1,-0.5136197,-0.1568713,0.06673343,-0.9074414,-8.023331,7.906587,f,8,21
10.1304,1,-0.7946112,0.05338868,-0.06663806,-1.496438,-8.22463,7.847235,f,8,21
10.64533,1,-0.700993,-0.127893,-0.1910092,-2.107714,-8.963513,7.701196,f,8,21
11.15879,2,-0.4894917,0.00963673,-0.1149417,-2.628717,-8.384051,7.415883,f,8,21
11.65915,2,-0.2206804,-0.01860384,-0.5443102,-3.097232,-5.773047,7.24222,f,8,21
12.17235,2,-0.1842799,-0.1053671,-0.05632644,-3.32109,-2.149831,7.026918,f,8,21
12.68642,2,0.2033057,0.1283164,0.09442577,-3.323301,2.161938,7.026979,f,8,21
13.18672,2,0.4014675,-0.009745182,-0.07710464,-3.096825,5.823905,7.242701,f,8,21
13.69997,2,0.604642,0.01685577,0.1424314,-2.642346,8.393253,7.414348,f,8,21
14.2003,2,0.579608,0.009160713,0.172043,-2.101213,8.96502,7.703576,f,8,21
14.71309,2,0.5800819,-0.4047727,0.4674797,-1.521752,8.261024,7.838623,f,8,21
15.2132,2,0.600872,0.222671,0.3052595,-0.9653074,8.06542,7.90456,f,8,21
15.71545,2,0.2545612,-0.9629943,-0.4291419,-0.4503068,6.458379,7.912837,f,8,21
16.22687,2,0.1445109,1.009434,0.6580278,0.008097726,5.939607,7.893572,f,8,21
16.72799,2,-0.7964488,-0.05646764,-0.06675886,0.2977076,-9.707841,-3.963491,f,8,21
17.22816,2,-0.9437289,0.1696943,0.2291379,0.677929,-12.24374,-4.002002,f,8,21
17.74155,2,-0.6198622,-0.06504059,-0.1335113,1.115447,-13.40219,-3.871304,f,8,21
18.24179,3,-1.048994,0.1168198,0.3814491,1.547005,-11.85833,-3.729511,f,8,21
18.75586,3,-0.6139019,-0.169493,-0.1144383,1.8133,-8.404086,-3.443793,f,8,21
19.2561,3,-0.1358955,0.1192783,-0.09536525,1.910534,-2.231668,-3.220454,f,8,21
19.76876,3,0.1698693,0.2212721,0.2288766,1.859045,4.964326,-3.253321,f,8,21
20.28364,3,0.7896679,-0.06699003,0.3222426,1.681249,10.64442,-3.516446,f,8,21
20.79703,3,0.8275356,-0.08279134,0.2085737,1.379418,12.87553,-3.80435,f,8,21
21.29714,2,0.6475281,0.01167738,0.3236374,0.9372991,12.32543,-3.944473,f,8,21
21.81077,2,0.7341328,-0.05094731,0.01928854,0.5169465,10.13714,-3.910984,f,8,21
22.32477,2,0.7472776,-0.07979207,-0.05721915,0.1490985,9.297967,-3.955844,f,8,21
22.83899,2,-0.5656968,-0.1590626,0.1525844,0.6337214,-7.8809,-23.52216,f,8,21
23.35129,2,-0.6551741,-0.02369175,-0.0762922,2.35065,-8.540791,-23.32408,f,8,21
23.85162,2,-0.5891635,0.1170432,0,4.275031,-10.58266,-23.13555,f,8,21
24.35309,2,-0.6691839,0.08932837,-0.1525844,6.267515,-10.91426,-22.32953,f,8,21
24.86636,2,-0.7273199,0.09732515,-0.1919436,8.591153,-10.67531,-21.78271,f,8,21
25.37999,2,-0.6576821,0.2939816,-0.4215464,10.46064,-8.859962,-20.96953,f,8,21
25.89273,2,-0.2072982,0.05100298,-0.3216585,11.79645,-5.038705,-20.23125,f,8,21
26.39523,2,-0.06258643,0.02742082,-0.03523914,12.31081,-0.3763144,-19.92097,f,8,21
26.90738,2,0.561451,-0.1502713,0.5340335,12.03494,4.489173,-20.24815,f,8,21
27.42116,2,0.5185366,-0.0175825,0.2670227,10.89596,8.408509,-21.00243,f,8,21
27.92136,2,0.6055574,-0.02249977,0.1335113,9.118856,10.34101,-21.83018,f,8,21
28.43534,2,0.9297873,-0.01348496,0.343303,6.884683,10.60374,-22.34277,f,8,21
28.94833,2,0.7231713,0.2396163,0.3047542,4.786084,10.35377,-23.14997,f,8,21
29.44895,2,0.748629,0.2567455,0.1906204,2.757092,8.283761,-23.34618,f,8,21
29.96291,2,0.5374535,0.168882,0.1335296,1.009462,7.823694,-23.51128,f,8,21
30.4634,2,0.58598,-0.09285107,-0.03821944,-1.110252,13.49101,-19.39457,f,8,21
30.97751,2,0.380898,-1.168458,0.8776525,-3.541126,15.00004,-19.24702,f,8,21
31.4777,2,1.572868,-0.08019435,-0.4189476,-6.152302,18.84338,-18.31465,f,8,21
31.9904,2,1.26952,-0.05341823,-0.6675448,-9.278261,18.61447,-17.15133,f,8,21
32.5049,2,1.08118,0.06317799,-0.705679,-11.99931,17.75847,-15.40328,f,8,21
33.00491,3,0.6293868,0.1723613,-0.6484599,-13.88274,14.17722,-13.43524,f,8,21
33.50499,3,0.7170156,0.005736816,-0.7629101,-15.40985,10.27605,-12.02339,f,8,21
34.00536,4,0.0798684,0.1694929,-0.5912526,-16.12218,6.143072,-10.81995,f,8,21
34.51896,5,0.1835781,0.000223512,-0.2288766,-16.60347,2.45129,-10.26542,f,8,21
35.03172,5,0.02562941,0.1377549,-0.2479496,-16.62451,-1.531231,-10.1611,f,8,21
35.53366,5,-0.2044393,0.04671305,0.2288766,-16.34231,-5.090592,-10.61227,f,8,21
36.04637,5,-0.3850253,0.0739809,0.4577413,-15.67256,-9.098104,-11.65787,f,8,21
36.54649,5,-0.5268811,-0.05095959,0.7628981,-14.32401,-13.00463,-12.99117,f,8,21
37.06002,5,-0.8212566,-0.02194774,0.7915356,-12.57679,-17.17121,-15.01991,f,8,21
37.56002,5,-0.9570935,-0.02782404,0.6806867,-9.888592,-18.50954,-16.51491,f,8,21
38.06101,5,-1.158178,-0.04017892,0.5692537,-7.176361,-18.97369,-18.20029,f,8,21
38.57381,5,-1.066115,-0.05510623,0.3422508,-4.278728,-15.12717,-18.8931,f,8,21
39.08788,5,-1.067668,-0.3046695,0.07643062,-1.745138,-13.89412,-19.4873,f,8,21
39.60139,5,-0.9250217,-0.03166354,-0.0381461,-0.534062,-15.18169,15.47716,f,8,21
40.1014,5,-1.261176,-0.002905567,-0.1525844,-2.716314,-17.08462,15.26276,f,8,21
40.6016,5,-1.444748,-0.03807073,-0.343303,-5.361254,-21.12928,14.66525,f,8,21
41.10165,5,-1.280255,-0.03523963,-0.8010561,-7.9514,-20.87095,13.40829,f,8,21
41.60236,5,-0.8987936,-0.03255755,-0.8010561,-9.96386,-15.81563,11.93146,f,8,21
42.11536,5,-0.4923112,0.0184766,-0.4958874,-11.13847,-7.927208,10.8293,f,8,21
42.61593,5,0,-0.03218503,0,-11.4912,0.3112379,10.44918,f,8,21
43.11605,5,0.3218577,-0.170834,0.5340335,-11.08558,8.440164,10.89352,f,8,21
43.6283,5,0.7998522,-0.2192605,0.7628981,-9.761495,16.4315,12.07604,f,8,21
44.12885,5,1.292771,0.009461834,0.6866059,-7.653595,21.33581,13.54804,f,8,21
44.64311,6,1.249112,-0.0687657,0.6484718,-4.938118,21.33929,14.80866,f,8,21
45.14401,6,1.189747,-0.03300457,0.0381461,-2.367036,16.74306,15.37469,f,8,21
45.64637,6,1.024147,0.02205275,0.0381461,-0.2141911,14.71388,15.42261,f,8,21
46.15667,6,0.9551575,0.000745041,-0.1525844,-1.384178,13.27479,-14.04391,f,8,21
46.65676,6,1.109265,-0.01087741,-0.2670108,-3.075366,16.88,-13.57937,f,8,21
47.17002,6,1.086097,-0.05781388,-0.5340335,-5.137331,16.79805,-12.95699,f,8,21
47.68499,6,1.18787,-0.2066696,-0.3051569,-7.156929,16.17931,-12.09073,f,8,21
48.1853,6,0.5942328,0.06965975,-0.6484718,-8.674732,12.12333,-11.18049,f,8,21
48.68581,6,0.400534,-0.03143999,-0.4195952,-9.583221,6.008424,-10.49965,f,8,21
49.18614,6,0.02622544,0.07636496,0,-9.823757,-0.5957823,-10.25397,f,8,21
49.69822,6,-0.3731046,-0.4331569,0.2288766,-9.4547,-7.396349,-10.58116,f,8,21
50.21155,6,-0.7176116,0.1469187,0.2670108,-8.371158,-13.43861,-11.3768,f,8,21
50.72525,6,-1.368562,-1.089928,1.06315,-6.662666,-17.27899,-12.37438,f,8,21
51.22604,6,-1.232344,0.268675,0.4221388,-4.717436,-17.01221,-13.17456,f,8,21
51.72669,6,-1.408178,-0.08613475,0.267835,-2.696731,-15.69602,-13.5592,f,8,21
52.23935,6,-0.7213415,0.05010739,0.1907964,-1.069216,-12.91675,-14.04451,f,8,21
52.73936,6,-0.1810825,0.1619656,-0.07646638,0.5545789,-9.746435,-22.32823,f,8,21
53.25272,6,-1.201574,0.4067832,-0.2670108,2.643411,-10.69531,-22.32802,f,8,21
53.76729,6,-1.072832,0.1052719,0,5.024461,-13.35853,-21.87811,f,8,21
54.28145,6,-0.9274032,-0.07986654,-0.1907305,7.568668,-13.22007,-20.92315,f,8,21
54.7949,6,-0.9083361,0.02309571,-0.4577413,10.15561,-13.21093,-20.06841,f,8,21
55.29531,6,-0.3170894,0.1077305,-0.4958874,12.18795,-10.82818,-18.85568,f,8,21
55.80828,6,-0.5149604,0.08932837,-0.3051569,13.57221,-6.385698,-17.79903,f,8,21
56.32305,6,-0.05483502,0.1128339,-0.1144383,14.16688,-0.8709857,-17.36035,f,8,21
56.83644,6,0.06794774,-0.01266551,0.1525725,13.93822,4.347334,-17.60808,f,8,21
57.33665,6,0.5036358,0.04533463,0.1907186,12.88817,9.06168,-18.40204,f,8,21
57.84947,6,0.7319164,0.1288146,0.4577532,10.93099,11.95876,-19.46517,f,8,21
58.36406,6,0.8922389,-1.139234,0.3019552,8.496268,14.22591,-20.68509,f,8,21
58.86441,6,0.937649,0.117648,0.1128398,6.033676,13.4675,-21.70358,f,8,21
59.37821,6,0.7994128,-0.1136359,0.1138412,3.499371,10.89627,-21.9663,f,8,21
59.8786,6,0.6709794,-0.06623404,0.0762041,1.470118,10.16053,-22.47066,f,8,21
60.37955,6,-0.1522102,0.09369831,0.07627563,0.2734678,-5.097248,-26.20811,f,8,21
60.89182,6,-0.2891549,0.09967737,-0.152432,1.544776,-5.539785,-26.24603,f,8,21
61.39262,6,-0.4829891,0.006836031,-0.07598951,2.992539,-6.875902,-26.17516,f,8,21
61.90642,6,-0.5519145,-0.007450224,-0.0762922,4.649222,-7.771551,-25.83789,f,8,21
62.42011,6,-0.3696834,0.06172516,-0.1525844,6.335587,-7.202764,-25.39069,f,8,21
62.92027,6,-0.3483752,0.06064503,-0.1525844,7.696696,-4.612355,-25.06402,f,8,21
63.4344,6,-0.1227768,0.01914718,0.03813418,8.327627,-0.7726991,-24.8723,f,8,21
63.94771,6,0.1960948,0.04142335,0.0381461,7.971453,3.777662,-25.00099,f,8,21
64.44789,6,0.3780225,-0.07125143,0.34344,6.823876,6.600377,-25.37979,f,8,21
64.96223,6,0.6054948,-0.07077619,0.03938585,5.171238,7.457577,-25.82361,f,8,21
65.47536,6,0.5295513,-0.05384737,-0.03762159,3.506522,6.912628,-26.09657,f,8,21
65.97627,6,0.4379947,-0.02362893,-0.07617299,1.955643,5.683152,-26.03329,f,8,21
66.4887,6,0.3002288,-0.1395097,-5.96E-05,0.6688994,5.226334,-26.3231,f,8,21
67.00271,6,3.272393,-0.09917277,-0.3805431,-1.083406,52.90305,-5.453249,f,8,21
67.50282,6,3.719424,-0.1181786,-3.110743,-4.437208,65.66019,-4.710297,f,8,21
68.01682,6,0.9487889,-0.02847748,-2.052904,-2.838956,29.96094,-1.1494,f,8,21
68.51685,6,0.09521028,0.1040159,-0.7809192,-2.602163,8.098123,-0.6275794,f,8,21
69.01863,6,-0.3249928,-0.04820091,0.4031774,-2.613497,-7.013346,-0.5685706,f,8,21
69.52977,6,-0.5369183,-0.1744313,1.780785,-2.844091,-29.08789,-1.106167,f,8,21
70.03016,6,-2.899485,0.02734219,3.484479,-4.060059,-64.4801,-4.048047,f,8,21
70.54451,6,-3.82687,0.003077508,0.7640664,-0.8888371,-52.57381,-4.560979,f,8,21
71.04489,6,0.1348706,0.02557125,-0.03812226,-7.26E-12,4.09E-11,4.291448,f,8,21
71.54516,6,0.08005554,-0.04611771,-0.03813418,7.30E-12,-3.36E-11,4.291749,f,8,21
72.05806,6,0.01443859,-0.06801761,0.0381461,-1.06E-11,4.14E-11,4.291148,f,8,21
72.55837,6,0.08123094,-0.05976884,-0.2670704,7.23E-12,-2.44E-11,4.291794,f,8,21
73.05879,6,-0.05472326,-0.05847175,-0.1525248,-9.00E-12,2.68E-11,4.290432,f,8,21
73.57172,6,0.02963973,-0.1037319,0.3052642,1.04E-11,-2.75E-11,4.290386,f,8,21
74.08623,6,0.03355851,-0.06266889,0.1526917,9.69E-13,-1.96E-12,4.290801,f,8,21
74.59955,6,0.03471169,-0.065914,-0.2289243,-2.43E-12,5.01E-12,4.290804,f,8,21
75.09972,6,-0.08454129,-0.1605041,-0.1525963,2.37E-12,-4.52E-12,4.290315,f,8,21
75.61275,6,0.1643617,-0.000533845,-0.1527155,-3.52E-13,4.73E-13,4.290933,f,8,21
76.11339,6,-0.06575332,-0.02978135,0.1526559,2.83E-12,-4.66E-12,4.290697,f,8,21
76.61361,6,-0.01207181,-0.04466245,0.2288289,-1.28E-11,1.91E-11,4.29037,f,8,21
77.12714,6,-0.07989705,0.02698016,0.3052866,-9.28E-13,1.44E-12,4.290445,f,8,21
77.62764,6,0.06439468,0.1095603,0.07631867,7.04E-12,-8.83E-12,4.289876,f,8,21
78.14116,6,-0.04872328,-0.007157971,-0.07631604,-2.01E-12,2.46E-12,4.291474,f,8,21
78.65468,6,0.01565224,-0.04903901,-0.1526082,4.13E-12,-4.41E-12,4.290257,f,8,21
79.16779,6,0.01058668,-0.02604784,0.1525963,1.27E-12,-1.37E-12,4.290917,f,8,21
79.66814,6,-0.4239446,0.03301926,-5.96E-05,0.1383117,-6.718343,-13.71594,f,8,21
80.16944,6,-0.5048383,0.04920876,0.07616107,0.9849051,-7.395814,-13.68157,f,8,21
80.68308,6,-0.6193287,-0.2381743,-0.07569616,2.079115,-9.132692,-13.63145,f,8,21
81.18406,6,-0.6475121,-0.1176257,-0.3797206,3.22999,-9.479199,-13.40817,f,8,21
81.69614,6,-0.1397637,-0.1039835,0.07962998,4.189793,-6.692141,-13.0476,f,8,21
82.19672,6,-0.2143274,-0.2273166,-0.2246567,4.578928,-0.3908906,-12.81167,f,8,21
82.69771,6,0.5388375,0.1260649,0.08032138,4.276738,6.044959,-13.01572,f,8,21
83.21025,6,0.8254488,0.1355224,0.07365774,3.323654,9.388585,-13.38041,f,8,21
83.72443,6,0.7583534,-0.02270075,0.07757963,2.098225,9.077898,-13.62008,f,8,21
84.23834,6,0.4960811,-0.02521554,-0.1521672,1.03696,7.466836,-13.66543,f,8,21
84.73871,6,0.2981583,0.03057676,0.000238413,0.1987299,6.821645,-13.72252,f,8,21
85.23898,6,0.7831536,-0.1664592,-0.1522268,0.5321546,9.990189,8.460343,f,8,21
85.75155,6,0.837438,0.09005255,-0.00127551,1.439735,12.47357,8.423008,f,8,21
86.26663,6,0.8633692,0.001117961,-0.228956,2.411017,12.4363,8.083635,f,8,21
86.76822,6,0.44122,-0.157111,-0.07631867,2.921962,3.0259,7.76052,f,8,21
87.28016,7,-0.5188704,-0.004406405,0.1566851,2.739971,-8.913731,7.975577,f,8,21
87.7931,7,-0.8632969,0.03086421,0.306945,1.948155,-13.64179,8.336268,f,8,21
88.2935,6,-0.822339,-0.04464318,0.07656638,0.9467031,-12.44279,8.502707,f,8,21
88.80831,6,-0.6083804,-0.0113025,0.1527513,0.1638486,-9.403457,8.470283,f,8,21
89.32181,6,-0.5870283,-0.00057718,-0.228972,-0.07313952,-7.467184,1.457435,f,8,21
89.83525,6,-0.6400766,-0.002494205,-0.1523102,-0.1781363,-9.442972,1.447776,f,8,21
90.33534,6,-0.6908974,-0.1290327,-0.151297,-0.2996382,-10.69697,1.426002,f,8,21
90.84828,7,-0.7165983,0.01047006,-0.155493,-0.4278045,-9.485788,1.393744,f,8,21
91.34908,7,-0.3675675,0.0264888,-0.004660977,-0.5156487,-4.853959,1.363936,f,8,21
91.86241,7,0.1263828,0.1733227,0.005411978,0,0,0,f,8,21
92.36274,7,0.5561165,0.06475116,0.08064324,-0.4666356,7.855568,1.381285,f,8,21
92.87663,7,0.7017094,0.08439978,0.002622544,-0.3525244,10.13443,1.415573,f,8,21
93.37675,7,0.6781095,0.06053287,0.001251669,-0.2265178,9.480657,1.441553,f,8,21
93.8773,7,0.5661656,-0.1103069,0.1530493,-0.1116471,7.648885,1.452335,f,8,21
94.3902,7,0.434284,-0.06375717,0.1524414,-0.01430212,6.959665,1.456599,f,8,21
94.89025,7,-6.295227,0.04389055,4.930026,6.054842,-42.89297,-25.30202,f,8,21
95.40362,7,-11.431,-0.03235881,-2.958516,26.41251,-56.03212,-26.54982,f,8,21
95.90421,7,1.617681,0.001123149,1.493706,31.64376,17.61038,-22.27159,f,8,21
96.40475,7,11.68708,-0.03497148,6.475014,18.54897,78.02437,-35.2655,f,8,21
96.90506,7,5.004219,0.05404714,-0.4947072,-2.308059,32.66005,-45.80795,f,8,21
97.41827,7,7.471402,0.09509927,-2.694783,-17.296,42.86197,-41.54863,f,8,21
97.91902,7,2.793892,0.03151598,-2.511301,-30.39969,20.54719,-34.99982,f,8,21
98.43117,7,-3.237555,-0.02711689,2.511372,-29.45975,-25.59505,-35.61467,f,8,21
98.94489,7,-7.308649,0.1906498,2.518552,-14.8296,-43.89287,-42.98093,f,8,21
99.45811,7,-4.94348,0.1400063,0.1526135,-0.2048892,-30.77441,-45.305,f,8,21
99.95882,7,-11.13959,0.2411073,-5.571347,-54.88472,-64.08807,92.20209,f,8,21
100.4594,7,4.505818,0.1409752,2.976464,-67.05591,38.86999,82.61179,f,8,21
100.96,7,9.436058,-0.121435,1.415411,-12.13498,54.73866,106.7457,f,8,21
101.4725,7,4.335536,0.01563897,-0.7224395,0.02222485,26.62594,0.1511479,f,8,21
101.9871,7,3.886503,0.0135327,-1.272554,-0.02002896,21.99722,-0.06824245,f,8,21
102.4875,7,-2.443401,0.09546484,1.39486,-0.03049827,-16.71145,-0.06272414,f,8,21
103.0011,7,-4.748755,-0.02652004,0.651297,0.02376054,-26.94817,0.1405718,f,8,21
103.5012,7,-9.341807,-0.00040046,-0.04000572,0.1601653,-62.55899,-3.497637,f,8,21
104.0012,7,-11.414,-0.1027369,-9.83602,2.964148,-84.2819,-3.14764,f,8,21
104.5017,7,-1.076197,0.05268385,-3.506652,6.667078,-17.75471,-2.684048,f,8,21
105.0151,7,2.167128,-0.04371235,3.891331,5.846842,30.04107,-2.660936,f,8,21
105.5154,7,12.80028,-0.02696703,9.156852,1.642872,91.76296,-2.409713,f,8,21
106.0156,7,6.026476,0.005565456,-0.3420275,0.7163908,39.54705,16.28452,f,8,21
106.528,7,9.079058,0.05933953,-4.177951,8.187602,56.037,15.48806,f,8,21
107.0424,7,3.678619,-0.01834589,-4.696715,11.56799,31.38206,8.938372,f,8,21
107.5424,7,0.187345,-0.0863456,-0.02026512,11.88625,-0.9865404,6.93903,f,8,21
108.0567,7,-3.649175,0.007311972,4.155136,11.40227,-33.64653,9.135412,f,8,21
108.5571,7,-8.765426,0.07639217,4.409307,7.907358,-56.15398,15.34192,f,8,21
109.0696,7,-6.319249,0.01014141,0.4196548,0.5767813,-39.18251,15.91047,f,8,21
109.5841,7,-5.905225,-0.0979335,-1.297406,-0.2346663,-35.32666,0.950959,f,8,21
110.0978,7,-4.162843,0.05932653,-2.518552,-0.7346889,-25.68881,1.238533,f,8,21
110.5988,7,1.807826,0.009390884,1.37376,-0.9801164,16.69924,1.504954,f,8,21
111.1153,7,6.449325,-0.1283516,1.955703,-0.3187585,34.85347,0.9556935,f,8,21
111.6258,7,4.209251,-0.09269699,0.3430288,-0.03504328,25.82239,1.252098,f,8,21
112.1261,7,-6.599394,-0.1429309,-1.72387,-16.80157,-45.45381,57.93994,f,8,21
112.6262,7,-0.3563322,-0.1162525,0.4697692,-30.46211,5.181224,53.25549,f,8,21
113.1398,7,7.31244,0.02607681,2.245613,-14.13632,40.8726,58.78685,f,8,21
113.6414,7,6.753383,0.08649255,-0.8022125,4.517083,39.87331,49.71969,f,8,21
114.1523,7,8.1677,0.0635967,-4.746853,24.83887,50.71438,43.73223,f,8,21
114.6525,7,0.4428047,0.08200517,-0.8985552,33.36953,1.967734,34.22622,f,8,21
115.1528,7,-6.966908,0.2228314,4.418034,25.99896,-48.74612,42.94976,f,8,21
115.6673,7,-7.231922,0.1934844,1.258011,4.994542,-40.06826,49.64957,f,8,21
116.1674,7,-11.17211,0.03700954,-3.019168,-12.96288,-66.74055,37.47785,f,8,21
116.6811,7,-3.854377,0.03031162,-4.861053,-30.94469,-29.93373,27.73546,f,8,21
117.1951,7,4.247616,-0.06764041,3.686797,-30.15556,37.23704,28.79997,f,8,21
117.7076,7,10.32025,-0.03371124,3.688871,-10.42335,65.79828,37.63795,f,8,21
118.2084,7,14.58165,-0.1269074,-3.019788,0.40787,83.86774,1.485101,f,8,21
118.7221,7,5.905237,-0.1308016,-9.616272,-2.359579,53.82579,-1.295378,f,8,21
119.2225,7,0.2963564,0.003875604,0.1526373,-3.505818,-3.525708,-1.09315,f,8,21
119.7226,7,-5.371662,-0.05858123,9.768909,-0.02179324,-70.9092,0.009887371,f,8,21
120.2364,7,-14.30635,-0.06268042,3.052747,0.02034345,-79.55652,0.2641288,f,8,21
120.7493,7,8.523746,0.04796313,-2.167366,7.88773,52.87795,27.12891,f,8,21
121.2638,7,5.041555,0.06667372,-3.973989,17.71451,32.79028,20.08819,f,8,21
121.7775,7,-2.109408,-0.09800381,2.424685,18.1032,-22.18812,18.68642,f,8,21
122.2821,7,-8.761683,-0.02583553,3.333397,10.35421,-52.39659,26.11153,f,8,21
122.791,7,-5.698461,0.02877325,-0.03795537,-0.393905,-34.64987,26.9515,f,8,21
123.2916,7,-8.060187,-0.01918201,-3.230259,-9.702035,-51.81739,24.42546,f,8,21
123.806,7,-5.218339,0.08184946,-5.054739,-19.90181,-39.03256,18.78917,f,8,21
124.3066,7,-1.38499,0.07535289,-1.885442,-25.85605,-11.39479,15.41525,f,8,21
124.8076,7,0.9392523,0.06767561,1.62314,-25.73012,12.60447,15.6045,f,8,21
125.32,7,4.99392,-0.08258332,5.2073,-19.41853,41.59701,19.53842,f,8,21
125.8331,7,8.545715,-0.09193862,3.177904,-9.159604,51.34553,24.6865,f,8,21
126.3474,7,0.6047825,0.7530702,-2.09856,-0.09870812,-34.52397,7.461957,f,8,21
126.8618,7,-8.082872,0.08071449,-3.227923,-3.17323,-47.47917,7.491621,f,8,21
127.3618,7,-2.777036,0.02671908,-2.888137,-3.877441,-19.33962,4.2368,f,8,21
127.8745,8,3.880913,-0.02447245,3.362841,-4.154685,32.08659,5.175107,f,8,21
128.3754,8,8.205247,0.01329361,2.745423,-2.318185,48.78533,7.84218,f,8,21
128.8883,8,5.202676,0.1083478,-0.07501908,1.688365,32.77774,27.6143,f,8,21
129.4023,8,7.280213,0.119825,-3.560139,11.46509,44.25474,25.80672,f,8,21
129.9155,8,3.477346,0.1109256,-5.01116,18.6681,29.92037,19.34939,f,8,21
130.4158,8,-0.2061713,-0.05712721,-0.2367894,20.50987,-0.6304433,16.39522,f,8,21
130.9163,8,-3.849986,0.166799,3.239365,18.47686,-30.95448,19.52457,f,8,21
131.4287,8,-7.31157,-0.01884194,2.897931,10.68749,-44.5821,26.06964,f,8,21
131.9288,8,-5.473389,0.00182463,0.4575706,1.356579,-32.47253,27.41285,f,8,21
132.4298,8,-4.536363,0.07756446,-0.3050153,-7.228132,-24.71153,49.01078,f,8,21
132.9306,8,-3.524111,0.09111901,-1.525219,-17.7593,-20.24272,46.43856,f,8,21
133.4484,8,2.61077,0.01869287,1.220204,-18.49921,17.03926,46.06652,f,8,21
133.9593,8,4.354047,-0.1083597,0.9151411,-8.322821,24.70627,48.81231,f,8,21
134.4707,8,4.203184,-0.1077483,-0.07735597,-0.7211683,25.82219,-27.07721,f,8,21
134.9707,8,5.578203,0.0139692,-1.315481,-8.280113,34.66715,-25.70287,f,8,21
135.4848,8,-4.714446,-0.1934084,1.471194,-8.715143,-33.02266,-25.63352,f,8,21
135.9868,8,-4.592468,0.03605401,-0.383203,-1.043162,-26.24433,-27.07205,f,8,21
136.4994,8,-3.199781,-0.00365531,-0.533098,4.002469,-18.35473,-31.83997,f,8,21
136.9996,8,-3.848448,0.2669313,-1.281763,10.16953,-24.1623,-30.44589,f,8,21
137.5122,8,-2.573822,0.3757958,-0.4575706,15.62334,-12.56742,-28.52666,f,8,21
138.0126,8,1.68371,1.489703,1.372712,16.20535,9.650725,-28.51005,f,8,21
138.5128,8,3.677226,-0.233662,1.220156,11.3684,22.97113,-30.04441,f,8,21
139.0269,8,3.512789,0.03295479,0.6100782,4.855216,22.03669,-31.60658,f,8,21
139.5271,8,8.462627,3.284861,-1.372712,1.263734,75.64869,91.45922,f,8,21
140.0406,8,9.186737,0.1930315,-9.215304,77.10239,69.47448,63.54198,f,8,21
140.5409,8,-4.666492,-0.07738205,8.009801,80.02519,-59.05238,60.30222,f,8,21
141.0547,8,-14.80908,-0.3287703,1.602585,9.148525,-82.91841,97.36956,f,8,21
141.5679,8,-10.73126,0.1589451,-5.687667,-26.99155,-70.11967,53.99876,f,8,21
142.0683,8,-3.44649,-0.4434678,-5.107712,-49.33436,-32.01601,35.21218,f,8,21
142.5821,8,1.182065,-0.03477933,2.440384,-51.19995,19.17068,32.48471,f,8,21
143.0826,8,9.425439,0.002941606,7.321129,-34.06712,69.13055,48.82465,f,8,21
143.597,8,8.641364,0.08646452,0.4575706,-3.751207,50.22298,60.05527,f,8,21
144.0971,8,15.04255,0.02129964,-8.693793,-31.67393,95.87663,-47.39096,f,8,21
144.6098,8,2.382631,0.06589207,-5.496173,-57.26467,30.57658,-23.55051,f,8,21
145.1243,8,-1.174409,-0.09409651,2.01978,-59.31468,-14.85484,-20.31825,f,8,21
145.638,8,-8.250095,-0.1047886,9.995207,-45.09191,-79.44202,-39.07839,f,8,21
146.1508,8,-11.37717,-0.08140004,1.677727,-5.238097,-66.71417,-58.98989,f,8,21
146.6512,8,-3.865942,-0.03708805,-0.7626335,-2.303578,-23.83272,16.26508,f,8,21
147.1526,8,-3.947726,0.2157511,-1.525219,-5.776439,-24.36313,15.43571,f,8,21
147.6654,8,-0.8364798,0.002606587,-0.6100782,-8.09803,-4.607866,14.47792,f,8,21
148.1657,8,3.029009,0.02390613,1.677775,-6.890115,21.00825,15.03707,f,8,21
148.6797,8,3.987045,-0.07648478,1.067649,-3.528195,24.22963,16.10884,f,8,21
149.1922,8,3.017838,-0.04281291,0.3820584,-0.393575,17.93103,16.489,f,8,21
149.7066,8,0.03026487,-0.1221824,-0.5343857,1.46E-10,-1.48E-10,-40.18671,f,8,21
150.2069,8,-0.04396879,-0.2009743,-0.3817722,9.93E-12,-2.39E-11,-40.1982,f,8,21
150.7208,8,-0.00953267,-0.06404763,0.1525553,0,0,0,f,8,21
151.2351,8,-0.09294353,0.08207034,0,0,0,0,f,8,21
151.7351,8,-0.07864453,0.04289702,-0.1525553,0,0,0,f,8,21
152.2353,8,-0.1835039,0.1633214,-0.3050629,0,0,0,f,8,21
152.7481,8,-0.09076054,0.1234548,0.5343857,0,0,0,f,8,21
153.2631,8,18.38912,0.02869247,-20.70744,-4.41E-12,140.4522,2.61E-12,f,8,21
153.7757,8,-7.962944,-0.009089918,14.46478,3.41E-12,-111.7051,-9.03E-12,f,8,21
154.2762,8,0.0321318,-0.02015079,-0.6873331,0,0,0,f,8,21
154.7895,8,0.03187487,-0.05808971,-0.3050629,0,0,0,f,8,21
155.2896,8,0.06702659,-0.01973561,0,0,0,0,f,8,21
155.8036,8,-1.135579,-0.002308721,-0.1525553,-0.2815269,-7.443037,43.63048,f,8,21
156.3044,8,-6.562351,-0.385105,-1.220156,-8.107557,-42.51022,42.8547,f,8,21
156.8049,8,-6.295719,-0.02100168,-3.96558,-25.53248,-35.96691,35.19994,f,8,21
157.3179,8,-0.7769117,-0.02182107,-0.7626097,-30.76568,-6.390345,30.8491,f,8,21
157.8315,8,-1.132869,-5.475749,-1.731639,-9.303897,-19.10313,51.57252,f,8,21
158.3457,8,1.810974,-5.655308,-4.747019,-4.755725,-38.36479,45.78254,f,8,21
158.8598,8,0.741344,-0.7505246,-0.7328548,-25.38987,-31.07266,18.41439,f,8,21
159.3728,8,7.440241,-6.446463,-6.253427,101.1911,92.45175,41.32339,f,8,21
159.8871,8,9.044351,1.9752,-6.050124,24.31457,106.4997,80.49969,f,8,21
160.3871,8,2.401242,1.055704,-2.144744,16.36824,-9.450747,11.87507,f,8,21
160.889,8,8.069963,11.91535,-5.732283,62.07348,-15.1208,58.70506,f,8,21
161.4013,8,0.1544258,5.052273,0.7235311,20.8486,-3.577906,11.03471,f,8,21
161.9147,8,0.8401612,7.621298,2.845693,38.24898,-13.44617,30.67472,f,8,21
162.4286,8,-4.875954,7.292477,7.626144,41.07118,-11.20566,36.95128,f,8,21
162.9422,8,0.4099209,-0.1144165,-0.305045,-0.8760379,-0.06198742,-2.883551,f,8,21
163.4427,9,3.42582,-2.928895,-1.22018,-7.309233,0.1107561,-25.62584,f,8,21
163.9561,9,0.6348208,-0.7459239,-0.1525315,-1.120643,-0.04712276,-3.683132,f,8,21
164.4565,9,-0.5433591,-1.127241,-3.660541,-6.452823,26.7376,-7.92624,f,8,21
164.9694,9,-1.682063,-2.694129,-5.111336,-10.519,27.36599,-13.39831,f,8,21
165.4838,9,-0.9605113,-0.505413,-0.6552842,4.829676,12.76296,-9.622362,f,8,21
165.9839,9,-6.759252,-3.704967,-4.873856,-21.46939,48.46328,-7.848546,f,8,21
166.4974,9,-1.30785,-0.8838111,-0.09490652,-0.621468,9.356744,-13.63822,f,8,21
166.9977,10,-0.102728,0.1097983,0.3635063,-13.83985,-14.12399,64.51853,f,8,21
167.4982,10,-0.2726893,-0.1137567,0.05789775,-13.84001,-14.12359,64.51762,f,8,21
167.9988,10,-0.1933899,-0.187965,0.5163583,-13.83859,-14.12234,64.5109,f,8,21
168.5107,10,-0.2287853,-0.07269022,-0.1525076,-13.8342,-14.11723,64.48967,f,8,21
169.0113,10,-0.1286887,-0.1775362,0,-13.84195,-14.126,64.52821,f,8,21
169.5119,10,-1.782609,-0.03097588,-0.4575706,0.1074389,11.32269,0.3632649,f,8,21
170.0261,10,-1.815713,0.1778424,-0.5257536,-0.1604179,9.507807,-0.05656721,f,8,21
170.5261,10,1.994912,0.3170307,-0.2202404,2.27847,-3.361392,-44.16008,f,8,21
171.0264,10,10.44277,0.07332602,3.925649,19.93072,-53.54606,-50.41046,f,8,21
171.5396,10,2.649943,-0.07238411,2.018719,30.31729,-8.953348,-33.6865,f,8,21
172.0545,10,-3.145483,-4.219942,-3.534052,2.196689,31.21214,-41.28176,f,8,21
172.5546,10,-10.35893,-8.43155,0.04754864,-31.82648,40.53274,-62.39393,f,8,21
173.0668,10,-2.020926,-0.5171624,-0.1525076,2.998332,-3.758598,-38.74315,f,8,21
173.5804,10,-11.83958,4.304002,2.287853,2.672211,54.10846,-69.12489,f,8,21
174.0807,10,-3.493731,3.031387,4.42315,-22.25923,23.73327,-36.31261,f,8,21
174.5818,10,2.816934,8.012207,-4.118135,22.94667,-29.6785,-45.77526,f,8,21
175.0949,10,13.26947,8.546029,2.897931,38.19431,-38.01661,-65.267,f,8,21
175.6078,10,5.756945,1.788583,1.461751,16.1331,-19.04377,-37.07613,f,8,21
176.1221,10,11.98672,-9.479206,11.98343,40.3556,-48.22316,-75.77631,f,8,21
176.6223,10,-0.3082316,-0.1134944,0.1009813,0,0,0,f,8,21
177.1226,10,-0.4133441,-0.1326188,-0.5095741,0,0,0,f,8,21
177.623,10,-0.2319248,-0.0515786,0.1012138,0,0,0,f,8,21
178.1364,10,-2.476059,0.9989269,-12.63335,-11.3849,81.83324,9.148149,f,8,21
178.6494,10,-3.222039,-0.8627241,-3.813072,4.310679,30.36634,-11.86314,f,8,21
179.1637,10,-10.43341,1.227489,-4.883179,3.044343,77.8822,12.86245,f,8,21
179.6643,10,-5.950961,-0.5960511,0.8848245,-7.999532,36.65453,-7.075693,f,8,21
180.1775,10,-7.79991,1.429488,4.121924,8.383311,61.15307,-1.741939,f,8,21
180.6777,10,-3.968667,-0.8700877,7.81901,-7.065891,44.36533,4.808428,f,8,21
181.1787,10,5.022272,2.933708,-10.20451,6.94141,-83.34126,-14.65852,f,8,21
181.691,10,9.882857,-2.369778,-2.557898,-12.28423,-62.72699,12.78043,f,8,21
182.2056,10,-1.00093,-15.36666,-3.050439,-96.35902,6.766436,-5.510537,f,8,21
182.7194,10,-0.171589,-3.689145,2.135345,-22.34368,-3.457936,-7.253633,f,8,21
183.22,10,-0.04766459,-0.0571844,0,0,0,0,f,8,21
183.7321,10,-0.1429908,-0.06671911,0,0,0,0,f,8,21
184.2322,10,0.1525225,-0.06674294,0,0,0,0,f,8,21
184.7331,10,-0.009531727,-0.004767353,-0.1525076,0,0,0,f,8,21
185.2468,10,-0.1065105,-0.2038821,-0.4747711,0,0,0,f,8,21
185.7508,10,-8.12652,-1.098507,2.285197,-11.05457,70.83112,-8.056603,f,8,21
186.2605,10,-1.583151,0.586942,1.882225,16.38355,26.61159,9.670675,f,8,21
186.7606,10,-4.094596,-0.01755055,15.65865,-26.21824,94.39093,-7.444125,f,8,21
187.2741,10,-0.1156047,0.3667732,-2.340662,39.12173,9.761321,-7.23028,f,8,21
187.7744,10,-0.03119039,0.6284338,-3.056044,42.37064,5.172226,-3.272104,f,8,21
188.2761,10,0.4678081,1.163702,-4.058649,45.82286,-1.527923,2.276816,f,8,21
188.7877,10,1.239273,1.870805,-4.880721,47.25858,-10.16675,9.944386,f,8,21
189.2881,10,2.737057,2.828816,-4.575682,44.61646,-16.9634,18.66958,f,8,21
189.8018,10,3.348351,2.728732,-2.745423,35.75932,-18.54437,26.45071,f,8,21
190.3021,10,2.864416,1.827889,-1.525219,25.40412,-15.76954,31.55213,f,8,21
190.8033,10,2.199967,1.476372,-0.7626335,18.20039,-14.78599,34.32927,f,8,21
191.3159,10,0.2621448,0.3836945,-0.1525076,0,0,0,f,8,21
191.816,10,1.319079,1.224948,-0.3050153,9.158446,-8.785231,-1.496116,f,8,21
192.329,10,2.15369,1.967427,-0.06357306,11.08463,-10.96804,-2.173313,f,8,21
192.8297,10,0.217576,0.4769768,-0.05742083,2.517769,-2.82982,0.4274346,f,8,21
193.3437,10,0.6548312,-1.265369,0.05847005,-9.300256,20.56936,-83.24869,f,8,21
193.8575,10,2.799939,-6.143129,-0.234214,-27.89688,-6.09151,-90.33566,f,8,21
194.3705,10,2.032847,-4.792549,1.677727,-5.424232,-31.13757,-84.36694,f,8,21
194.885,10,0.5803128,-1.174277,0.421404,18.03878,-33.00805,-77.25447,f,8,21
195.3851,10,-1.331589,1.821323,-0.958699,-5.309155,40.49241,82.54309,f,8,21
195.8852,10,-4.888214,6.483618,-1.446728,34.22099,37.01805,87.95999,f,8,21
196.3858,10,-1.725355,2.994027,0.2351679,26.88573,-3.340772,87.86837,f,8,21
196.8993,10,5.488316,-2.965966,-1.285149,-6.410341,-51.28478,98.97839,f,8,21
197.4122,10,11.34637,-7.293307,5.085702,-81.28228,-63.32964,87.16887,f,8,21
197.9123,10,4.493848,-3.82949,9.202833,-107.9172,-4.605084,44.62424,f,8,21
198.4268,10,-0.291905,4.828304,-5.643342,-62.84798,70.73851,64.14613,f,8,21
198.9402,10,-7.337767,11.96708,-6.40594,-19.50199,48.22374,123.6501,f,8,21
199.4407,10,-7.006507,5.4503,1.067649,3.470979,-22.57401,112.958,f,8,21
199.9545,10,3.84167,-6.761036,-2.745376,-63.77923,-64.14534,73.04018,f,8,21
200.4548,10,4.051392,-14.3848,3.202994,-120.6428,-13.8101,60.8437,f,8,21
200.9685,10,-0.3863506,-6.505127,5.414632,-86.25175,54.90186,45.0993,f,8,21
201.4824,10,3.273441,8.301984,-3.276517,-16.24952,52.03793,107.3665,f,8,21
201.9829,10,-0.9408861,15.13912,1.645436,-8.900228,-18.24312,129.8169,f,8,21
202.4958,10,-2.880556,5.393051,3.570632,-28.83654,-68.14677,83.46135,f,8,21
202.9959,10,-3.226631,-8.291849,-7.362672,-54.71978,38.44045,-19.42485,f,8,21
203.4962,10,-6.103378,-10.5057,0.06614842,-54.36004,31.05859,-20.87936,f,8,21
204.0085,10,-0.004766335,0,0.1525076,0,0,0,f,8,21
204.5103,10,0.009532667,0.07030654,0.3050153,0,0,0,f,8,21
205.0231,10,0.02390628,-0.05382011,-0.3570679,0,0,0,f,8,21
205.5235,10,0.06676871,6.637996,-2.050887,44.16124,0.00367278,0.01563503,f,8,21
206.0369,10,-0.08101493,6.123402,1.004817,33.4575,0.00145861,-0.011154,f,8,21
206.5373,10,0.08101857,2.314026,0.5639546,17.1859,0.0210676,-0.0486554,f,8,21
207.0373,10,-0.01429354,8.772439,8.428271,67.01107,-0.09323418,0.08743456,f,8,21
207.5374,10,-0.104812,0.841425,1.353205,8.635923,0.06440336,-0.03343106,f,8,21
208.0508,10,-0.1936522,-10.71762,-9.038034,-93.52886,-102.9862,121.1237,f,8,21
208.5649,10,-0.9437344,-6.301094,-0.9151411,-30.07912,-5.424051,159.301,f,8,21
209.0785,10,-0.2240179,9.899671,2.745423,71.77345,-37.18878,154.7955,f,8,21
209.5793,10,0.7626141,6.506054,7.321081,48.05844,-131.6671,89.75427,f,8,21
210.092,10,0.4003727,-4.332618,-5.490799,-51.78927,-130.9516,90.89845,f,8,21
210.6064,10,-0.5595915,-11.32162,-4.029283,-64.52066,-32.01669,157.4219,f,8,21
211.1067,10,-0.6136546,-1.513809,-0.2295879,-7.60037,5.418735,161.1592,f,8,21
211.6072,10,0.2755851,-7.020066,1.918638,-32.28379,41.8964,155.8386,f,8,21
212.1199,10,-0.0762577,-0.2326402,-0.3560664,0,0,0,f,8,21
212.6205,10,0.02865623,0.151755,0.4323255,0,0,0,f,8,21
213.1206,10,0.01424986,0.1564527,0.2799981,0,0,0,f,8,21
213.6341,10,-0.02388808,0.1135421,0.4323731,0,0,0,f,8,21
214.1342,10,-0.004731753,0.1757798,0.4323731,0,0,0,f,8,21
214.6476,10,0.1668217,0.09056779,-0.07627765,0,0,0,f,8,21
215.1617,10,-0.03339528,0.008059901,-0.3560187,0,0,0,f,8,21
215.6662,10,-2.341362,-1.077582,0.1838993,-4.010961,26.84982,28.54846,f,8,21
216.1766,10,-3.122538,-1.327475,0.8862076,-1.088779,32.88519,25.07935,f,8,21
216.6781,10,-4.005067,-0.9058565,1.911007,2.35941,39.95081,19.04406,f,8,21
217.1887,10,-3.608499,-0.253553,4.361145,7.285107,46.60291,10.90182,f,8,21
217.7027,10,-2.812142,0.3086146,4.880721,13.6459,45.46724,2.583229,f,8,21
218.2049,10,-1.367944,1.08524,4.270637,20.53965,38.73555,-3.090573,f,8,21
218.7169,10,-0.4528032,1.057971,3.202977,24.74847,31.78424,-7.705511,f,8,21
219.2172,10,-0.04290618,0.9705497,2.592886,27.1244,25.95247,-10.9828,f,8,21
219.7178,10,0.6946987,-2.205616,-1.601485,37.81163,8.991976,7.063181,f,8,21
220.231,10,1.51721,-2.737057,-2.059059,37.151,11.06612,14.89825,f,8,21
220.7321,10,2.840723,-2.893164,-2.74541,35.67947,12.41428,26.03263,f,8,21
221.2447,10,4.229397,-2.411437,-3.357014,29.98533,15.17344,34.86271,f,8,21
221.745,10,4.714911,-1.046738,-2.570512,20.63184,18.59998,37.58548,f,8,21
222.2594,10,4.007496,0.215042,-1.692293,10.63052,21.55044,36.33386,f,8,21
222.7718,10,3.012871,0.949876,-0.7272749,2.000836,22.87786,33.44104,f,8,21
223.2726,10,2.223996,1.256534,-0.1818724,-4.259413,23.22989,30.76093,f,8,21
223.7864,10,1.740906,4.890255,-3.355501,32.3003,-0.08731223,16.14502,f,8,21
224.2869,10,1.269022,7.416416,-2.211575,40.47383,0.1082491,20.70719,f,8,21
224.7996,10,-0.3949991,8.360152,0.6100782,42.96651,-0.005569991,22.06978,f,8,21
225.3001,10,-1.511875,6.685115,2.599175,37.22414,0.01549423,18.75645,f,8,21
225.8004,10,-1.644864,4.2562,3.582745,28.26721,0.3400527,13.8506,f,8,21
226.3136,10,-0.09351154,-0.4413869,-1.271771,-24.78809,-49.58867,34.36687,f,8,21
226.8269,10,-1.021425,-2.877742,-2.809829,-37.54687,-39.61333,42.12156,f,8,21
227.3417,10,-1.920832,-5.562309,-3.96558,-48.50452,-19.49381,54.69765,f,8,21
227.8418,10,-1.454925,-4.237271,-1.296434,-27.92885,-7.093689,62.8648,f,8,21
228.3552,10,-0.6458386,-1.825506,-0.2287853,-10.39872,-2.435474,64.1908,f,8,21
228.8555,10,0.02740643,-0.3860737,7.931207,0,0,0,f,8,21
229.356,10,0.1179668,-0.367008,8.083714,0,0,0,f,8,21
229.8689,10,0.05242969,-0.3670078,8.007443,0,0,0,f,8,21
230.3694,10,0.2418915,0.06196237,-0.07626136,0,0,0,f,8,21
230.8837,10,-0.1667516,-0.2047649,0.07663988,0,0,0,f,8,21
231.3844,10,0.1047301,0.09080238,-0.3810446,0,0,0,f,8,21
231.8977,10,-0.02849517,-0.2289405,-0.6099743,0,0,0,f,8,21
232.4112,10,-0.3608919,-0.5193393,-0.1524062,0,0,0,f,8,21
232.9121,10,-0.02258413,-0.07625042,-0.2288714,0,0,0,f,8,21
233.4252,10,-0.1048594,-0.07149503,-0.1525227,0,0,0,f,8,21
233.939,10,0.04408861,0.1096257,0,0,0,0,f,8,21
234.444,10,0.03453727,0.02860528,-5.82E-05,0,0,0,f,8,21
234.9521,10,-0.01671129,-0.02392085,-5.82E-05,0,0,0,f,8,21
235.4522,10,-0.01672585,-0.1097331,0.07640693,0,0,0,f,8,21
235.9522,10,0.01322162,0.1337012,-0.07623222,0,0,0,f,8,21
236.4665,10,0.1050613,0.06209155,0.1526974,0,0,0,f,8,21
236.9666,10,0.05850725,0.1384512,-0.07640693,0,0,0,f,8,21
237.4787,10,0.281776,0.06197508,-0.07646516,0,0,0,f,8,21
237.9791,10,1.178255,-0.4061047,0,0,0,0,f,8,21
238.4799,10,0.02015455,-0.7401193,-0.1529303,0,0,0,f,8,21
238.9801,10,-0.04647173,0.004766329,0,0,0,0,f,8,21
239.4812,10,0.3086202,0.2955128,0.1525227,0,0,0,f,8,21
