0.4823865,0,1.426775,0.2314882,6.018366,-0.2325084,8.013021,-3.042991,f,8.2,30
0.9858329,0,0.495169,-0.2395366,-0.1662971,-0.7223374,11.93653,-4.156642,f,8.2,30
1.485974,0,0.5298485,-0.2599605,-0.1930948,-1.220745,14.75103,-4.063175,f,8.2,30
1.999534,0,0.7712848,0.2237413,-0.2169611,-1.707467,14.29801,-3.829156,f,8.2,30
2.499708,0,0.9411582,-0.1113864,-0.9107599,-2.215462,14.02762,-3.6176,f,8.2,30
3.012586,0,0.9459266,0.2065304,-1.344682,-2.609611,11.34578,-3.329551,f,8.2,30
3.513611,0,0.3182891,-0.08448976,-0.4029278,-2.869297,7.314658,-3.101828,f,8.2,30
4.027959,0,-0.7224209,0.6014121,-0.4172329,-3.017129,2.698668,-2.97154,f,8.2,30
4.5282,0,-0.2932551,0.005066493,-0.0190735,-3.028269,-1.63693,-2.950288,f,8.2,30
5.042265,0,-0.1287462,-0.143424,0.2002718,-2.925986,-6.067957,-3.060014,f,8.2,30
5.542621,0,-0.6794936,0.05885974,0.5817419,-2.703046,-10.30811,-3.266365,f,8.2,30
6.042799,0,-0.7033355,0.1475217,0.8058556,-2.341354,-12.98753,-3.514971,f,8.2,30
6.55645,0,-0.8773872,-0.08724648,0.6389624,-1.880096,-15.24191,-3.777536,f,8.2,30
7.069366,0,-0.8225449,-0.09477157,0.329018,-1.367046,-14.80073,-4.020496,f,8.2,30
7.569777,0,-0.9679833,0.1295658,0.3719333,-0.8359635,-12.1685,-4.105064,f,8.2,30
8.070343,0,-0.8334555,0.0574119,0.1285673,-0.4164769,-11.40878,-4.223677,f,8.2,30
8.584299,0,-1.33765,-0.4597365,0.362492,-0.00137662,-8.397958,-2.154557,f,8.2,30
9.098136,0,-0.3642786,-0.04707449,-0.03807548,-0.4244069,-6.400332,7.919128,f,8.2,30
9.598182,0,-0.2254429,0.04770462,-0.2859595,-0.8832541,-7.981575,7.904021,f,8.2,30
10.1112,0,-0.6740487,-0.01380873,-0.07654436,-1.470792,-8.233973,7.853559,f,8.2,30
10.61128,0,-0.5459761,-0.02632907,-0.2579215,-2.055642,-9.047144,7.712601,f,8.2,30
11.12566,0,-0.7121689,-0.1116545,-0.1805546,-2.622346,-7.954795,7.4814,f,8.2,30
11.62649,0,-0.4707758,0.1331834,-0.2852919,-3.072456,-5.903145,7.254484,f,8.2,30
12.13932,0,0.0350416,-0.06873503,-0.1039864,-3.311074,-2.537472,7.031978,f,8.2,30
12.65246,0,0.105554,0.01032167,0.2089026,-3.306061,1.855692,7.034534,f,8.2,30
13.16619,0,0.4473214,-0.05271626,0.1723887,-3.117005,5.427554,7.232485,f,8.2,30
13.6666,0,0.09630331,-0.1698434,0.2389076,-2.673109,8.190406,7.406357,f,8.2,30
14.1803,0,0.5385702,0.0176158,0.2191069,-2.132918,8.929232,7.695638,f,8.2,30
14.68075,0,0.5941427,0.02857021,0.1048327,-1.525712,8.143006,7.835625,f,8.2,30
15.18122,0,0.5948222,0.006445317,0.08587845,-0.9575237,8.087219,7.909729,f,8.2,30
15.68122,0,0.5239142,0.02444408,0.01914503,-0.4959459,6.517374,7.909195,f,8.2,30
16.19557,0,0.3790681,0.01158501,-0.009536525,-0.08036696,5.952171,7.899669,f,8.2,30
16.70823,0,-0.5352175,0.1535093,-0.1052167,0.2847899,-9.675261,-3.964881,f,8.2,30
17.22387,0,-0.8840601,-0.1345504,-0.03756378,0.677929,-12.24374,-4.002002,f,8.2,30
17.73676,0,-0.7830874,0.1577778,-0.3042177,1.10186,-12.17723,-3.888571,f,8.2,30
18.24991,0,-0.5471402,0.05881959,-0.2670227,1.547005,-11.85833,-3.729511,f,8.2,30
18.76455,0,-0.5578748,-0.001974266,-0.2670227,1.830818,-8.248143,-3.433584,f,8.2,30
19.27821,0,-0.1209947,0.1763099,-0.05721915,1.905054,-2.012069,-3.223313,f,8.2,30
19.77833,0,0.08761682,-0.04697372,0.2288766,1.859045,4.964326,-3.253321,f,8.2,30
20.29117,0,0.2166802,-0.1377678,0.4370321,1.681249,10.64442,-3.516446,f,8.2,30
20.80584,0,0.7748855,-0.198334,0.4204854,1.344466,12.95004,-3.817239,f,8.2,30
21.30631,0,0.7957179,-0.02418183,0.2100162,0.9257755,12.4948,-3.948338,f,8.2,30
21.82027,0,0.7777304,-0.01922159,0.0762922,0.4650468,10.08741,-3.920121,f,8.2,30
22.33288,0,0.6366979,0.1296342,0.0381461,0.1490985,9.297967,-3.955844,f,8.2,30
22.84722,0,-0.5594382,0.09499049,0.1716455,0.6979712,-7.909677,-23.5307,f,8.2,30
23.36122,0,-0.562877,-0.03437113,-0.03843403,2.416499,-8.562194,-23.29371,f,8.2,30
23.86155,0,-0.6771166,0.01403426,-0.05771065,4.360628,-10.59839,-23.12572,f,8.2,30
24.37507,0,-0.4947159,-0.0666322,-0.305994,6.342973,-11.87802,-22.35864,f,8.2,30
24.88777,0,-0.7958192,0.0076687,-0.2848338,8.666827,-10.56617,-21.7373,f,8.2,30
25.38827,0,-0.4110617,0.05081534,-0.1889276,10.52713,-8.776042,-20.93945,f,8.2,30
25.8883,0,-0.2824317,-0.126115,-0.3029064,11.79645,-5.038705,-20.23125,f,8.2,30
26.38883,0,0.08455128,-0.1884356,-0.1310023,12.31081,-0.3763144,-19.92097,f,8.2,30
26.90261,0,0.06437154,0.04634048,0.09536525,12.03494,4.489173,-20.24815,f,8.2,30
27.40304,0,0.5185366,-0.04827754,0.1525844,10.95917,8.38205,-20.97429,f,8.2,30
27.91695,0,0.6544262,-0.09953524,0.1335113,9.187265,10.05749,-21.78398,f,8.2,30
28.41736,0,0.615088,-0.1478128,0.1335113,7.021009,11.61139,-22.36673,f,8.2,30
28.92957,0,0.5888655,-0.09849218,0.05721915,4.87486,10.37981,-23.13759,f,8.2,30
29.43126,0,0.5292652,-0.1211411,-0.1144383,2.831346,8.516387,-23.32101,f,8.2,30
29.94481,0,0.5547624,0.07209435,0.07605741,1.076267,7.817257,-23.52442,f,8.2,30
30.44522,0,0.985246,0.0542371,-0.05759143,-1.017792,13.41991,-19.37378,f,8.2,30
30.95865,0,0.7680696,-0.1136763,-0.09594201,-3.443188,14.9534,-19.28056,f,8.2,30
31.4593,0,1.113895,-0.02244059,-0.3826594,-6.019212,18.81042,-18.31612,f,8.2,30
31.97196,0,1.094631,-0.04224435,-0.6272114,-9.177821,18.69197,-17.23303,f,8.2,30
32.47287,0,0.8213094,-0.03121647,-0.6866179,-11.78106,18.02106,-15.5184,f,8.2,30
32.98601,0,0.6687369,0.1086244,-0.6293987,-13.8375,14.22479,-13.52439,f,8.2,30
33.48798,0,0.5274771,0.03799635,-0.3814491,-15.36651,10.24856,-12.07805,f,8.2,30
33.99989,0,0.1540745,0.01519846,-0.2860957,-16.08765,6.30242,-10.8465,f,8.2,30
34.50473,0,0.2056194,0.003874126,-0.1335113,-16.60347,2.45129,-10.26542,f,8.2,30
35.01278,0,-0.07033187,-0.1134671,0.2098036,-16.62138,-1.08474,-10.14928,f,8.2,30
35.51421,0,-0.1001335,0.1356688,0.1525844,-16.3647,-4.841987,-10.58621,f,8.2,30
36.02776,0,-0.3194736,0.1523575,0.6103257,-15.70498,-8.722195,-11.60641,f,8.2,30
36.52791,0,-0.3659641,0.2204524,0.4958874,-14.40207,-13.00596,-12.94309,f,8.2,30
37.04184,0,-0.8916413,-0.0375117,0.7247521,-12.66925,-16.85066,-14.94951,f,8.2,30
37.555,0,-1.287395,0.1481477,0.9154825,-9.969501,-17.90235,-16.41352,f,8.2,30
38.05502,0,-1.079988,0.0366549,0.3814491,-7.306009,-19.13653,-18.17413,f,8.2,30
38.56799,0,-1.121823,0.08495693,0.3034216,-4.278728,-15.12717,-18.8931,f,8.2,30
39.06834,0,-1.016884,-0.04342737,0.2660944,-1.841828,-14.00666,-19.49737,f,8.2,30
39.58255,0,-1.09158,-0.04193081,-0.1899619,-0.4518638,-15.08986,15.46542,f,8.2,30
40.09649,0,-1.062652,0.2433208,-0.342072,-2.628731,-17.03388,15.29825,f,8.2,30
40.59681,0,-1.354876,-0.0119393,-0.3022055,-5.252561,-21.14199,14.70328,f,8.2,30
41.10966,0,-1.203956,-0.007450038,-0.6103138,-7.9514,-20.87095,13.40829,f,8.2,30
41.6097,0,-0.8058125,-0.002980164,-0.724764,-9.96386,-15.81563,11.93146,f,8.2,30
42.12411,0,-0.4327079,0.005401548,-0.4577532,-11.16956,-7.623713,10.80152,f,8.2,30
42.63836,0,-0.07033187,0.1350357,0.0381461,-11.48845,0.3801266,10.44863,f,8.2,30
43.15079,0,0.2926402,0.06399753,0.7247521,-10.99004,9.247971,10.93396,f,8.2,30
43.65146,0,0.9285952,-0.000372521,0.724764,-9.68356,16.87928,12.12427,f,8.2,30
44.15162,0,1.411072,0.1763471,0.4195952,-7.546602,21.4304,13.5947,f,8.2,30
44.65178,0,1.37978,0.000894049,0.4195952,-4.938118,21.33929,14.80866,f,8.2,30
45.15212,0,1.243333,0.1993684,0.1907305,-2.367036,16.74306,15.37469,f,8.2,30
45.66585,0,0.8847998,0.05148115,-0.0381461,-0.1347802,14.70881,15.39912,f,8.2,30
46.16607,0,1.091851,-0.01192038,-0.0762922,-1.449461,13.32598,-14.03679,f,8.2,30
46.67987,0,1.108597,0.006779687,-0.3051569,-3.159469,16.92183,-13.57765,f,8.2,30
47.1799,0,1.305282,-0.1516124,-0.4196071,-5.137331,16.79805,-12.95699,f,8.2,30
47.69254,0,1.149127,-0.02786398,-0.6103138,-7.156929,16.17931,-12.09073,f,8.2,30
48.1928,0,0.6860219,0.05021464,-0.4958874,-8.674732,12.12333,-11.18049,f,8.2,30
48.69361,0,0.3385347,0.03326534,-0.3814491,-9.583221,6.008424,-10.49965,f,8.2,30
49.20715,0,-0.10967,-0.110189,-0.1144264,-9.818236,-1.034028,-10.25992,f,8.2,30
49.7072,0,-0.3361506,0.04827754,0.4958874,-9.431941,-7.512243,-10.60044,f,8.2,30
50.22082,0,-0.7360753,-0.02873785,0.4880424,-8.324441,-13.53746,-11.40401,f,8.2,30
50.7344,0,-1.004959,0.01049565,0.5286242,-6.662666,-17.27899,-12.37438,f,8.2,30
51.2349,0,-1.119278,0.1033701,0.4228541,-4.717436,-17.01221,-13.17456,f,8.2,30
51.74704,0,-1.239718,0.08172914,0.7247521,-2.621484,-14.21274,-13.64578,f,8.2,30
52.26186,0,-0.9488634,-0.06042134,0.0762922,-0.9619151,-12.84597,-14.04276,f,8.2,30
52.76201,0,-0.7486001,-0.2529355,0.0762922,0.7083653,-9.827816,-22.36246,f,8.2,30
53.26254,0,-0.6198592,-0.0299499,-0.1525844,2.724314,-10.71793,-22.29743,f,8.2,30
53.77632,0,-0.8225074,-0.03099296,-0.1144383,5.024461,-13.35853,-21.87811,f,8.2,30
54.27667,0,-0.9130984,0.08150563,-0.4577413,7.48338,-13.17045,-20.9896,f,8.2,30
54.78937,0,-0.6508559,-0.05766468,-0.3433149,10.15561,-13.21093,-20.06841,f,8.2,30
55.28949,0,-0.6818496,-0.1367866,-0.1525844,12.18795,-10.82818,-18.85568,f,8.2,30
55.80392,0,-0.5137684,-0.009238322,-0.07628028,13.57221,-6.385698,-17.79903,f,8.2,30
56.30438,0,-0.1168224,0.09372399,-0.1907305,14.16958,-1.049048,-17.37538,f,8.2,30
56.81849,0,0.25391,-0.1212899,0.1525844,13.96585,4.017962,-17.58972,f,8.2,30
57.33128,0,0.3891975,-0.1032603,0.343303,12.88817,9.06168,-18.40204,f,8.2,30
57.84544,0,0.8248915,0.06392303,0.4958874,10.93099,11.95876,-19.46517,f,8.2,30
58.3461,0,0.8254876,0.01326173,0.2670108,8.610208,14.58879,-20.66576,f,8.2,30
58.84631,0,0.8982036,0.03792184,0.2670108,6.133674,13.24039,-21.67094,f,8.2,30
59.35999,0,0.7904706,-0.02868333,0.2670227,3.577703,10.95049,-21.91971,f,8.2,30
59.86002,0,0.6323796,0.07851022,0.1138412,1.470118,10.16053,-22.47066,f,8.2,30
60.3612,0,-0.3879729,0.007974935,0.000262279,0.2734678,-5.097248,-26.20811,f,8.2,30
60.87319,0,-0.4842476,0.04221879,-0.07608488,1.494798,-5.523776,-26.25981,f,8.2,30
61.37508,0,-0.3795258,0.04708289,0.1526228,2.929248,-6.869237,-26.18156,f,8.2,30
61.88665,0,-0.4985873,0.1301048,-0.3048522,4.57806,-7.797554,-25.84266,f,8.2,30
62.38775,0,-0.4536183,0.04020103,-0.1133882,6.222045,-6.764611,-25.4458,f,8.2,30
62.90056,0,-0.325124,0.07234181,-0.1144383,7.65867,-4.83534,-25.09719,f,8.2,30
63.40092,0,0.03099371,0.1249405,-0.1907305,8.322915,-0.8992091,-24.88868,f,8.2,30
63.90129,0,0.1305252,0.06705216,0.0762922,8.040397,3.503622,-24.99776,f,8.2,30
64.41872,0,0.4558936,0.02233037,0.07962998,6.936376,6.595407,-25.36535,f,8.2,30
64.9281,0,0.5897566,0.07300843,0.379804,5.304222,7.501253,-25.79373,f,8.2,30
65.44634,0,0.6260582,-0.05902857,0.1526373,3.569003,6.923404,-26.07745,f,8.2,30
65.95624,0,0.515157,-0.03890527,-0.2289679,1.99062,5.687775,-26.0089,f,8.2,30
66.46909,0,0.4763487,0.04564568,0.03759775,0.7177125,5.231395,-26.33064,f,8.2,30
66.96938,0,3.608178,-0.06275676,-0.2720771,-0.882622,51.26446,-5.4842,f,8.2,30
67.48347,0,4.162157,-0.02271816,-3.329618,-4.351336,66.84129,-4.855795,f,8.2,30
67.98363,0,0.8687774,-0.01619868,-2.370106,-2.807582,31.10977,-1.187297,f,8.2,30
68.48444,0,0.1436201,-0.02124056,-0.744439,-2.610459,8.848062,-0.598015,f,8.2,30
68.9971,0,-0.1732071,0.07256215,0.2452139,-2.604071,-6.49251,-0.6134382,f,8.2,30
69.49789,0,-0.8867061,0.08807912,1.397542,-2.856655,-27.51986,-1.08843,f,8.2,30
70.01072,0,-2.914541,0.02696499,2.471653,-3.996866,-63.97371,-4.041281,f,8.2,30
70.52523,0,-3.233824,0.02385929,1.250799,-0.987429,-53.49289,-4.541399,f,8.2,30
71.02547,0,-2.27E-05,-0.03685047,9.54E-05,-7.57E-12,4.19E-11,4.291368,f,8.2,30
71.53958,0,-0.3551201,0.09809163,-0.1524414,6.65E-12,-3.10E-11,4.29183,f,8.2,30
72.05108,0,-0.2036628,-0.1762426,-0.152501,-1.06E-11,4.14E-11,4.291148,f,8.2,30
72.56615,0,-0.07622816,-0.1309307,-0.2288289,7.86E-12,-2.65E-11,4.291618,f,8.2,30
73.07991,0,0.09894305,-0.04020772,0.152501,-8.46E-12,2.47E-11,4.29058,f,8.2,30
73.57998,0,-0.09768213,-0.169828,0,1.04E-11,-2.75E-11,4.290386,f,8.2,30
74.09467,0,-0.1084498,-0.2240311,-0.07628028,9.69E-13,-1.96E-12,4.290801,f,8.2,30
74.60688,0,0.1538628,0.03139705,4.77E-05,-2.14E-12,4.82E-12,4.290144,f,8.2,30
75.10761,0,0.02272943,-0.09745193,-0.3050496,2.39E-12,-4.62E-12,4.290444,f,8.2,30
75.62211,0,0.03219732,0.07728844,0,-7.81E-13,1.60E-12,4.290731,f,8.2,30
76.13602,0,-0.0369673,-0.005477935,-0.1526493,2.55E-12,-4.35E-12,4.290873,f,8.2,30
76.63606,0,0.02623485,-0.1022935,0.07631867,-7.67E-12,1.16E-11,4.289554,f,8.2,30
77.14935,0,-0.06448831,0.009674544,0.07626836,-1.60E-12,2.01E-12,4.290926,f,8.2,30
77.64993,0,-0.02519086,-0.1870413,0.07617299,6.10E-12,-7.89E-12,4.290248,f,8.2,30
78.16372,0,0.03356307,0.04934481,0.3051092,-2.84E-12,3.27E-12,4.290434,f,8.2,30
78.66386,0,0.05143432,0.01462357,0,3.24E-12,-3.54E-12,4.290561,f,8.2,30
79.17753,0,-0.05579272,-0.1292349,0.1525248,1.27E-12,-1.37E-12,4.290917,f,8.2,30
79.67777,0,-0.3776294,-0.08728901,0.2281494,0.1383117,-6.718343,-13.71594,f,8.2,30
80.1908,0,-0.4832276,0.01907752,-0.07541007,1.021238,-7.426463,-13.68164,f,8.2,30
80.69109,0,-0.6208338,0.092267,-0.3033926,2.079115,-9.132692,-13.63145,f,8.2,30
81.20602,0,-0.4905439,0.01784262,-0.1555765,3.266405,-9.400089,-13.39628,f,8.2,30
81.71938,0,-0.4186236,-0.05252688,0.07202461,4.221961,-6.453281,-13.03438,f,8.2,30
82.22238,0,0.02318568,0.01200038,0.08072668,4.599504,0.1716417,-12.79377,f,8.2,30
82.73198,0,0.670978,0.1176599,0.07945117,4.196784,6.462535,-13.04349,f,8.2,30
83.23265,0,0.6084601,-0.0220372,0.1538242,3.260506,9.304046,-13.39886,f,8.2,30
83.7467,0,0.5583695,0.03473717,0.1526559,2.053997,9.171627,-13.6394,f,8.2,30
84.26047,0,0.5461626,-0.02258277,0.07630675,0.9719452,7.34127,-13.68027,f,8.2,30
84.76111,0,0.5282745,-0.00536625,0.0763306,0.1370615,6.713963,-13.714,f,8.2,30
85.26169,0,0.6397725,0.03331527,-0.0763306,0.5911582,10.07714,8.453607,f,8.2,30
85.77453,0,0.9355118,0.01341553,-0.07630675,1.479882,12.472,8.415746,f,8.2,30
86.28783,0,0.9015533,-0.1060124,-0.1508678,2.427608,12.22577,8.080929,f,8.2,30
86.78792,0,0.106964,0.03543825,-0.07185771,2.929899,2.576219,7.759811,f,8.2,30
87.30215,0,-0.4904396,-0.02422315,0.1476016,2.731946,-9.187321,7.984922,f,8.2,30
87.80222,0,-0.8590919,-0.03840109,0.3780279,1.883714,-13.66331,8.351516,f,8.2,30
88.3157,0,-0.6219066,-0.03776855,0.3033211,0.9531863,-12.32915,8.495127,f,8.2,30
88.81583,0,-0.8372939,-0.0219761,-0.000989414,0.1638486,-9.403457,8.470283,f,8.2,30
89.3159,0,-0.445162,0.006736312,-0.000846367,-0.069339,-7.437974,1.457448,f,8.2,30
89.81602,0,-0.6899944,-0.1141289,-0.001406637,-0.1732716,-9.430488,1.447566,f,8.2,30
90.3291,0,-0.7672849,-0.00801571,-0.3788146,-0.2996382,-10.69697,1.426002,f,8.2,30
90.82912,0,-0.6451519,0.02936845,-0.2248117,-0.4229676,-9.644599,1.394577,f,8.2,30
91.32996,0,-0.3348989,-0.02608063,-0.2235242,-0.5132264,-5.015206,1.364655,f,8.2,30
91.84403,0,-0.1251788,-0.1198177,0.223703,0,0,0,f,8.2,30
92.34435,0,0.5521111,0.06923717,0.378004,-0.4704896,7.839021,1.380135,f,8.2,30
92.85814,0,0.5776273,0.08775806,0.2275534,-0.3576959,10.1861,1.414852,f,8.2,30
93.35892,0,0.6943454,0.1250736,4.77E-05,-0.2311089,9.594646,1.439593,f,8.2,30
93.87118,0,0.3850029,-0.06622604,-0.229425,-0.1116471,7.648885,1.452335,f,8.2,30
94.37166,0,0.384601,0.2514354,-0.2294965,-0.01786229,7.028809,1.456792,f,8.2,30
94.88522,0,-6.040298,0.01491349,4.924399,6.054842,-42.89297,-25.30202,f,8.2,30
95.38638,0,-11.82038,-0.02010493,-1.623641,25.90158,-57.89113,-27.09865,f,8.2,30
95.8988,0,0.6541103,0.005093846,2.170656,31.7544,14.74726,-22.07905,f,8.2,30
96.40057,0,12.57345,-0.03522107,6.54301,18.54897,78.02437,-35.2655,f,8.2,30
96.91206,0,5.531986,-0.4180734,-0.5721915,-2.308059,32.66005,-45.80795,f,8.2,30
97.41493,0,7.098131,-0.1652952,-3.455131,-17.296,42.86197,-41.54863,f,8.2,30
97.92667,0,2.853996,-0.4834787,-1.84279,-30.85871,18.96969,-35.03704,f,8.2,30
98.42829,0,-2.930383,-0.1702426,3.579225,-29.45975,-25.59505,-35.61467,f,8.2,30
98.94086,0,-7.664012,0.0261604,2.97644,-14.8296,-43.89287,-42.98093,f,8.2,30
99.44522,0,-5.300036,0.1046781,-0.1526135,-0.2048892,-30.77441,-45.305,f,8.2,30
99.95621,0,-11.05828,-0.5937887,-7.70827,-54.88472,-64.08807,92.20209,f,8.2,30
100.4719,0,4.430455,-1.114176,4.437393,-66.02054,43.31371,83.78715,f,8.2,30
100.9817,0,11.33824,-0.8044208,1.642666,-10.15615,53.65303,107.0432,f,8.2,30
101.4822,0,4.47291,-0.1431962,-0.3425997,0.02288501,26.73174,0.1513716,f,8.2,30
101.9955,0,3.675794,0.0142992,-1.499094,-0.02002896,21.99722,-0.06824245,f,8.2,30
102.4956,0,-2.435867,-0.1185432,1.164171,-0.03049827,-16.71145,-0.06272414,f,8.2,30
103.0093,0,-4.631294,-0.04558026,0.3493706,0.02376054,-26.94817,0.1405718,f,8.2,30
103.5233,0,-9.446978,0.124894,-0.5780565,0.2385257,-64.16637,-3.502852,f,8.2,30
104.0237,0,-11.16055,-0.04904791,-9.401392,3.079572,-82.16689,-3.085745,f,8.2,30
104.5238,0,-1.676044,0.05380276,-2.675067,6.694826,-16.14087,-2.620239,f,8.2,30
105.0373,0,1.418797,0.07959636,4.962474,5.828318,32.37001,-2.731421,f,8.2,30
105.5374,0,13.28974,-0.02491082,9.77675,1.52662,92.92563,-2.499654,f,8.2,30
106.0503,0,6.557927,-0.1458235,0.03476063,1.179958,40.81555,16.35375,f,8.2,30
106.5503,0,9.182792,0.004443052,-5.362293,8.466406,55.6119,15.27757,f,8.2,30
107.0646,0,3.282877,0.09209675,-4.686797,11.67594,30.05785,8.795317,f,8.2,30
107.565,0,-0.1980736,0.1101983,0.09655731,11.87343,-2.112929,6.967441,f,8.2,30
108.0796,0,-3.591241,-0.02239668,4.236196,11.28701,-34.98457,9.253919,f,8.2,30
108.5916,0,-8.711751,0.1507014,4.502861,7.335756,-56.55203,15.65844,f,8.2,30
109.1066,0,-5.892433,-0.02970702,0.2711711,0.1341719,-37.68998,15.79613,f,8.2,30
109.6068,0,-5.854091,-0.05817705,-1.707849,-0.2466034,-35.28034,0.9472583,f,8.2,30
110.1207,0,-3.980665,-0.07277761,-1.822478,-0.7615573,-22.87115,1.225554,f,8.2,30
110.6346,0,2.380698,0.09067992,2.144526,-0.7984024,19.35442,1.236018,f,8.2,30
111.1474,0,6.119493,0.04561244,1.645098,-0.3012545,35.06285,0.9652132,f,8.2,30
111.6476,0,4.210337,0.1036954,-0.2695976,0.006933076,25.42387,1.250864,f,8.2,30
112.1619,0,-7.158938,0.2182583,-1.269025,-18.68514,-44.30214,57.60685,f,8.2,30
112.6629,0,0.9240416,0.6570449,0.7794679,-30.17189,11.65217,53.47381,f,8.2,30
113.1765,0,7.109068,0.2614748,1.483359,-12.49868,41.1395,59.30975,f,8.2,30
113.6896,0,6.86833,0.2525831,-1.25453,5.912145,40.80265,49.54092,f,8.2,30
114.2033,0,5.389305,-0.6840653,-4.037955,26.89147,46.67588,42.20858,f,8.2,30
114.7038,0,2.691207,1.378003,-1.540077,33.32701,-5.201353,34.31318,f,8.2,30
115.2177,0,-8.165411,0.3075909,4.138422,23.82903,-52.27665,44.26719,f,8.2,30
115.7306,0,-6.653967,0.6019,-0.04010109,2.870596,-38.56721,49.68597,f,8.2,30
116.2449,0,-10.78903,0.1026786,-5.211663,-16.32382,-65.74729,36.00078,f,8.2,30
116.7452,0,-2.578319,-0.3894715,-3.325577,-32.49679,-21.97341,27.56686,f,8.2,30
117.2458,0,4.995303,-0.3356004,5.969769,-28.86271,45.14237,30.03444,f,8.2,30
117.759,0,12.46328,-0.808254,1.795489,-8.880831,54.93333,38.4335,f,8.2,30
118.2724,0,15.81015,-0.04627715,-4.083588,0.6898113,89.02011,1.847245,f,8.2,30
118.7863,0,2.999142,-0.2072251,-7.563871,-2.462047,45.26698,-1.182711,f,8.2,30
119.2865,0,-1.095651,0.06802899,1.011062,-3.501603,-9.206147,-1.140257,f,8.2,30
119.8003,0,-8.579153,-0.006708029,10.33452,-0.05460987,-84.7144,-0.0823385,f,8.2,30
120.3003,0,-11.35575,0.3588172,1.557267,0.01681329,-71.75131,0.2268471,f,8.2,30
120.8141,0,9.138423,0.02483818,-2.559699,9.399714,52.93504,26.70492,f,8.2,30
121.3144,0,4.086282,0.008774348,-4.280064,18.08769,28.44042,19.66951,f,8.2,30
121.8144,0,-3.054621,-0.01053637,2.576864,18.25514,-26.34406,19.46758,f,8.2,30
122.3276,0,-8.498725,0.1786415,2.725777,9.406555,-53.05426,26.57098,f,8.2,30
122.8278,0,-5.424203,0.1125373,-0.4927523,-1.06294,-35.71937,27.13613,f,8.2,30
123.3428,0,-8.265509,-0.03569939,-3.183769,-11.0762,-51.8423,23.99509,f,8.2,30
123.8563,0,-4.878767,0.2100613,-4.294726,-20.24007,-36.64092,18.11687,f,8.2,30
124.376,0,-0.2513828,0.07650025,-1.777489,-26.01061,-8.537333,15.18705,f,8.2,30
124.8837,1,1.260729,0.5126141,1.781924,-24.83228,17.05462,15.81472,f,8.2,30
125.3841,1,5.481618,-0.0808865,5.022029,-18.58301,44.84334,20.44444,f,8.2,30
125.8975,2,7.836186,0.04261746,2.467814,-7.633828,50.91351,24.75253,f,8.2,30
126.3982,2,-6.033369,-0.02316565,0.3459374,-0.2853353,-35.54906,7.456953,f,8.2,30
126.9106,2,-8.534684,0.1373231,-3.205456,-3.287035,-51.68072,7.069981,f,8.2,30
127.4108,2,-1.934233,-0.02172572,-2.442221,-3.935323,-15.12511,4.189745,f,8.2,30
127.9251,2,5.236291,-0.05692542,3.513995,-4.00043,37.63011,5.270292,f,8.2,30
128.4254,2,7.666643,-0.04509395,2.287853,-1.9024,48.29295,7.907616,f,8.2,30
128.939,2,5.390723,0.03384895,-0.6100782,2.334067,33.54831,27.64714,f,8.2,30
129.4395,2,7.018438,-0.04043982,-3.202994,11.83673,44.04837,25.56882,f,8.2,30
129.9532,2,3.67961,0.01668201,-3.050462,19.07164,27.51346,18.95807,f,8.2,30
130.4535,2,-0.1060498,-0.003053341,0.6100782,20.48905,-2.873723,16.42782,f,8.2,30
130.9665,2,-3.961417,-0.08547176,4.409934,17.6869,-34.48129,20.09171,f,8.2,30
131.4666,2,-7.478777,0.03530343,3.263592,9.813324,-44.76143,26.43636,f,8.2,30
131.9666,2,-5.100159,-0.09570611,0.2329741,0.7434617,-31.53265,27.31853,f,8.2,30
132.4686,2,-4.504769,-0.3180473,-0.5392503,-8.072389,-24.80118,48.87126,f,8.2,30
132.98,2,-3.251204,-0.3843357,-1.022511,-18.36356,-17.7971,46.15124,f,8.2,30
133.48,2,3.11849,-0.1816958,1.172119,-17.93292,19.63737,46.37842,f,8.2,30
133.9805,2,4.565475,-0.1153424,0.5351965,-7.448832,24.76835,48.97793,f,8.2,30
134.4986,2,4.489241,-0.01955212,-0.3872568,-0.967864,26.20098,-27.08563,f,8.2,30
135.0077,2,5.45508,-0.04349316,-2.287853,-8.899707,31.63947,-25.56932,f,8.2,30
135.5215,3,-5.580783,-0.05630244,1.98279,-8.093575,-33.77036,-25.78873,f,8.2,30
136.0358,3,-4.278381,-0.07089911,0.3050629,-0.5580244,-25.53955,-27.07072,f,8.2,30
136.5487,3,-3.27945,-0.07343295,-0.08093285,4.658622,-22.02513,-31.58363,f,8.2,30
137.0633,3,-3.92783,0.1219704,-1.734882,11.17471,-23.13232,-30.12553,f,8.2,30
137.5775,3,-1.481233,-0.2636839,-1.1002,16.09596,-10.39367,-28.56456,f,8.2,30
138.0782,3,1.830861,-0.1277628,0.2752289,15.8275,12.23502,-28.67452,f,8.2,30
138.5907,3,3.786852,-0.1681624,1.220204,10.35751,24.09843,-30.40841,f,8.2,30
139.105,3,3.46466,-0.03164793,0.8335082,3.941577,18.33602,-31.87153,f,8.2,30
139.6191,3,12.4827,-0.2515738,-0.09223579,12.26792,85.25251,96.563,f,8.2,30
140.1191,3,7.260015,-1.053579,-6.165085,81.22341,53.19673,58.61118,f,8.2,30
140.6318,3,-8.912534,-0.07261661,6.920784,70.30025,-80.32671,64.6301,f,8.2,30
141.1321,3,-11.52605,9.728449,7.110836,-0.591795,-47.55946,59.60968,f,8.2,30
141.6322,3,-10.60163,0.1539504,-5.516215,-30.41946,-67.9695,51.21777,f,8.2,30
142.1467,3,-2.826421,0.1998877,-3.202994,-50.33673,-23.67365,33.06171,f,8.2,30
142.6469,3,2.199657,0.4485568,3.050462,-50.07119,25.63769,33.43075,f,8.2,30
143.1604,3,10.6051,0.3733374,5.490799,-29.49734,68.84177,52.17432,f,8.2,30
143.661,3,-6.134273,-20.49859,-2.592916,-0.1774104,57.20893,-25.03677,f,8.2,30
144.1744,3,13.47204,0.3098117,-9.303895,-36.33712,88.60125,-41.56178,f,8.2,30
144.6749,3,2.075753,0.3085457,-4.575682,-57.52073,24.28204,-21.6832,f,8.2,30
145.1876,3,-1.429035,0.4562302,3.036949,-58.75035,-20.3438,-21.27674,f,8.2,30
145.7017,3,-10.7959,-0.6355131,8.895699,-37.43116,-87.08726,-40.92875,f,8.2,30
146.2027,3,-9.503162,-0.3978548,1.005866,-1.212765,-61.18807,-57.86793,f,8.2,30
146.7159,3,-3.779956,0.1156099,-1.135492,-2.719673,-24.11062,16.25346,f,8.2,30
147.2289,3,-3.9644,-0.2294914,-1.677727,-6.263952,-23.21963,15.19711,f,8.2,30
147.7291,3,-0.567172,-0.08099063,0.1525553,-8.129411,-1.129162,14.4533,f,8.2,30
148.2433,3,3.293113,-0.149426,2.186475,-6.398829,23.89133,15.21929,f,8.2,30
148.7573,3,4.190826,0.228266,1.294973,-2.981177,24.23975,16.22472,f,8.2,30
149.2574,3,2.785501,-0.06134199,0.5370564,-0.08503338,17.49609,16.46264,f,8.2,30
149.7577,3,0.01533624,-0.1690023,0.5341473,-3.47E-11,3.82E-11,-40.19469,f,8.2,30
150.2702,3,0.0915668,-0.0957076,-0.3817722,-6.45E-11,1.57E-10,-40.19273,f,8.2,30
150.7703,3,0.1453322,0.05707401,-0.2290156,0,0,0,f,8.2,30
151.2846,3,0.04528018,0.104487,0.3050153,0,0,0,f,8.2,30
151.7849,3,0.1382237,0.04572702,0.1525553,0,0,0,f,8.2,30
152.2983,3,-0.1048594,-0.03336434,0,0,0,0,f,8.2,30
152.7986,3,0.07626136,-0.05079126,0.1525076,0,0,0,f,8.2,30
153.299,3,14.82089,1.273431,-23.64102,-5.16E-12,127.0846,3.50E-12,f,8.2,30
153.8116,3,-13.54114,0.0495252,13.72705,-3.26E-12,-140.936,-5.62E-13,f,8.2,30
154.3123,3,0.1715881,0.03753489,0.1525553,0,0,0,f,8.2,30
154.826,3,0.08836848,0.05686837,0.3817722,0,0,0,f,8.2,30
155.3272,3,-0.1074306,0.001828493,0.3815815,0,0,0,f,8.2,30
155.8399,3,-1.064924,-0.03484625,0.2274895,-0.3990351,-7.973248,43.62958,f,8.2,30
156.3418,3,-6.882911,0.008521914,-2.045403,-9.434468,-45.68059,42.63667,f,8.2,30
156.8542,3,-4.823278,0.1078131,-3.206052,-26.4492,-32.36351,34.70173,f,8.2,30
157.3689,3,-0.0154939,-0.662893,-0.1525315,-26.11927,-2.899552,35.5413,f,8.2,30
157.8817,3,-0.8331743,-6.075961,-2.497782,-3.919109,-23.99052,56.6083,f,8.2,30
158.3949,3,0.164608,-5.815814,-3.800649,-9.034872,-36.69946,40.55456,f,8.2,30
158.8961,3,-0.6853539,-7.738649,-21.85832,33.4533,20.6787,-0.4567694,f,8.2,30
159.4005,3,7.551435,-4.563001,-5.521446,99.39008,94.84255,48.23017,f,8.2,30
159.9089,3,8.528341,0.5535101,-3.564574,21.34882,106.271,80.19363,f,8.2,30
160.4093,3,2.384372,1.985597,-1.820703,17.17895,-9.578856,12.6677,f,8.2,30
160.9241,3,7.273432,13.01685,-4.270619,62.25374,-14.82188,58.66125,f,8.2,30
161.4381,3,0.409897,4.141945,0.610102,19.96943,-3.362343,10.09233,f,8.2,30
161.9517,3,0.7721444,8.827255,2.745399,41.36627,-14.56968,34.07509,f,8.2,30
162.4656,3,-4.11508,6.120923,6.450329,37.92133,-9.676558,33.878,f,8.2,30
162.9792,3,0.523202,0.1124094,-0.5167994,-0.9724869,-0.06088763,-3.212874,f,8.2,30
163.4802,5,3.208794,-3.329788,-0.8459498,-7.316684,0.1077333,-25.6634,f,8.2,30
163.9923,5,0.1772224,-0.5574447,-0.2256057,0,0,0,f,8.2,30
164.5068,5,-0.7208953,-1.761156,-4.575682,-10.14605,30.37801,-9.163998,f,8.2,30
165.0069,5,-1.401316,-2.269975,-3.660541,-8.293395,24.79744,-13.09926,f,8.2,30
165.5069,5,-1.022383,-0.4995709,-1.22018,4.430852,13.34903,-9.598001,f,8.2,30
166.0206,5,-6.374869,-3.530928,-4.896843,-21.46702,47.6777,-8.202682,f,8.2,30
166.5347,5,-0.8574017,-0.4657931,-0.8202022,-0.04356031,8.26382,-13.75266,f,8.2,30
167.0348,5,0.5234762,0.1192532,-0.3677032,-13.82816,-14.11211,64.464,f,8.2,30
167.5472,5,0.3891883,0.2829908,0.5179321,-13.83338,-14.11638,64.48588,f,8.2,30
168.048,5,0.07963325,0.3964792,0.362934,-13.8312,-14.11512,64.47902,f,8.2,30
168.5624,5,-0.03812691,0.3884559,-0.1525076,-13.83604,-14.12044,64.50162,f,8.2,30
169.0627,5,-0.3908395,0.171589,0,-13.84201,-14.12551,64.52659,f,8.2,30
169.5755,5,-2.273545,0.3264922,-0.6100782,-0.01639832,15.14173,1.243962,f,8.2,30
170.0757,5,-1.253546,-0.1644379,0,-0.1231007,7.730374,-0.4496926,f,8.2,30
170.5765,5,2.435597,0.08579448,0.7626335,3.077447,-7.343232,-44.82641,f,8.2,30
171.0891,5,10.4907,0.2931207,3.96558,22.46917,-53.72027,-49.33122,f,8.2,30
171.5893,5,2.187738,-0.1048579,1.677751,30.41762,-4.265073,-32.26746,f,8.2,30
172.0895,5,-3.984673,-4.666244,-3.20297,-3.024393,36.84086,-45.71154,f,8.2,30
172.6039,5,-8.417148,-7.150908,-0.6476059,-29.44194,33.34576,-59.23914,f,8.2,30
173.1169,5,-2.624617,0.6595288,-0.336942,2.985995,-1.994452,-39.70918,f,8.2,30
173.6176,5,-11.53875,4.613637,3.500286,2.154992,56.8539,-70.55754,f,8.2,30
174.1185,5,-3.837467,2.752736,3.28689,-22.82621,22.38311,-35.22643,f,8.2,30
174.6305,5,4.60683,9.0964,-3.282717,27.28231,-34.28537,-52.97833,f,8.2,30
175.1308,5,11.78003,7.064289,2.391692,33.51557,-32.71103,-57.00448,f,8.2,30
175.6312,5,6.676176,0.5049599,2.654664,17.02188,-20.24725,-38.75557,f,8.2,30
176.145,5,10.01883,-8.345872,10.82911,39.73637,-47.13967,-73.96552,f,8.2,30
176.6452,5,-0.2812262,0.04289426,-0.4575646,0,0,0,f,8.2,30
177.1461,5,0.2955282,0,0.1525195,0,0,0,f,8.2,30
177.6595,6,0.3718059,0.07626573,-0.305045,0,0,0,f,8.2,30
178.1599,6,-2.36413,1.625334,-14.33714,-12.76208,84.21008,8.926932,f,8.2,30
178.6723,6,-3.232569,-1.035447,-3.009324,5.359142,27.7587,-12.3755,f,8.2,30
179.1745,6,-10.86687,1.935998,-6.122568,3.044343,77.8822,12.86245,f,8.2,30
179.6867,6,-4.868991,-1.442412,2.022892,-8.038428,34.47355,-8.070442,f,8.2,30
180.1876,6,-8.897916,1.630699,5.04483,9.319075,64.82733,-0.2856395,f,8.2,30
180.7009,6,-1.887491,-1.334573,6.253432,-9.158971,39.19663,3.658837,f,8.2,30
181.2055,6,7.730978,1.897001,-10.82911,3.238446,-90.94728,-16.09195,f,8.2,30
181.7139,6,8.52221,-1.782609,-3.050486,-11.87998,-59.65804,14.20121,f,8.2,30
182.2145,6,-0.9913971,-15.57638,-2.592916,-96.35902,6.766436,-5.510537,f,8.2,30
182.7276,6,-0.1048609,-3.107647,2.44036,-20.4046,-3.613038,-7.283761,f,8.2,30
183.2283,6,0.02859816,-0.1429729,0.1525076,0,0,0,f,8.2,30
183.7424,6,-0.03016203,-0.2609214,-0.6271938,0,0,0,f,8.2,30
184.2561,6,-0.08750238,-0.1276469,-0.1694487,0,0,0,f,8.2,30
184.7687,6,0.03023953,0.0941673,0.474628,0,0,0,f,8.2,30
185.2691,6,-0.02697861,0.2181419,0.1694487,0,0,0,f,8.2,30
185.7836,6,-12.34481,-2.011394,2.897931,-12.35243,79.70673,-13.73363,f,8.2,30
186.2971,6,-1.344108,0.4861747,1.677751,16.8973,25.21452,10.44861,f,8.2,30
186.8102,6,-3.188692,0.9342105,16.7775,-23.7994,91.42783,-8.870404,f,8.2,30
187.3105,6,-0.4289664,0.06195175,-1.982796,39.37445,9.572135,-6.938612,f,8.2,30
187.8246,6,-0.5907096,0.4463707,-2.748553,42.76516,4.652568,-2.656147,f,8.2,30
188.3386,6,-0.1881438,1.005985,-4.034779,46.0198,-2.314139,3.100622,f,8.2,30
188.8518,6,1.791969,1.885361,-4.424265,47.61728,-11.92789,10.72819,f,8.2,30
189.3522,6,3.140786,2.684293,-4.028949,43.91315,-17.45251,19.73088,f,8.2,30
189.8669,6,3.469894,2.179407,-2.745376,34.55252,-18.68808,26.93912,f,8.2,30
190.3672,6,2.637526,1.914876,-1.677727,24.67735,-15.94572,32.04559,f,8.2,30
190.8802,6,2.116427,1.363336,-0.9802556,17.33994,-14.80148,34.66504,f,8.2,30
191.3803,6,0.2292899,0.4207245,-0.5240366,0,0,0,f,8.2,30
191.8809,6,1.6547,1.901904,-0.5267074,10.78623,-10.38974,-2.011832,f,8.2,30
192.3943,6,1.861172,1.803129,0.2411293,10.03992,-9.980783,-1.841052,f,8.2,30
192.9072,6,0.300855,0.1754817,0.3626955,0,0,0,f,8.2,30
193.4076,6,1.500498,-2.146294,-0.553367,-10.61676,18.96311,-84.08934,f,8.2,30
193.908,6,3.240217,-7.426573,-0.3779569,-30.87086,-11.40986,-91.51144,f,8.2,30
194.4213,6,1.08673,-4.570914,2.135345,-1.836101,-32.17984,-83.48645,f,8.2,30
194.9219,6,-0.3008796,-1.174902,0.1525553,18.5272,-33.00504,-76.84959,f,8.2,30
195.4352,6,-2.668776,1.997092,-1.067649,-2.099995,41.66071,83.24884,f,8.2,30
195.9359,6,-4.69726,5.660025,-0.7626335,35.70435,34.39404,88.46254,f,8.2,30
196.4483,6,-0.7571034,1.577654,0.1525076,26.08194,-5.882018,87.78722,f,8.2,30
196.9492,6,7.016343,-2.802608,-1.372712,-13.89521,-54.76842,97.87127,f,8.2,30
197.4494,6,11.49342,-6.103291,7.931207,-86.74065,-61.12362,84.63572,f,8.2,30
197.9496,6,2.963482,-1.31312,7.473613,-108.6866,-1.153496,41.74797,f,8.2,30
198.4634,6,-1.506868,5.769196,-6.562035,-61.77871,69.99928,68.24454,f,8.2,30
198.9638,6,-9.437357,10.62893,-5.934686,-18.15772,46.15921,125.969,f,8.2,30
199.4768,6,-5.69959,4.458365,0.5988172,4.196293,-24.29038,111.8013,f,8.2,30
199.9785,6,5.258352,-7.597816,-2.940385,-65.58251,-62.79788,73.02357,f,8.2,30
200.49,6,3.586775,-12.99112,6.276421,-121.2763,-7.570076,59.31102,f,8.2,30
200.9915,6,0.2910864,-4.452928,5.09152,-84.99129,56.97565,44.97266,f,8.2,30
201.5044,6,2.602403,10.20116,-3.96558,-16.23106,50.20053,109.3427,f,8.2,30
202.0228,6,-2.609357,13.32984,2.32831,-11.76355,-24.29654,128.0722,f,8.2,30
202.5318,6,-2.071537,4.513521,2.378863,-28.70531,-70.13876,80.9952,f,8.2,30
203.0463,7,-3.981996,-10.35144,-9.011112,-65.61012,44.97441,-23.33371,f,8.2,30
203.5602,8,-5.786333,-9.022669,1.98279,-44.41455,24.54259,-18.02605,f,8.2,30
204.0603,8,-0.00953267,-0.09293955,-0.1525076,0,0,0,f,8.2,30
204.5734,8,-0.1096257,-0.1668216,0.1525553,0,0,0,f,8.2,30
205.0741,9,0.08102769,0.1286828,0,0,0,0,f,8.2,30
205.5746,9,-0.1477564,7.916887,-1.067649,52.55459,0.01159362,0.06403294,f,8.2,30
206.0874,9,0,4.5876,0.3050629,23.70575,0.01263852,-0.05296382,f,8.2,30
206.6019,9,0.3479697,3.840757,1.030904,23.28936,0.02253363,-0.04814448,f,8.2,30
207.1023,9,0.02866352,7.178892,7.395412,55.79687,-0.0490114,0.03696768,f,8.2,30
207.616,9,-2.427556,-1.681419,-5.213158,-21.56332,-143.8633,72.97572,f,8.2,30
208.1292,9,2.45945,-16.52888,-7.30289,-102.0155,-85.89986,135.2763,f,8.2,30
208.6432,9,0.04766161,-1.858871,-0.3050629,-22.84118,0.35724,160.7752,f,8.2,30
209.1435,9,-2.654849,14.26087,6.863511,88.40732,-55.04626,150.8025,f,8.2,30
209.6571,9,-0.6815855,3.021834,3.355501,37.01643,-137.7537,82.55475,f,8.2,30
210.1582,9,2.206812,-7.859697,-8.541262,-62.59563,-126.4108,99.57018,f,8.2,30
210.6703,9,1.610535,-8.073231,-1.285864,-55.25753,-22.04728,158.7715,f,8.2,30
211.1712,9,-1.743249,0.7632605,-0.5334319,-10.49054,6.962526,161.5892,f,8.2,30
211.6844,9,-2.212389,-6.304249,1.750858,-24.28182,48.04224,153.6778,f,8.2,30
212.1852,9,0.1384075,0.2329144,0.6614365,0,0,0,f,8.2,30
212.6988,9,0.06202604,-0.0108141,0.2795212,0,0,0,f,8.2,30
213.199,10,-0.0333334,-0.1919353,0.2033575,0,0,0,f,8.2,30
213.6994,10,0.05244605,-0.03455265,0.2032621,0,0,0,f,8.2,30
214.212,10,0.128691,0.1382294,-0.3050629,0,0,0,f,8.2,30
214.7262,10,0.07626134,-0.2478547,0.07622997,0,0,0,f,8.2,30
215.2263,10,0.00953267,0.2192506,0.07627765,0,0,0,f,8.2,30
215.7405,10,-2.453116,-1.18341,0.4138211,-3.498248,27.48517,28.15484,f,8.2,30
216.2537,10,-3.207197,-1.244658,1.198064,-0.4564032,33.59866,24.34757,f,8.2,30
216.7543,10,-3.994158,-1.134896,2.688048,2.699146,42.02335,17.68941,f,8.2,30
217.2668,10,-3.428391,-0.2123712,4.415705,8.334476,46.74303,9.631229,f,8.2,30
217.7674,10,-1.918519,0.8348436,4.786198,14.99875,44.23306,2.16637,f,8.2,30
218.2675,10,-0.6578596,1.117918,3.863089,21.08942,38.06542,-3.775844,f,8.2,30
218.7679,10,-1.124571,0.908408,2.957855,25.03888,30.98392,-8.165552,f,8.2,30
219.2809,10,0.02860412,0.790022,1.906536,27.13897,25.28694,-11.60327,f,8.2,30
219.7829,10,0.9175248,-2.121019,-1.296446,37.58746,9.355697,7.899998,f,8.2,30
220.2954,10,1.781322,-2.532108,-2.287841,37.44371,10.53013,17.32844,f,8.2,30
220.7958,10,3.440098,-2.695342,-2.897931,35.2566,12.89031,27.06558,f,8.2,30
221.2964,10,4.193173,-1.985174,-2.897931,29.30283,15.30657,35.28107,f,8.2,30
221.8089,10,4.615831,-0.6401183,-2.429357,19.48698,19.0386,37.81711,f,8.2,30
222.323,10,3.759939,0.6618657,-1.198111,9.198356,21.6662,36.02988,f,8.2,30
222.8238,10,2.660959,1.107163,-0.415228,1.021312,22.8295,32.9665,f,8.2,30
223.3366,10,6.762996,2.374738,7.30041,17.81896,7.625245,18.10353,f,8.2,30
223.837,10,1.648643,5.116678,-3.172501,32.63794,-0.0788915,16.30878,f,8.2,30
224.351,10,1.010464,7.607075,-2.059067,40.87254,0.08334214,20.9162,f,8.2,30
224.8659,10,-0.4194317,7.978845,0.9151411,42.84084,-0.04860011,22.00131,f,8.2,30
225.3789,10,-1.792918,6.062762,3.279224,36.87273,-0.02442996,18.55245,f,8.2,30
225.8789,10,-1.610722,3.536613,3.508009,27.78378,0.3995357,13.68179,f,8.2,30
226.3915,10,-0.01079025,-0.7844334,-1.968595,-26.07832,-48.32013,34.91224,f,8.2,30
226.9059,10,-0.8000882,-3.572444,-3.169902,-39.23201,-37.16937,43.61163,f,8.2,30
227.4064,10,-1.652232,-6.372544,-2.794878,-47.86314,-17.4789,56.54031,f,8.2,30
227.9065,10,-0.9145781,-3.85218,-0.3926936,-26.16306,-5.988427,63.3833,f,8.2,30
228.4199,10,-0.3872389,-1.407082,0.1499428,-9.208441,-2.165706,64.51614,f,8.2,30
228.9202,10,-0.07983612,-0.3622414,8.007437,0,0,0,f,8.2,30
229.433,10,0.01787376,-0.3622414,8.083703,0,0,0,f,8.2,30
229.9338,10,0.01549059,-0.04289702,0,0,0,0,f,8.2,30
230.4338,10,-0.05004652,-0.03813068,0,0,0,0,f,8.2,30
230.9346,10,-0.01668217,0.02859801,0.07626134,0,0,0,f,8.2,30
231.4469,10,0.06672869,-0.00476634,-0.3050454,0,0,0,f,8.2,30
231.9472,10,-0.2621484,-0.5290632,0.1525227,0,0,0,f,8.2,30
232.4483,10,-0.4072139,-0.3247258,-0.2291625,0,0,0,f,8.2,30
232.9615,10,-0.2029596,-0.3340765,0,0,0,0,f,8.2,30
233.4753,10,-0.132602,-0.3246858,0.2292208,0,0,0,f,8.2,30
233.9754,10,0.0321268,-0.01445369,0.1526974,0,0,0,f,8.2,30
234.4886,10,-0.07864453,-0.1525227,0.1525227,0,0,0,f,8.2,30
235.0029,10,-0.07387819,-0.4432692,0.2287841,0,0,0,f,8.2,30
235.5039,10,-0.08221928,-0.128691,0,0,0,0,f,8.2,30
236.017,10,-0.05481285,0.01429901,-0.2287841,0,0,0,f,8.2,30
236.5182,10,-0.05957919,0.01429901,0,0,0,0,f,8.2,30
237.0303,10,-0.1754325,0.004669888,0.2291043,0,0,0,f,8.2,30
237.5304,10,0.1368679,0.05206385,-0.000174722,0,0,0,f,8.2,30
238.0442,10,-0.1563854,-0.1957964,0.2291625,0,0,0,f,8.2,30
238.5445,10,0.1157733,0.1863147,-0.2291625,0,0,0,f,8.2,30
239.0584,10,0.3997242,2.206287,-1.375325,0,0,0,f,8.2,30
239.5592,10,2.524958,1.413561,-2.139976,0,0,0,f,8.2,30
240.0595,10,0.8926229,0.4680034,-1.375034,0,0,0,f,8.2,30
240.5788,10,-1.50497,-0.5814929,-0.9913977,0,0,0,f,8.2,30
