0.4897521,0,0.2650738,0.009091014,6.15368,-0.2325084,8.013021,-3.042991,f,25,23
1.019924,0,0.9352351,0.1049083,-0.152564,-0.739093,11.96579,-4.150398,f,25,23
1.529516,0,0.9453306,0.003129247,-0.3910069,-1.26328,14.75955,-4.052897,f,25,23
2.047371,0,0.722111,-0.08851308,-1.147987,-1.763219,15.5485,-3.798649,f,25,23
2.558235,0,0.7343299,0.03516677,-0.4100803,-2.266092,13.75027,-3.582016,f,25,23
3.088861,0,0.3051761,-0.7070614,-0.2765658,-2.663225,10.6771,-3.29248,f,25,23
3.601166,0,0.3790859,-0.01743438,-0.3027919,-2.908972,6.470053,-3.069741,f,25,23
4.101298,0,0.001192094,0.07033355,-0.07629402,-3.027905,2.086073,-2.961588,f,25,23
4.617494,0,-1.24693,1.307728,3.3021,-3.021411,-2.305279,-2.959434,f,25,23
5.128335,0,-0.1192094,0.03919009,0.3480915,-2.886488,-6.753625,-3.073885,f,25,23
5.643492,0,-0.5292897,-0.05841261,0.3194812,-2.641812,-11.22809,-3.316247,f,25,23
6.156338,0,-0.6365782,0.1000616,0.5579,-2.265328,-13.7003,-3.580041,f,25,23
6.659005,0,-1.385219,0.3179915,-0.03337863,-1.766389,-15.47128,-3.805136,f,25,23
7.169397,0,-0.9894381,0.3381824,0.7200248,-1.262895,-14.71704,-4.053225,f,25,23
7.67593,0,-0.9870539,0.1040102,0.1096727,-0.7533773,-11.8308,-4.140972,f,25,23
8.183381,0,-0.8410029,-0.02877268,0.2099993,-0.3166697,-11.10256,-4.229722,f,25,23
8.714587,0,-0.3669757,-0.05209041,0.2097132,-0.09727871,-6.026679,7.907436,f,25,23
9.225674,0,-0.07152244,-0.06392303,-0.2670227,-0.5492599,-6.51971,7.90848,f,25,23
9.725721,0,-0.6403244,0.07838205,-0.009489069,-1.043227,-8.112914,7.907161,f,25,23
10.23947,0,-1.406322,0.3927791,0.1239063,-1.608478,-8.19741,7.816144,f,25,23
10.74146,0,-0.5979902,-0.03471713,-0.2381565,-2.226028,-8.760199,7.671354,f,25,23
11.24392,0,-0.4924183,-0.002373385,-0.247443,-2.737779,-7.969429,7.387728,f,25,23
11.75406,0,-0.2630355,-0.09430004,-0.2090456,-3.144478,-5.103699,7.214625,f,25,23
12.2843,0,0.02089145,-0.005636184,-0.1230241,-3.338961,-1.098825,7.015593,f,25,23
12.79597,0,0.2067449,-0.08460087,0.06772286,-3.264544,2.840348,7.054896,f,25,23
13.32691,0,0.296903,-0.02082179,0.3536824,-3.004647,6.443312,7.288564,f,25,23
13.83692,0,0.513262,0.1110627,0.267637,-2.492558,8.118097,7.568977,f,25,23
14.38092,0,0.548259,-0.007542416,0.1625063,-1.866346,9.174091,7.743237,f,25,23
14.89211,0,0.6758863,-0.1180119,0.2670108,-1.326653,8.279564,7.880346,f,25,23
15.42318,0,0.5028268,-0.01527138,0.04779105,-0.7164039,6.656297,7.874628,f,25,23
15.93533,0,0.3854673,-0.01080149,0.06682879,-0.264372,6.311646,7.918059,f,25,23
16.46469,0,-0.6967762,-0.09572217,0.1908588,0.1270531,-9.232391,-3.966719,f,25,23
16.97652,0,-0.6889037,-0.392532,0.1621287,0.4601565,-10.05085,-3.93543,f,25,23
17.51962,0,-1.084756,-0.06779719,-0.2860838,0.9192698,-12.38255,-3.959297,f,25,23
18.03082,0,-0.7998582,0.04380739,-0.2479496,1.370316,-12.99414,-3.811325,f,25,23
18.56133,0,-0.623325,-0.000817349,-0.3415669,1.719154,-10.26482,-3.498485,f,25,23
19.07115,0,-0.466096,-0.06547137,-0.4935029,1.864447,-4.634422,-3.253002,f,25,23
19.60206,0,0.2580763,-0.001638997,0.0381461,1.90844,2.771665,-3.227066,f,25,23
20.11815,0,0.5399938,0.03397312,0.343303,1.823902,8.720659,-3.44368,f,25,23
20.62789,0,1.174717,0.09734574,0.2845954,1.490924,12.44481,-3.754583,f,25,23
21.14209,0,0.8831809,0.091589,0.05805636,1.054958,12.09092,-3.900145,f,25,23
21.65569,0,0.7212788,-0.03134286,0.07679653,0.6274083,12.23585,-3.997372,f,25,23
22.15692,0,0.6170158,-0.005851924,0.05750799,0.2708646,9.54545,-3.953684,f,25,23
22.66887,0,-0.6302156,-0.1737398,0.05721915,0.1294894,-7.636696,-23.38625,f,25,23
23.16899,0,-0.7649902,0.03084395,-0.01907305,1.751679,-8.341838,-23.50668,f,25,23
23.68287,0,-0.7337015,-0.07189497,-0.1525844,3.585921,-10.4647,-23.15371,f,25,23
24.18298,0,-0.9042354,0.30397,-0.3433149,5.676527,-10.59936,-22.70376,f,25,23
24.68424,0,-0.8558852,-0.1944512,-0.2097916,7.851578,-11.25959,-22.1166,f,25,23
25.19734,0,-0.6457896,-0.1068739,-0.4005221,9.786953,-10.03554,-21.1991,f,25,23
25.72873,0,-0.3595441,-0.07655624,-0.1690906,11.40578,-6.262345,-20.32592,f,25,23
26.23895,0,-0.10865,0.01333985,-0.4165634,12.26612,-1.912235,-20.01637,f,25,23
26.76974,0,0.2753672,0.1437896,0.0381461,12.22896,3.291587,-20.15757,f,25,23
27.28137,0,0.5388453,0.06838406,0.3215512,11.28598,7.56732,-20.78078,f,25,23
27.81097,0,0.6710159,-0.04202392,0.2117567,9.525995,9.632056,-21.54357,f,25,23
28.32261,0,0.7724406,-0.2895909,0.1907186,7.405234,11.36285,-22.35313,f,25,23
28.85364,1,0.6293987,0.2643346,0.724764,5.215448,10.45397,-23.08567,f,25,23
29.36299,1,0.883926,0.0853921,-0.07636736,3.028679,8.439292,-23.23084,f,25,23
29.89403,3,0.6046818,0.1893418,0.2287683,1.273165,7.921396,-23.54876,f,25,23
30.40516,5,0.5745622,0.05773919,0.5149485,-0.8347825,13.27492,-19.32625,f,25,23
30.9353,5,2.097985,-0.6459357,-0.9536287,-3.344605,14.89929,-19.30938,f,25,23
31.44679,6,1.350901,0.05716003,-0.1528539,-6.019212,18.81042,-18.31612,f,25,23
31.96065,7,1.274522,-0.08137279,-0.723213,-9.177821,18.69197,-17.23303,f,25,23
32.47482,8,1.363699,-0.7769116,-1.182505,-11.78106,18.02106,-15.5184,f,25,23
32.97493,8,0.5626311,0.1302302,-0.6484718,-13.78977,14.54459,-13.61394,f,25,23
33.47524,8,0.4517809,0.3377942,-0.5721796,-15.3182,10.5311,-12.13124,f,25,23
33.97525,8,0.254208,-0.04492448,-0.4768143,-16.0057,6.521899,-10.8445,f,25,23
34.51837,8,-0.2340859,-0.6261183,-0.2098036,-16.60347,2.45129,-10.26542,f,25,23
35.02908,8,0.5808221,0.8526048,-0.5912526,-16.62451,-1.531231,-10.1611,f,25,23
35.52972,8,-0.2425853,-0.06407204,0.5340335,-16.34231,-5.090592,-10.61227,f,25,23
36.04377,8,-0.3135132,0.219037,0.2670227,-15.67256,-9.098104,-11.65787,f,25,23
36.54379,8,-0.5519145,0.309483,0.4958874,-14.32401,-13.00463,-12.99117,f,25,23
37.04733,8,-1.11575,0.1126476,0.724764,-12.66925,-16.85066,-14.94951,f,25,23
37.55109,8,-1.19203,0.2263383,0.4196071,-9.969501,-17.90235,-16.41352,f,25,23
38.08781,8,-1.130556,0.009157055,0.498331,-7.049154,-19.03996,-18.23089,f,25,23
38.59951,8,-1.129715,0.04529462,0.1912375,-4.185634,-15.46106,-18.95069,f,25,23
39.14644,10,-0.8582664,-0.03754932,-0.0381461,-1.457934,-13.43133,-19.45901,f,25,23
39.65486,10,-1.130053,0.03918841,-0.1144383,-0.7006891,-15.37212,15.50555,f,25,23
40.19888,10,-1.039457,0.03561221,-0.343303,-3.063223,-17.25926,15.10312,f,25,23
40.71104,10,-1.34462,0.02443679,-0.7247521,-5.874348,-20.91593,14.40514,f,25,23
41.23975,10,-1.148152,0.0114289,-0.655341,-8.517628,-19.80483,13.06033,f,25,23
41.75124,10,-0.7110873,-0.04610763,-0.6760134,-10.40672,-13.64855,11.59023,f,25,23
42.2823,10,-0.1704654,-0.03561214,-0.2670108,-11.37313,-5.079615,10.61675,f,25,23
42.793,10,-0.1192066,0.06973425,0.343303,-11.44486,3.374968,10.52549,f,25,23
43.32478,10,0.6210543,-0.03546321,0.6866179,-10.65444,11.91004,11.32929,f,25,23
43.83548,8,1.09161,-0.1172668,1.144359,-8.999895,18.64024,12.63405,f,25,23
44.37868,8,1.605975,0.1436405,0.9536287,-6.352458,20.86038,14.06305,f,25,23
44.89064,6,1.455642,0.006708244,0.4959347,-3.568555,20.78364,14.98922,f,25,23
45.43298,5,1.175499,-0.02235048,0.2288766,-1.132774,15.98283,15.54552,f,25,23
45.94628,5,0.7418194,0.06764823,-0.0381461,-0.7439072,12.70023,-14.05124,f,25,23
46.46517,5,1.06244,-0.02592705,-0.2670108,-2.426382,13.94849,-13.76941,f,25,23
46.97319,5,1.132588,-0.05692001,-0.5721796,-4.393602,17.12726,-13.34067,f,25,23
47.50517,2,1.053464,-0.006258344,-0.6484718,-6.510281,17.38893,-12.45378,f,25,23
48.01616,2,0.6043534,0.159137,-0.6866179,-8.179058,14.15595,-11.49356,f,25,23
48.54683,2,0.3649738,0.0130457,-0.3537315,-9.376655,7.842467,-10.62952,f,25,23
49.05642,2,0.1738555,-0.06113053,0.1411898,-9.809699,1.204262,-10.25783,f,25,23
49.55669,2,-0.2070815,0.1477346,0.2181927,-9.628131,-5.224181,-10.44725,f,25,23
50.06915,2,-0.7443729,0.05596583,0.3899738,-8.740003,-11.98864,-11.12249,f,25,23
50.56923,2,-1.00273,0.01789666,0.6158798,-7.229925,-16.29596,-12.02077,f,25,23
51.07365,2,-1.195505,0.1351913,0.6129828,-5.280109,-16.97265,-12.82217,f,25,23
51.58423,2,-1.025153,-0.03173819,0.3814491,-3.270223,-16.89367,-13.56001,f,25,23
52.08475,2,-0.7891296,0.0157945,0.1525844,-1.528997,-13.3191,-14.00856,f,25,23
52.59929,2,1.599715,-1.338659,-0.6103138,0.02415972,-10.09936,-19.47136,f,25,23
53.11247,3,-0.7080706,-0.04946998,0.0762922,2.069711,-10.47219,-22.43989,f,25,23
53.62641,3,-1.761834,0.4012702,0.6103376,4.280493,-13.19639,-21.86967,f,25,23
54.14056,6,-0.9893906,0.07770554,-0.2670108,6.943222,-13.33877,-21.33171,f,25,23
54.64441,6,-0.9727017,-0.001564586,-0.4577413,9.48866,-13.88536,-20.39562,f,25,23
55.15448,6,-0.6556242,-0.08299608,-0.4577413,11.61446,-11.83953,-19.10725,f,25,23
55.68405,6,-0.2670108,-0.02309627,-0.4195952,13.30523,-7.333243,-17.97429,f,25,23
56.19632,6,-0.1001335,0.4749525,-0.1525725,14.1267,-2.297781,-17.4555,f,25,23
56.72667,6,0.0938722,0.0343221,0.1237482,14.05773,3.055322,-17.51851,f,25,23
57.23746,7,0.2454459,0.08376066,0.3516452,13.13223,7.973002,-18.16895,f,25,23
57.74052,10,0.8076006,0.05401398,0.5721796,11.32066,12.2495,-19.20974,f,25,23
58.25116,10,0.6189681,0.2906338,0.7628981,9.155295,13.86308,-20.5249,f,25,23
58.76475,10,0.816696,-0.01028133,0.2670108,6.529472,13.38358,-21.52333,f,25,23
59.27818,10,1.151175,-0.04380729,0.3433149,3.930515,13.16439,-21.83501,f,25,23
59.77868,10,0.8789055,0.05915477,0.305145,1.87538,10.55977,-22.46044,f,25,23
60.28133,10,-0.2942845,0.1031852,-0.0381461,0.08723389,-5.081634,-26.13943,f,25,23
60.79226,9,-0.3585808,0.231181,-0.1525725,1.295317,-5.463651,-26.31155,f,25,23
61.29265,9,-0.399333,-0.09990776,-0.1525844,2.675415,-6.827512,-26.17175,f,25,23
61.79276,9,-0.5726236,-0.1087738,0.0762922,4.215478,-6.850761,-25.7988,f,25,23
62.30693,9,-0.4616185,-0.04827791,0,5.990911,-7.001579,-25.57317,f,25,23
62.82044,9,-0.2479437,-0.5861849,0.2288647,7.495373,-5.280414,-25.19527,f,25,23
63.33404,9,-0.0798684,-0.01802999,0.1525844,8.280531,-1.671948,-24.92587,f,25,23
63.85145,9,0.1567566,-0.08508145,0.1144264,8.127648,2.980228,-24.98921,f,25,23
64.36215,9,0.5341199,-0.09369412,0.001144383,7.05197,6.272564,-25.34186,f,25,23
64.89305,9,0.5083594,-0.2120904,0.2285905,5.441473,7.464336,-25.77125,f,25,23
65.40438,9,0.6832101,-0.03781772,-4.77E-05,3.693913,6.856971,-26.03912,f,25,23
65.93443,9,0.4587661,-0.1787734,-0.03809842,2.058353,6.524776,-26.0379,f,25,23
66.44509,9,0.3470158,-0.06454366,0,0.7566196,5.265609,-26.3433,f,25,23
66.94517,8,3.304398,0.02295546,-0.6105613,-0.7847064,50.38558,-5.488807,f,25,23
67.45927,8,3.191113,0.4656685,-3.129102,-4.171227,68.81554,-5.106027,f,25,23
67.96024,8,0.9742037,0.2201272,-0.8278061,-2.804591,32.03171,-1.219163,f,25,23
68.47292,8,0.2499404,0.00353955,-0.5506926,-2.602211,9.4233,-0.6340681,f,25,23
68.98737,8,0.2638518,0.203574,0.6274348,-2.604071,-6.49251,-0.6134382,f,25,23
69.4878,7,-0.3581204,-0.09837717,2.089137,-2.856655,-27.51986,-1.08843,f,25,23
70.00147,5,-3.478841,-0.03232193,4.058793,-3.996866,-63.97371,-4.041281,f,25,23
70.51706,5,-3.874291,0.08234081,0.3002813,-1.010051,-53.576,-4.531186,f,25,23
71.02697,2,0.1937077,0.09921721,-0.03807458,-7.57E-12,4.19E-11,4.291368,f,25,23
71.52809,2,0.07340572,0.0014817,0.07628028,6.65E-12,-3.10E-11,4.29183,f,25,23
72.04185,1,0.01127014,-0.08251795,-0.1144264,-1.06E-11,4.13E-11,4.291148,f,25,23
72.55517,1,-0.05191446,0.008523549,-0.03813418,7.21E-12,-2.43E-11,4.291794,f,25,23
73.05708,1,0.04943356,0.09509545,-0.3813775,-9.00E-12,2.68E-11,4.290432,f,25,23
73.56885,1,0.01254975,0.01822277,0.1526082,1.05E-11,-2.76E-11,4.290386,f,25,23
74.07458,1,-0.1328899,-0.1125691,0.07628028,5.96E-14,-1.88E-13,4.290762,f,25,23
74.58865,1,-0.05541448,0.01572232,0.07630412,-2.43E-12,5.01E-12,4.290804,f,25,23
75.11418,1,0.00771788,-0.1108295,0.3051092,2.47E-12,-4.60E-12,4.290444,f,25,23
75.62576,1,-0.06439472,0.08138765,0.1526373,-7.41E-13,1.60E-12,4.290731,f,25,23
76.16235,1,-0.001841555,-0.002273818,0.07628028,1.60E-12,-2.79E-12,4.290595,f,25,23
76.66703,1,-0.0745421,-0.085989,0.2288051,1.39E-11,-2.06E-11,4.289785,f,25,23
77.19933,1,0.09128112,-0.03612727,2.38E-05,-2.51E-12,3.48E-12,4.290637,f,25,23
77.69961,1,0.000683016,0.1044362,0,4.08E-12,-5.32E-12,4.290496,f,25,23
78.2388,1,-0.00646975,-0.02236245,2.38E-05,-5.43E-12,6.54E-12,4.290008,f,25,23
78.75014,1,0.1018406,-0.01820929,0.1525486,2.88E-13,-2.50E-13,4.290301,f,25,23
79.28225,1,-0.08872637,0.03104723,-0.1525963,-9.54E-13,1.11E-12,4.290169,f,25,23
79.79124,1,-0.5912547,0.2991816,0.07610147,0.3346111,-6.905754,-13.73684,f,25,23
80.29185,1,-0.6134951,-0.06972019,-0.1528228,1.211411,-8.890035,-13.7037,f,25,23
80.81154,1,-0.4908032,0.008966569,0.1522029,2.332991,-9.051698,-13.55572,f,25,23
81.31952,1,-0.6189681,-0.2276342,-0.3065039,3.482107,-8.930958,-13.3213,f,25,23
81.81966,1,-0.4176879,0.5433729,-0.1555765,4.348375,-5.661813,-12.88711,f,25,23
82.31982,1,0.2881223,0.04587515,0.07223918,4.566221,1.316028,-12.81674,f,25,23
82.83678,1,0.6987889,0.1273722,0.003755007,4.051919,7.519568,-13.10133,f,25,23
83.34723,1,0.6382707,0.02745513,0.4549519,3.013504,9.813729,-13.46772,f,25,23
83.84748,1,0.671048,-0.03149772,0.1507129,1.843542,9.179628,-13.67556,f,25,23
84.36145,1,0.4477518,0.08046667,-0.07511205,0.8088651,7.258582,-13.71744,f,25,23
84.87514,1,-0.4501575,6.858238,-0.8378671,0.02307622,9.039042,8.247766,f,25,23
85.37555,1,0.7561228,-0.0053561,-0.1506533,0.7393988,10.35037,8.426921,f,25,23
85.88771,1,0.7965293,0.1641854,-0.3089238,1.71699,14.03105,8.374058,f,25,23
86.41876,1,0.4915959,0.1747602,-0.1472916,2.637942,10.39748,8.014871,f,25,23
86.92965,1,-0.07956442,-0.0431213,0.529456,2.9544,-0.991734,7.754144,f,25,23
87.45996,1,-0.8395174,0.1062808,0.3815934,2.509027,-11.64375,8.057617,f,25,23
87.97182,1,-0.8874332,-0.06230517,-0.2296872,1.551607,-12.89598,8.385902,f,25,23
88.50253,1,-0.7810019,-0.01814678,-0.001144383,0.6266461,-10.10127,8.443734,f,25,23
89.01362,1,-0.5684708,0.1336154,-0.000715239,-0.01419159,-6.986503,1.456597,f,25,23
89.54559,1,-0.5690697,-0.001054373,-0.1531328,-0.1154388,-7.729519,1.452081,f,25,23
90.05529,1,-0.7345628,0.01632054,-0.2288647,-0.2307939,-9.521962,1.440091,f,25,23
90.58672,1,-0.7488852,-0.02221018,-0.3052747,-0.366711,-9.989586,1.411538,f,25,23
91.09713,1,-0.3565552,-0.04367504,-0.2289679,-0.4774153,-7.374447,1.378226,f,25,23
91.62878,1,-0.0640318,0.009536595,-0.005304692,0,0,0,f,25,23
92.13847,1,0.464995,0.01011009,0.1473989,-0.5061603,5.820262,1.368183,f,25,23
92.66933,1,0.5739439,0.00044323,0.454022,-0.3997755,9.202161,1.399744,f,25,23
93.18081,1,0.6655451,0.00229142,-0.0741584,-0.2688333,9.536378,1.430574,f,25,23
93.71205,1,0.4590496,0.07016014,-0.001215907,-0.1450962,9.318558,1.449163,f,25,23
94.22195,1,0.5329528,0.03226619,0.153395,-0.04329112,7.29682,1.457621,f,25,23
94.72246,1,-4.165089,0.02418329,5.917008,2.855614,-34.60049,-22.44804,f,25,23
95.23487,1,-11.8179,-0.1105231,-1.287693,18.73292,-67.83309,-28.32878,f,25,23
95.73548,1,0.236029,-0.114106,-1.788051,31.92653,-9.158484,-21.83702,f,25,23
96.23849,1,9.392023,-0.05545638,6.347368,26.16845,66.30881,-29.80125,f,25,23
96.74828,1,8.666974,-0.009293642,1.478638,2.666412,57.70797,-39.45405,f,25,23
97.28035,1,7.01738,0.2271049,-2.009632,-13.61333,44.14199,-43.5552,f,25,23
97.7911,1,4.170156,0.38289,-2.670275,-28.47626,30.18089,-36.53508,f,25,23
98.32045,1,-2.644145,0.3282259,1.759584,-31.08082,-17.1392,-34.83978,f,25,23
98.83032,1,-7.3997,0.1027307,2.267166,-18.65042,-46.98994,-41.32281,f,25,23
99.36174,1,-4.948885,0.1524771,-0.03404539,-2.221238,-32.482,-45.71993,f,25,23
99.87228,1,-11.06392,1.645273,-2.998188,-45.77153,-72.82639,97.00941,f,25,23
100.404,1,4.960495,1.131428,1.374094,-68.61232,30.95962,80.46748,f,25,23
100.9155,3,6.584863,0.03904909,3.941112,-18.11847,56.69349,104.4613,f,25,23
101.4156,4,4.728907,-0.005927768,-2.322048,0.01779796,26.12736,0.1494363,f,25,23
101.9284,5,4.045334,-0.04576039,-0.9699123,-0.02720519,25.26499,-0.06132926,f,25,23
102.4437,5,-2.102255,0.03557887,1.853948,-0.1408578,-14.38562,-0.2734452,f,25,23
102.9557,1,-5.362817,0.02529808,1.487507,0.02047519,-26.86453,0.1407065,f,25,23
103.4564,0,-3.09351,-0.000746985,0.2698837,-0.004955955,-19.4383,0.005143191,f,25,23
103.9608,0,-11.64965,0.01096458,-11.36887,1.357857,-85.61476,-1.627584,f,25,23
104.4704,0,0.01239748,-0.138084,-3.355093,6.625882,-21.73636,-2.776717,f,25,23
105.0013,0,3.253862,-0.009669328,4.269931,5.846842,30.04107,-2.660936,f,25,23
105.5124,0,13.23283,0.06460772,7.632105,1.642872,91.76296,-2.409713,f,25,23
106.0127,0,5.963804,0.02673803,-0.7184341,0.716388,39.54704,16.28452,f,25,23
106.5128,0,8.273722,0.0275993,-4.358669,7.896939,56.38894,15.67831,f,25,23
107.0137,0,3.748546,-0.03406812,-4.083898,11.36555,34.27026,9.176667,f,25,23
107.5175,0,0.2833301,-0.04135872,-0.09736792,11.86819,1.352087,6.953453,f,25,23
108.0264,0,-3.129649,0.1065029,4.928357,11.49603,-32.35665,9.027862,f,25,23
108.528,0,-9.268787,-0.03069159,4.981308,8.176113,-55.81306,15.15298,f,25,23
109.0425,0,-6.33604,-0.05349096,-0.1936868,0.7445238,-39.77401,15.95497,f,25,23
109.5557,0,-5.898543,-0.06470156,-1.561606,-0.2117418,-35.21647,0.9554799,f,25,23
110.0562,0,-4.017261,0.001394856,-2.912979,-0.7152894,-28.44268,1.242711,f,25,23
110.5676,0,2.45916,0.03873017,1.454654,-1.007149,14.79252,1.487958,f,25,23
111.0993,0,5.768087,0.1688868,1.984309,-0.3272502,36.42589,0.969518,f,25,23
111.6096,0,4.272213,-0.1015698,-0.03662026,-0.041231,26.11038,1.252777,f,25,23
112.1409,0,-6.826721,-0.546734,-3.229926,-17.7583,-45.04037,57.8063,f,25,23
112.6514,0,1.481785,-0.604641,1.516021,-30.3536,8.308231,53.33751,f,25,23
113.1833,0,7.746883,-0.1966729,1.409069,-11.62557,40.93405,59.49898,f,25,23
113.6918,0,7.613574,0.1344844,-1.111196,5.912145,40.80265,49.54092,f,25,23
114.2225,0,6.428094,0.2678601,-5.653824,27.49502,45.12015,41.64016,f,25,23
114.7331,0,-1.560104,0.2118643,0.4781852,33.28675,-7.726548,34.37844,f,25,23
115.2335,0,-7.84291,0.4917434,4.716479,22.94205,-53.27864,44.67079,f,25,23
115.7337,3,-6.695555,0.1909421,0.8760252,2.870596,-38.56721,49.68597,f,25,23
116.2343,5,-11.42587,0.1811093,-4.273893,-15.53614,-66.26028,36.46943,f,25,23
116.7526,7,-1.731118,0.1916007,-3.789362,-32.49679,-21.97341,27.56686,f,25,23
117.2621,10,6.626526,-0.1843649,4.866059,-28.35479,47.55006,30.42852,f,25,23
117.7937,10,9.104246,-0.003537455,1.499189,-7.566754,53.702,39.43976,f,25,23
118.305,10,14.37361,0.03097946,-7.623879,1.474538,105.3732,3.23409,f,25,23
118.8457,6,3.34651,-0.005108001,-4.811809,-2.552186,37.05498,-1.083375,f,25,23
119.3463,6,-0.1634084,-0.05045883,2.655541,-3.510695,-15.23292,-1.198998,f,25,23
119.8773,3,-12.0154,-0.21981,13.27971,-0.04148773,-93.26613,-0.07330167,f,25,23
120.3879,2,11.7088,7.983755,-27.57915,0.2882009,36.21563,27.04671,f,25,23
120.9184,2,8.376073,-0.1015111,-3.663344,11.56878,51.32869,25.24915,f,25,23
121.4297,2,1.969173,-0.1504409,-1.0504,18.48534,15.70229,18.31602,f,25,23
121.961,2,-6.228924,-0.1005209,4.420561,16.31618,-42.648,21.17901,f,25,23
122.4698,2,-7.665226,-0.05846542,0.4207992,5.74515,-48.59343,26.82181,f,25,23
123.002,2,-6.87702,-0.1118102,-1.560557,-4.347382,-40.02855,27.19615,f,25,23
123.5119,2,-6.971247,-0.06262722,-5.037908,-14.03394,-48.89299,21.71702,f,25,23
124.043,2,-2.311129,-0.1057019,-3.614867,-23.83681,-25.44904,17.05822,f,25,23
124.5533,5,0.0334732,-0.04984324,0.2143096,-26.18032,0.09640619,14.74261,f,25,23
125.0955,7,2.624237,0.1911715,4.731806,-23.46991,28.16657,17.52892,f,25,23
125.5957,7,7.860931,-0.01244605,5.494992,-13.99924,49.31699,21.9657,f,25,23
126.0957,7,7.428045,-0.1169394,0.9158241,-4.293378,39.95039,27.44877,f,25,23
126.6087,7,-7.111404,0.06270637,-1.7068,-1.359369,-39.86564,7.303183,f,25,23
127.1245,9,-5.757534,0.3905276,-4.12252,-3.815,-41.45029,5.409306,f,25,23
127.6368,9,0.5131366,-0.1112983,2.274366,-4.013578,8.09595,4.116057,f,25,23
128.1369,6,7.884634,0.07483576,3.616988,-3.733697,48.83495,6.892857,f,25,23
128.6545,4,6.610907,-0.07410161,0.3050153,-0.5436988,37.35229,7.403988,f,25,23
129.165,3,7.530809,0.04408833,-1.372712,6.292127,38.04967,26.55049,f,25,23
129.6652,3,5.669551,0.07253826,-4.728213,16.14156,41.38577,22.72164,f,25,23
130.1653,3,1.10102,-0.3369204,-1.830282,20.04909,14.15913,16.9924,f,25,23
130.6768,3,-1.972087,0.07022888,1.98279,19.86416,-16.38799,17.21989,f,25,23
131.1783,3,-6.232575,0.1678644,4.575706,15.4515,-43.15437,23.15449,f,25,23
131.6917,3,-6.529044,0.1427896,1.902614,5.302233,-36.22238,26.83544,f,25,23
132.2102,3,-3.629323,0.3847865,-0.3849676,-3.067343,-19.5793,49.58554,f,25,23
132.7199,3,-4.676817,0.1872168,-1.750095,-13.34768,-26.31235,47.69011,f,25,23
133.2516,3,0.4259824,0.02513652,-0.1088802,-20.29315,2.897806,45.61809,f,25,23
133.7597,3,4.0723,-0.02206189,1.581505,-12.69195,26.8424,47.8615,f,25,23
134.2918,3,2.846694,-0.3065349,0.4575706,-1.899298,19.02055,49.64601,f,25,23
134.8024,3,6.37736,0.02219352,-2.592868,-5.645887,37.3713,-26.42182,f,25,23
135.336,4,-2.030761,-0.1022056,2.796643,-10.40064,-14.03536,-24.92706,f,25,23
135.8448,6,-5.816381,-0.031791,0.06753147,-2.892845,-33.45314,-26.9118,f,25,23
136.3762,6,-3.369205,0.08955473,-0.4575706,2.811336,-17.838,-32.18858,f,25,23
136.8867,6,-5.023977,-0.1654694,-0.08560664,8.784636,-24.27807,-30.62514,f,25,23
137.4182,6,-2.147582,0.07178722,-2.0186,14.87068,-16.19653,-28.85181,f,25,23
137.9274,6,1.122473,-0.03492831,0.3050629,16.53009,6.05258,-28.34234,f,25,23
138.4582,6,3.36742,0.16779,1.677727,12.03098,22.07442,-29.69953,f,25,23
138.9688,6,3.644112,0.1166368,1.289918,5.612318,22.2192,-31.58341,f,25,23
139.4998,6,2.952386,0.1336862,-0.2302556,0.2453346,16.14988,-32.14082,f,25,23
140.0106,6,7.271048,0.9944505,-9.303895,70.36496,79.82479,64.38702,f,25,23
140.5421,6,-5.44029,0.1669985,12.14799,80.02512,-59.05246,60.30243,f,25,23
141.0522,6,-16.00182,-1.084888,-1.12314,9.148531,-82.91839,97.36957,f,25,23
141.5843,6,-10.28456,-0.5439579,-7.016018,-28.21836,-69.53522,53.17431,f,25,23
142.0952,6,-2.384344,-0.5144659,-4.118111,-49.64202,-29.87377,34.62434,f,25,23
142.6263,6,2.304416,-0.08639355,4.223006,-50.4424,22.98076,33.06523,f,25,23
143.137,6,11.56992,-0.3256495,6.373378,-31.45697,66.63197,49.97246,f,25,23
143.6684,6,-3.922693,33.05468,3.508057,-0.1774093,57.20893,-25.03677,f,25,23
144.1784,6,12.17084,-0.3048216,-12.50686,-36.33712,88.60125,-41.56178,f,25,23
144.7115,6,0.01740748,-0.3165255,-4.086835,-58.81618,19.6588,-21.183,f,25,23
145.22,6,-1.677842,-0.547062,3.70015,-58.01447,-22.46028,-21.47359,f,25,23
145.7507,6,-11.64708,-0.5169168,11.59069,-35.67752,-91.02868,-44.29459,f,25,23
146.2613,6,-3.275132,0.2000288,-0.6905761,-0.2063049,-17.48127,16.78425,f,25,23
146.793,6,-4.2769,0.001042486,-0.9151411,-3.271205,-24.29947,16.17005,f,25,23
147.3032,6,-3.302465,0.002383118,-1.830282,-6.787036,-21.6855,15.08073,f,25,23
147.8348,6,0.8101154,0.009985641,0.7883918,-8.088619,4.763906,14.47003,f,25,23
148.3451,6,4.25719,-0.2118368,1.323016,-5.761538,24.58425,15.44286,f,25,23
148.8774,6,3.813066,0.01534161,0.4575706,-2.152555,23.73713,16.27174,f,25,23
149.387,6,-0.006109011,-0.2502271,0.5342904,-2.35E-07,-6.02E-06,-40.20045,f,25,23
149.8873,6,-0.08031137,-0.193476,0.3817245,1.63E-11,-2.08E-11,-40.1986,f,25,23
150.4011,6,-0.1586942,-0.1832569,-0.5343857,-5.03E-11,1.68E-10,-40.19443,f,25,23
150.9136,6,0.08101676,0.09982593,-0.5342904,0,0,0,f,25,23
151.4273,6,0.4313533,0.005957917,0.1525076,0,0,0,f,25,23
151.9274,6,-0.01906534,0.02070377,-0.1525076,0,0,0,f,25,23
152.445,6,0,0,0,0,0,0,f,25,23
152.9549,6,15.80517,0.1057531,-18.7603,-6.21E-11,64.178,-2.53E-12,f,25,23
153.4863,6,2.662056,-0.04011289,-1.508692,-2.21E-12,19.62605,2.19E-12,f,25,23
153.9974,6,-32.78529,0.01469427,5.091902,2.44E-11,-178.3022,-8.01E-12,f,25,23
154.528,6,0.02558663,-0.01624152,0.229111,0,0,0,f,25,23
155.0386,6,-0.03242275,-0.03847475,0.229111,0,0,0,f,25,23
155.5709,6,-0.0589834,0.06166445,0,0,0,0,f,25,23
156.0802,6,-3.841366,-0.2827033,-0.3050629,-3.044306,-20.03735,43.50169,f,25,23
156.6131,6,-8.390429,-0.2590618,-4.701927,-19.48993,-55.51463,39.08567,f,25,23
157.1214,6,-1.112529,-0.2577186,-1.640404,-29.90001,-12.10651,31.69414,f,25,23
157.6539,6,-0.7173436,-3.68542,-1.067673,-18.61291,-10.00209,42.93731,f,25,23
158.1631,6,1.546672,-8.025314,-5.643354,4.023803,-38.54581,59.49302,f,25,23
158.6958,6,0.2818819,-1.624595,-1.406071,-21.80711,-32.47268,23.06762,f,25,23
159.2042,6,6.000215,-7.979469,-3.628052,99.34658,84.75094,11.62954,f,25,23
159.7361,6,14.21798,1.29405,-9.456409,55.49211,105.6495,84.80421,f,25,23
160.2473,6,2.189754,2.802127,-3.669067,-16.93453,102.7609,66.80228,f,25,23
160.7784,6,7.734739,9.568199,-5.422096,52.72687,-14.42715,49.14041,f,25,23
161.2878,6,0.9580234,6.425022,0.4575706,29.46259,-5.793267,20.53595,f,25,23
161.82,6,1.35671,6.620457,1.269792,29.50361,-9.848298,20.68056,f,25,23
162.3293,6,-4.486742,9.702046,8.247878,52.863,-17.37347,49.35501,f,25,23
162.8605,6,0.1382294,-0.2764588,0,0,0,0,f,25,23
163.3721,6,2.922364,-3.336432,-1.22018,-6.563593,0.0881906,-22.95671,f,25,23
163.9021,6,0.4522367,-0.6784385,-0.07361217,-1.535095,-0.04099604,-5.159112,f,25,23
164.4124,6,-0.6446967,-1.439121,-3.71075,-3.458493,23.81878,-7.04241,f,25,23
164.9457,6,-1.672983,-2.444532,-3.813072,-12.30165,29.20844,-13.64476,f,25,23
165.4549,6,-0.5409754,-0.3661089,-0.610102,5.57481,11.65375,-9.667916,f,25,23
165.9874,6,-6.620684,-4.041134,-3.794973,-21.49288,48.50026,-7.845169,f,25,23
166.4954,6,-1.233749,-0.5337657,-0.09376192,-0.6448755,9.424136,-13.62835,f,25,23
167.028,6,-0.2779473,0.7525515,-0.5112076,-13.82816,-14.11211,64.46401,f,25,23
167.5376,6,-1.046774,0.1621042,-0.2067436,-13.83875,-14.12331,64.51392,f,25,23
168.0722,6,-0.5385977,-0.201373,-0.1525076,-13.83959,-14.12281,64.51469,f,25,23
168.5794,6,-0.4289724,-0.543371,-0.1525076,-13.83602,-14.12041,64.50163,f,25,23
169.1108,6,0.128559,-0.6495255,-0.6746471,-13.82298,-14.10662,64.43959,f,25,23
169.6213,6,-3.187583,-0.259133,-0.3945059,-0.1044169,17.45249,1.732609,f,25,23
170.1567,6,-1.081958,-0.0405225,-0.1525076,-0.07791793,5.148985,-1.026285,f,25,23
170.6637,6,4.165779,0.01191838,0.7625858,5.098876,-13.35512,-46.03268,f,25,23
171.1959,6,8.19575,-0.2451116,3.666849,25.81363,-45.19528,-45.93222,f,25,23
171.7047,6,0.6037056,-0.3915609,0.7116559,30.7565,0.650688,-30.56206,f,25,23
172.236,6,-7.445009,-8.491226,-5.94837,-18.36299,49.58366,-57.55592,f,25,23
172.746,6,-5.395495,-2.837204,1.78844,-18.97196,13.33337,-48.08898,f,25,23
173.2792,6,-5.730608,1.369277,-0.269649,3.488562,9.981104,-46.36891,f,25,23
173.787,6,-9.933043,6.882592,7.931183,-6.536725,59.02468,-65.52444,f,25,23
174.3192,6,-0.9246758,1.401304,1.98279,-27.21576,10.52532,-25.94959,f,25,23
174.8286,6,11.83103,16.75982,-3.795093,45.77257,-51.67938,-82.14531,f,25,23
175.3572,6,5.820547,0.6331553,3.290252,17.17332,-14.08194,-29.55204,f,25,23
175.869,6,15.23321,-1.105788,7.626144,35.21434,-43.66276,-73.17867,f,25,23
176.3703,6,2.445128,-6.935021,6.10091,23.83542,-25.29944,-39.15885,f,25,23
176.885,6,0.2367894,0.2709247,0.05171571,0,0,0,f,25,23
177.3984,6,0.4419115,0.2327475,0.05159648,0,0,0,f,25,23
177.9115,6,-1.042159,0.4899848,-5.674263,7.523947,38.69584,6.668405,f,25,23
178.4119,6,-5.221695,-0.8777423,-9.420999,-12.06628,74.49825,-1.66815,f,25,23
178.9164,6,-4.253863,0.3623379,-1.104659,10.87672,30.09478,-6.556055,f,25,23
179.4258,6,-13.07882,-0.5910326,-1.372664,-6.894568,81.86467,12.9421,f,25,23
179.9589,6,-3.164855,0.3526888,1.98279,-0.7738033,27.3008,-13.64509,f,25,23
180.468,6,-9.431825,-0.0365557,9.601178,9.591871,86.385,13.30832,f,25,23
180.9994,6,1.826021,1.852573,-6.324542,21.50492,-46.11521,-4.930684,f,25,23
181.5099,6,17.92142,-3.040928,-7.778652,-19.24666,-109.5312,-8.832865,f,25,23
182.0404,6,-0.552669,-7.866892,-3.139689,-44.49183,5.475408,-7.397501,f,25,23
182.5505,6,-0.2397835,-6.905499,6.306467,-54.11308,-0.5262166,-6.441663,f,25,23
183.0835,6,-0.01906345,0.009534706,0,0,0,0,f,25,23
183.5929,6,-0.05719632,0.009534706,0,0,0,0,f,25,23
184.0931,6,0.1429908,-0.08581236,0.3050629,0,0,0,f,25,23
184.6071,6,-0.1159594,-0.2132058,-0.4744849,0,0,0,f,25,23
185.1203,6,0.05892908,0.2658575,0.3220622,0,0,0,f,25,23
185.6333,6,-5.236825,-0.346838,2.903138,-4.685214,41.20434,10.02072,f,25,23
186.1347,6,-4.507034,-0.3980113,2.186093,10.0174,43.39941,0.7261238,f,25,23
186.6385,6,-2.451235,0.5893266,12.7985,-14.80226,73.33492,2.106529,f,25,23
187.148,6,-0.2192506,-0.1382294,1.982796,18.64427,25.89762,-5.554789,f,25,23
187.6804,6,-0.1145078,0.5012161,-3.215147,41.7796,5.743485,-4.070514,f,25,23
188.1898,6,0.479731,1.310044,-4.367536,45.40936,-0.6020538,1.175234,f,25,23
188.722,6,1.303585,2.080497,-4.880744,47.56322,-9.272658,9.022093,f,25,23
189.2316,6,2.972993,2.978964,-4.880721,45.11474,-16.42229,17.50878,f,25,23
189.7628,6,3.652327,2.95167,-1.81281,36.51282,-18.4234,26.06669,f,25,23
190.2742,6,2.918781,2.184329,-0.5594239,26.66444,-16.98479,30.88465,f,25,23
190.8042,6,2.052202,1.593148,-0.3050629,18.20039,-14.78599,34.32927,f,25,23
191.3141,6,0.2472588,0.3312595,0,0,0,0,f,25,23
191.8467,6,1.715889,1.732646,0.06648226,10.08034,-9.691974,-1.779447,f,25,23
192.356,6,1.891322,1.392515,0.672501,10.76323,-10.66143,-2.070427,f,25,23
192.8871,6,0.6039602,0.4117822,-0.2094143,0,0,0,f,25,23
193.3902,6,0.414754,-0.7995398,-0.2127051,-10.17237,19.53711,-83.85522,f,25,23
193.9289,6,3.54377,-6.043714,-0.4575706,-31.01476,-12.92092,-91.75404,f,25,23
194.4392,6,2.467177,-3.524707,1.067649,-1.921983,-32.19884,-83.50374,f,25,23
194.9713,6,-33.84765,-51.46784,14.16034,-13.6898,24.94667,54.21246,f,25,23
195.4812,6,-1.65476,3.550207,-1.638926,1.726557,42.09282,84.14433,f,25,23
196.0115,6,-4.561792,6.882588,-0.4575706,36.57938,27.67465,88.00057,f,25,23
196.5218,6,-1.722899,2.481841,0.6925792,24.88312,-8.730711,86.97256,f,25,23
197.0554,6,6.222026,-4.128553,0.05465471,-24.64521,-55.67831,99.18645,f,25,23
197.5636,6,10.08295,-8.031274,6.100925,-100.3062,-51.7293,74.95625,f,25,23
198.0969,6,2.089459,-3.53423,7.016042,-106.4942,12.42201,31.6886,f,25,23
198.6058,6,-1.108785,6.900575,-6.141096,-52.09385,68.90331,85.99967,f,25,23
199.1506,6,-7.30442,10.83984,-2.897931,-6.98969,19.03418,128.2005,f,25,23
199.6611,6,-4.855279,3.313048,2.598889,6.663823,-42.05107,99.69456,f,25,23
200.1914,7,3.681837,-10.79012,-1.811188,-98.21926,-47.61596,68.68285,f,25,23
200.7031,6,0.4385011,-10.93636,4.728189,-107.7145,27.23318,53.55649,f,25,23
201.2356,4,2.03044,3.900053,-2.592868,-24.28325,71.66987,81.77488,f,25,23
201.7446,3,3.484786,13.26874,-1.184424,-6.532578,19.05437,132.0105,f,25,23
202.2773,3,-1.574804,8.578763,3.753958,-22.73568,-51.92002,102.3568,f,25,23
202.787,4,-1.558591,-4.833071,-5.185784,-32.56623,26.13084,-12.76728,f,25,23
203.3192,4,-6.825396,-12.75948,-3.508009,-77.66871,47.65511,-28.26034,f,25,23
203.8277,6,-2.294781,-3.736778,0.5658146,-23.25344,10.91031,-11.97715,f,25,23
204.3601,6,0,-0.02145309,0,0,0,0,f,25,23
204.8703,4,-0.06672869,0.02144117,0.3050153,0,0,0,f,25,23
205.4027,3,1.09E-05,4.754829,-1.612552,26.37529,-0.01199346,-0.04106206,f,25,23
205.9109,2,-0.08106589,8.592832,3.132678,52.38755,-0.01283657,0.06001785,f,25,23
206.4601,1,-0.004786352,2.181276,-0.04912247,11.68122,0.02781911,-0.06712345,f,25,23
206.9674,1,-0.08567389,9.312905,8.717975,68.95135,-0.08690741,0.09257367,f,25,23
207.4862,1,0.004786352,0.09633727,1.547596,10.33518,0.06481593,-0.03307128,f,25,23
207.9952,1,-0.8627015,-7.629531,-6.320679,-82.91334,-115.1876,112.6662,f,25,23
208.5271,1,-3.746305,-6.74532,-2.364889,-36.90966,-9.266472,160.3105,f,25,23
209.0368,1,0.2706088,6.447688,2.240509,62.97928,-30.25802,158.0029,f,25,23
209.5694,1,4.008488,6.577541,5.18576,48.0584,-131.6672,89.75404,f,25,23
210.0786,1,0.4861687,-3.407919,-2.592868,-45.07613,-132.9459,88.98811,f,25,23
210.6116,1,-3.80772,-8.689884,-5.39608,-64.52068,-32.0167,157.4219,f,25,23
211.1209,1,-1.54734,-5.232291,-0.07325448,-8.532606,5.888941,161.6004,f,25,23
211.6524,1,3.56522,-6.148574,3.660564,-29.13579,45.35973,155.3344,f,25,23
212.1616,1,-0.04292794,-0.09454884,-0.355971,0,0,0,f,25,23
212.694,1,0.1002077,0.2710201,0.2797119,0,0,0,f,25,23
213.2026,1,0.1858871,0.07149838,-0.07627765,0,0,0,f,25,23
213.7352,1,0.04289702,0.05242897,0.07622997,0,0,0,f,25,23
214.2456,1,0.06677235,-0.09454884,-0.4323731,0,0,0,f,25,23
214.7762,1,-0.02863076,-1.494551,1.730303,0,0,0,f,25,23
215.2865,1,-0.00953267,-0.1239273,0.3050629,0,0,0,f,25,23
215.819,1,-2.412793,-0.8227299,0.1160816,-3.110587,27.94775,27.7945,f,25,23
216.3276,1,-3.233654,-0.8241845,1.772367,-0.5881339,35.91115,22.85589,f,25,23
216.8592,1,-4.427917,-0.9699419,2.974185,3.838132,43.22229,16.46416,f,25,23
217.3692,1,-3.822583,0.0726783,4.499428,9.395004,46.5969,7.862643,f,25,23
217.91,1,-2.107259,1.034934,4.771354,16.78272,43.29273,0.1960658,f,25,23
218.4104,1,-0.4156334,1.565648,4.15591,21.97871,36.34297,-5.380609,f,25,23
218.9422,1,-0.1858791,1.149576,2.897931,26.35973,27.93895,-9.127209,f,25,23
219.4515,1,0.4218154,-1.81598,-1.067655,37.86123,7.629863,4.562713,f,25,23
219.9847,1,1.443151,-2.232163,-1.71776,37.9515,9.808043,11.67276,f,25,23
220.4942,1,2.447396,-2.688812,-2.291451,36.83104,11.90889,20.55032,f,25,23
221.0267,1,3.535244,-3.098102,-3.028442,32.86444,13.5318,31.78056,f,25,23
221.5361,1,4.605744,-2.079073,-2.624917,25.30734,16.90773,37.64832,f,25,23
222.0704,1,4.191993,0.2144832,-1.372712,13.76156,20.7733,36.40244,f,25,23
222.5775,1,3.572368,0.5433829,-1.067649,4.73588,23.01781,33.88065,f,25,23
223.1099,1,2.676292,0.4773464,-0.6498712,-2.650823,23.61866,31.28466,f,25,23
223.6193,1,2.193318,3.555728,-3.831934,28.31495,-0.2575797,13.96637,f,25,23
224.1516,1,1.319079,7.139969,-2.669146,37.60886,0.04197185,19.04735,f,25,23
224.6604,1,0.05522701,8.482595,-0.4980446,42.77592,0.01334305,22.00165,f,25,23
225.1806,1,-1.622639,6.898321,3.21385,39.73592,-0.09885429,20.24211,f,25,23
225.6875,1,-2.046476,4.148035,3.833723,31.53503,0.1963187,15.70048,f,25,23
226.2203,1,0.09711099,-0.6910993,-0.6863558,-23.96003,-50.39377,33.75171,f,25,23
226.7287,1,-0.685164,-1.844584,-2.059067,-35.24394,-41.96036,40.00528,f,25,23
227.2616,1,-2.040622,-4.999475,-3.668996,-49.30573,-22.85266,53.26965,f,25,23
227.7702,1,-1.830539,-4.415323,-1.320059,-33.78484,-7.675703,61.98547,f,25,23
228.3024,1,-1.187259,-1.795862,-0.6844239,-12.48031,-2.287605,64.11816,f,25,23
228.8124,1,-0.04532203,-0.3331699,7.378624,0,0,0,f,25,23
229.3457,1,0.1668217,-0.4718674,8.083691,0,0,0,f,25,23
229.8527,1,0.1167752,0.8293424,7.85492,0,0,0,f,25,23
230.3848,1,0,0,0,0,0,0,f,25,23
230.8965,1,0.1000939,0.009474433,0.3050453,0,0,0,f,25,23
231.4274,1,0.1155836,0.4194375,0.3813068,0,0,0,f,25,23
231.9375,1,0.3384098,-0.1334574,-0.07626136,0,0,0,f,25,23
232.4378,1,0.1644386,-0.5338295,-0.07626136,0,0,0,f,25,23
232.9398,1,0.1823123,2.163916,0.4575681,0,0,0,f,25,23
233.4522,1,0.294661,0.03354451,0.07617397,0,0,0,f,25,23
233.9553,1,0,0,0,0,0,0,f,25,23
234.4661,1,-0.1217253,-0.03823986,-0.07634869,0,0,0,f,25,23
