0.4859133,0,0.7114032,0.09633642,5.779661,-0.2325084,8.013021,-3.042991,f,15,23
0.9888262,0,0.8808085,-0.04284092,-0.02741816,-0.7223374,11.93653,-4.156642,f,15,23
1.502178,0,0.9936551,-0.06541554,-0.2313252,-1.242045,14.73349,-4.058296,f,15,23
2.014506,0,0.9084743,-0.1640607,-0.5923617,-1.724207,14.24168,-3.815499,f,15,23
2.527428,0,0.7695086,-0.4841397,-0.9226927,-2.249471,13.81314,-3.593882,f,15,23
3.027996,0,0.3910069,0.2659117,-0.393391,-2.623357,11.11263,-3.320227,f,15,23
3.542355,0,0.3063682,-0.0789018,-0.3623966,-2.882095,7.028828,-3.084661,f,15,23
4.05466,0,-0.07390983,-0.03047293,-0.06437308,-3.019878,2.691594,-2.969099,f,15,23
4.567545,0,9.040854,-2.260436,0.05483633,-3.025476,-2.13908,-2.954803,f,15,23
5.067841,0,-2.236368,3.331757,1.029969,-2.918542,-6.188747,-3.065678,f,15,23
5.569892,0,2.160074,0.8936243,0.5531316,-2.691156,-10.43044,-3.276799,f,15,23
6.080741,0,-4.475121,-2.747109,-3.185287,-2.312165,-13.40671,-3.541581,f,15,23
6.582465,0,-1.854898,-1.155438,2.40803,-1.835576,-15.54374,-3.790155,f,15,23
7.095254,0,-1.418592,0.395254,-0.5435949,-1.346166,-14.77387,-4.027997,f,15,23
7.608421,2,-1.180173,0.2270196,-0.5388265,-0.8032599,-11.90324,-4.120673,f,15,23
8.122007,2,0.4880105,-0.3754152,0.9537944,-0.3663123,-11.28994,-4.227012,f,15,23
8.622772,2,-0.4243535,0.06039688,-0.3194693,-0.0313486,-5.921957,7.972476,f,15,23
9.141109,2,-0.5703425,-0.07285315,0.03335479,-0.4777495,-6.452037,7.915651,f,15,23
9.649574,2,0.2540323,0.06106967,-0.3815774,-0.9520783,-8.050905,7.907614,f,15,23
10.16378,2,-0.9781191,-0.04542013,-0.1714708,-1.539411,-8.220937,7.835754,f,15,23
10.66441,2,-0.3312591,-0.08462575,0.04805331,-2.127203,-8.955617,7.698028,f,15,23
11.18014,2,-0.5468016,0.1071894,-0.07689007,-2.67404,-8.189676,7.40414,f,15,23
11.6915,2,-0.4329149,0.01264025,-0.2487543,-3.108997,-5.519469,7.234781,f,15,23
12.19281,2,-0.411791,0.1156899,-0.1821162,-3.313098,-1.934399,7.029668,f,15,23
12.70566,2,0.4046444,-0.1580839,-0.06586319,-3.280845,2.299794,7.047355,f,15,23
13.22008,2,0.377715,-0.04561948,0.1899959,-3.037669,5.915102,7.270168,f,15,23
13.73279,2,0.8599051,-0.09100674,0.3142002,-2.618466,8.368311,7.449463,f,15,23
14.24691,2,0.5794471,-0.1243325,0.1052023,-2.061116,8.960032,7.710877,f,15,23
14.7473,2,0.607354,0.02342707,-0.05708938,-1.437036,8.140306,7.856656,f,15,23
15.26097,2,0.5246301,0.03669992,0.07627018,-0.8748203,7.907602,7.905261,f,15,23
15.76103,2,0.4429561,0.09720712,0.03814701,-0.440382,6.441704,7.91373,f,15,23
16.26162,2,0.4076771,0.3529923,-0.6675568,-0.001806995,-4.09437,2.369294,f,15,23
16.77542,2,-0.7140309,0.03646892,-0.04768262,0.3247997,-9.774573,-3.960425,f,15,23
17.28823,2,-0.8199239,-0.1387245,-0.1529612,0.7308343,-12.30687,-3.997617,f,15,23
17.80235,2,-0.550087,-0.02482541,-0.1707715,1.171596,-13.69551,-3.863151,f,15,23
18.30258,2,-0.6208216,-0.05956496,-0.2082042,1.593498,-11.46417,-3.701787,f,15,23
18.8165,2,-0.4321086,0.0793327,-0.3028826,1.840507,-7.724192,-3.426207,f,15,23
19.31689,2,-0.05999952,0.03989727,0.002694197,1.904783,-1.409559,-3.223063,f,15,23
19.82968,2,-0.005960328,0.06936171,0.1525725,1.833635,5.801115,-3.266584,f,15,23
20.33034,2,0.03158974,-0.02451129,0.6103257,1.689873,11.08392,-3.510944,f,15,23
20.84369,2,0.9314264,0.1758257,0.3242299,1.316484,13.16033,-3.825871,f,15,23
21.34483,2,0.8219858,-0.24854,-0.4005221,0.8930477,12.38471,-3.957487,f,15,23
21.85872,2,0.3702213,0.03553764,0.4195952,0.4502783,10.00038,-3.923238,f,15,23
22.36404,2,0.6360368,-0.04474559,-0.01900243,0.1242318,9.122845,-3.954296,f,15,23
22.87333,2,-0.7403222,-0.001668785,0.2288398,0.7625455,-7.938638,-23.53996,f,15,23
23.38612,2,-0.7142125,-0.1348037,-0.1142649,2.482948,-8.58267,-23.26821,f,15,23
23.90324,2,-0.7645432,-0.07673755,-0.1335113,4.530347,-10.63291,-23.0992,f,15,23
24.41308,2,-0.6666508,0.3810795,-0.2670108,6.543363,-11.78151,-22.35668,f,15,23
24.92768,2,-0.561153,-0.08634839,-0.2479496,8.815012,-10.42777,-21.64541,f,15,23
25.44063,3,-0.5558628,0.02788374,-0.1356278,10.72033,-8.286271,-20.84504,f,15,23
25.94217,3,-0.2968981,0.003221338,-0.1361046,11.91507,-4.526965,-20.19509,f,15,23
26.45432,3,-0.03726575,0.01727926,0.016344,12.33805,0.1876981,-19.95037,f,15,23
26.96767,3,0.3646702,-0.050592,0.3839707,11.92172,4.891073,-20.28849,f,15,23
27.47134,3,0.4840375,-0.137839,0.3071504,10.7684,8.660756,-21.05936,f,15,23
27.98136,4,0.7509835,-0.07375738,0.2479496,8.89187,10.54703,-21.95205,f,15,23
28.48308,4,0.5936368,-0.04142334,0.05721915,6.644439,10.17234,-22.47649,f,15,23
28.99623,4,0.5650242,-0.1348493,-0.01907305,4.605238,10.12392,-23.15913,f,15,23
29.49647,4,0.7176071,0.1108595,0.0381461,2.625438,8.410653,-23.39425,f,15,23
29.99932,4,0.4219819,-0.2036896,-0.2288766,0.9453447,7.700265,-23.49551,f,15,23
30.50945,4,0.8701878,0.04328595,-0.09536525,-1.296981,13.63178,-19.43047,f,15,23
31.02343,4,1.186099,-0.1026006,-0.1911926,-3.832812,15.12694,-19.13126,f,15,23
31.52465,4,1.131586,-0.1588382,-0.554325,-6.550457,18.95115,-18.29227,f,15,23
32.03772,4,1.12171,0.0589686,-0.4768143,-9.471809,18.48778,-16.97966,f,15,23
32.53823,4,0.9488604,0.04630328,-0.7628981,-12.10417,17.61443,-15.34168,f,15,23
33.05156,5,0.4219793,0.1065012,-0.8964095,-13.96647,13.81162,-13.25369,f,15,23
33.55163,5,0.3874094,0.1381647,-0.6103257,-15.49618,9.795705,-11.91663,f,15,23
34.06566,5,0.3487244,0.07508429,-0.3410944,-16.21198,5.58921,-10.73535,f,15,23
34.56881,5,0.1330234,0.01345033,-0.1895565,-16.61883,2.03527,-10.22227,f,15,23
35.07941,5,0.03087744,0.04627246,0.1918813,-16.62336,-1.470188,-10.18354,f,15,23
35.59239,5,-0.1569146,0.06249255,0.36036,-16.26591,-5.469898,-10.68862,f,15,23
36.10689,5,-0.4136348,-0.009648048,0.4195952,-15.56528,-9.662345,-11.81825,f,15,23
36.62069,5,-0.6556242,0.004768169,0.6484718,-13.98348,-13.64362,-13.16607,f,15,23
37.13444,5,-0.9727017,0.0122929,0.7628981,-12.2908,-17.32915,-15.22872,f,15,23
37.63556,5,-1.12767,-0.08474646,0.6103257,-9.626966,-18.19784,-16.80237,f,15,23
38.14938,5,-0.9822382,-0.03304182,0.3051569,-6.660623,-19.27816,-18.29802,f,15,23
38.65432,5,-1.0776,0.04563265,0.3051688,-3.898421,-14.98709,-19.0902,f,15,23
39.16287,5,-1.075218,-0.1122751,0.0762922,-1.364825,-13.67358,-19.45001,f,15,23
39.67666,5,-0.951246,-0.04634053,-0.0762922,-0.7848894,-15.46523,15.51654,f,15,23
40.17733,5,-1.168198,-0.05870783,-0.1144383,-2.977432,-17.22243,15.14752,f,15,23
40.69032,5,-1.339852,-0.2333415,-0.343303,-5.774046,-21.00487,14.46084,f,15,23
41.20467,5,-1.513888,-0.08795013,-0.8010561,-8.429638,-19.95825,13.12288,f,15,23
41.70469,5,-0.8904492,0.007636484,-0.7629101,-10.28828,-14.31504,11.68579,f,15,23
42.20501,5,-0.1227828,0.280874,-0.0762922,-11.28178,-6.202434,10.69921,f,15,23
42.72122,5,0.08167621,0.02479281,0.2166786,-11.46996,2.38703,10.4867,f,15,23
43.2296,4,0.8043991,0.9673455,0.9812828,-10.8463,10.39387,11.09015,f,15,23
43.73197,3,1.314723,0.2323648,0.5645685,-9.319101,17.09536,12.25847,f,15,23
44.24604,3,0.9209228,-0.1901474,0.614473,-6.97391,22.24054,13.77564,f,15,23
44.74619,3,1.587184,0.1066465,-0.03674297,-4.374641,20.9505,14.93716,f,15,23
45.24623,3,1.405334,-0.000373358,0.1146996,-1.923768,16.68286,15.48163,f,15,23
45.76001,3,0.7743989,0.008828526,0,-0.1939656,12.12249,-13.96528,f,15,23
46.27284,3,0.9559219,-0.03628267,-0.1144383,-1.776136,13.57144,-13.97964,f,15,23
46.77285,3,1.275555,0.001676307,-0.2288766,-3.578212,17.0855,-13.54125,f,15,23
47.28686,3,1.16581,0.05654731,-0.343303,-5.568361,18.3753,-12.7196,f,15,23
47.8015,3,1.057338,0.1304537,-0.7629101,-7.52252,15.27597,-11.79585,f,15,23
48.31503,3,0.6168701,-0.01151062,-0.4195952,-8.930449,10.62181,-10.96054,f,15,23
48.82771,3,0.03218577,-0.2883243,-0.4577413,-9.712213,4.224084,-10.38071,f,15,23
49.32819,3,0.2920442,0.1559335,0,-9.793627,-2.397197,-10.30644,f,15,23
49.84273,3,-0.4601254,0.1227055,0.3814491,-9.158139,-9.129772,-10.73217,f,15,23
50.34301,3,-0.9107143,-0.155859,0.5721796,-7.949658,-14.81431,-11.60135,f,15,23
50.85648,3,-0.9369397,-0.2535317,0.4577413,-6.206267,-17.77586,-12.56882,f,15,23
51.35658,3,-1.027537,0.08165463,0.3433149,-4.270364,-17.1501,-13.36548,f,15,23
51.86938,3,-0.851117,-0.1617447,0.2670108,-2.251401,-13.88095,-13.82106,f,15,23
52.37043,3,-0.6889983,0.02130771,0,-0.6312378,-12.56806,-14.02441,f,15,23
52.88448,3,-0.7743093,0.1852116,-0.0764783,1.17974,-10.07206,-22.44697,f,15,23
53.38939,3,-0.7300906,0.05189352,0.03762518,3.212105,-10.87982,-22.12047,f,15,23
53.89825,3,-0.8652122,0.02027469,-0.3827849,5.654361,-13.44244,-21.7982,f,15,23
54.41139,3,-1.097532,-0.02137103,-0.3406891,8.179832,-14.56151,-20.72467,f,15,23
54.92619,3,-0.7343005,-0.155561,-0.343303,10.73373,-12.5169,-19.6532,f,15,23
55.43976,3,-0.6055574,0.1136162,-0.4195952,12.6704,-9.613536,-18.56886,f,15,23
55.95288,3,-0.2264925,0.1507929,-0.2670227,13.85027,-4.905474,-17.65832,f,15,23
56.45376,3,-0.1871543,-0.07852553,-0.1144383,14.15899,0.3680888,-17.3296,f,15,23
56.97076,3,0.2443615,-0.1653953,0.1907305,13.69448,5.664917,-17.74428,f,15,23
57.48101,3,0.5906566,0.02860892,0.3814491,12.39043,10.28136,-18.748,f,15,23
57.98144,3,0.8621436,0.1139887,0.5721676,10.38973,12.92755,-19.90902,f,15,23
58.49488,3,1.141379,0.1603291,0.6866179,7.788514,13.41915,-20.72501,f,15,23
58.99518,3,0.7924078,-0.05989999,0.1907305,5.414746,13.53925,-21.84345,f,15,23
59.49537,3,0.6872109,0.07532197,0.0381461,3.017585,10.85272,-22.1882,f,15,23
60.00787,3,0.3512414,-0.09975876,0.0381461,0.9133247,9.943381,-22.41587,f,15,23
60.51835,4,0.09467422,-0.1471422,-0.0381461,0.6065571,-5.227623,-26.31194,f,15,23
61.02305,5,-0.7474639,-0.0398962,-0.0762922,1.892646,-5.626743,-26.08294,f,15,23
61.53629,5,-0.7164165,0.1017702,-0.1525844,3.432728,-6.912326,-26.12038,f,15,23
62.04958,5,-0.430186,-0.1494676,0.190093,5.148811,-7.584378,-25.82192,f,15,23
62.56442,5,-0.3224428,-0.05561777,-0.1894611,6.801744,-6.74063,-25.38512,f,15,23
63.07771,5,-0.2023665,0.000842442,-0.03625417,7.962078,-3.844154,-24.99419,f,15,23
63.5785,5,0.0774857,-0.1346392,0.002110157,8.324625,0.4464813,-24.85554,f,15,23
64.08141,5,0.2896898,-0.07084765,0.04175806,7.70752,4.569165,-25.05279,f,15,23
64.59137,5,0.4360278,-0.1669683,0.1168582,6.361531,7.302014,-25.40601,f,15,23
65.10595,5,0.5655755,-0.1087952,0.2276368,4.67348,7.756769,-25.84492,f,15,23
65.60611,5,0.6341848,0.1083194,0.1902656,3.063704,6.881611,-26.16902,f,15,23
66.10614,4,0.4585266,0.09809703,0.0380865,1.600458,5.567775,-26.21651,f,15,23
66.61974,3,0.2095733,0.1833633,0.1145813,0.377886,5.124664,-26.25092,f,15,23
67.12008,3,4.176107,-0.02291825,-1.335595,-1.671546,56.52669,-5.198383,f,15,23
67.62302,3,2.741547,-0.01106783,-3.358069,-3.406487,58.04745,-2.794658,f,15,23
68.1329,3,0.5247043,-0.009241808,-1.602716,-2.893447,23.91373,-1.014955,f,15,23
68.63365,3,0.3139188,0.01546513,-0.8395174,-2.603615,4.390647,-0.590153,f,15,23
69.14789,3,-0.3680502,0.01086833,1.240335,-2.594667,-11.78346,-0.6352338,f,15,23
69.66243,3,-1.232143,-0.000461949,2.360332,-3.844349,-40.66254,-1.940559,f,15,23
70.17606,3,-3.942698,-0.06162881,2.921646,-3.316369,-70.92507,-4.887346,f,15,23
70.68852,3,-2.982558,0.000922244,0.2685366,-0.3036168,-46.20348,-4.542083,f,15,23
71.20336,3,-0.09171306,0.02847188,0.1525486,-3.55E-12,1.88E-11,4.291851,f,15,23
71.71674,3,0.1405946,0.0176581,0.1144264,1.05E-11,-4.62E-11,4.291196,f,15,23
72.21686,3,-0.03453023,-0.06658607,0.1525606,-6.77E-12,2.54E-11,4.291639,f,15,23
72.72994,3,0.1036898,-0.05230334,-0.1525367,1.19E-11,-3.85E-11,4.291112,f,15,23
73.24786,2,-0.2501689,-0.1847016,-0.1525129,-1.37E-12,3.87E-12,4.290728,f,15,23
73.75824,1,0.7871786,0.1216262,-8.34E-05,-1.51E-11,3.84E-11,4.289812,f,15,23
74.27081,0,-0.3646028,0.04963189,2.38E-05,5.80E-12,-1.31E-11,4.290635,f,15,23
74.77125,0,-0.2657284,0.05161842,-0.07624452,5.35E-14,-2.82E-14,4.290841,f,15,23
75.27139,0,0.007154969,0.01252117,0.1526373,1.98E-12,-3.56E-12,4.29039,f,15,23
75.77148,0,-0.08108953,-0.1655702,0.07631867,-2.75E-12,4.76E-12,4.290371,f,15,23
76.27158,0,-0.178874,-0.02731555,0.07630675,-7.23E-14,1.68E-13,4.290596,f,15,23
76.77437,0,0.1120944,0.00752763,0.07631867,7.24E-12,-1.04E-11,4.290268,f,15,23
77.28616,0,-0.04767289,0.004010602,-0.07622068,-6.17E-12,8.32E-12,4.290753,f,15,23
77.79989,0,0.2205414,-0.1384434,-0.1525248,1.22E-12,-1.26E-12,4.290167,f,15,23
78.30007,0,-0.0273007,0.0388357,0.07633988,-1.14E-11,1.31E-11,4.290623,f,15,23
78.80029,0,-0.02857481,0.05208065,0.1525486,-8.95E-13,9.25E-13,4.291203,f,15,23
79.31332,0,0.04062615,-0.06297056,0.1525963,-1.91E-12,1.71E-12,4.291131,f,15,23
79.81345,0,-0.5348828,-0.01528852,-0.000166889,0.3678676,-6.935884,-13.73972,f,15,23
80.31754,0,-0.6352145,0.02030525,0.152036,1.253276,-8.913568,-13.70426,f,15,23
80.827,0,-0.6078671,0.06424396,-0.22747,2.377722,-9.188312,-13.54593,f,15,23
81.32736,0,-0.5849466,0.01851688,-0.3023436,3.523184,-8.949853,-13.28763,f,15,23
81.84175,0,-0.2129744,0.1607624,-0.004339119,4.372629,-5.108111,-12.88808,f,15,23
82.35496,0,0.223411,0.02666176,-0.004339119,4.56457,1.875283,-12.82355,f,15,23
82.85502,0,0.4280886,0.1181674,0.1494373,4.042738,7.632504,-13.10542,f,15,23
83.36829,0,0.8173785,-0.01073558,0.001490082,2.913505,9.930141,-13.48974,f,15,23
83.86879,0,0.6911239,-0.03382691,0.000381461,1.817802,9.065329,-13.67967,f,15,23
84.38245,0,0.515093,0.06932095,0.1526082,0.7432022,7.247763,-13.71764,f,15,23
84.88343,0,0.5598281,0.0105244,0.000286096,0.05079787,9.133591,8.587493,f,15,23
85.39748,0,0.6975551,-0.08505016,0.3051569,0.7797788,12.13722,8.499057,f,15,23
85.9102,0,0.8726338,0.01932301,-0.3802451,1.759338,13.9786,8.373401,f,15,23
86.41301,0,0.5932493,0.01552242,-0.3016641,2.637942,10.39748,8.014871,f,15,23
86.92575,0,0.03064801,0.05026154,-0.004947072,2.9544,-0.991734,7.754144,f,15,23
87.43858,0,-0.5384918,-0.1117486,0.2249785,2.553075,-11.19518,8.046766,f,15,23
87.95225,0,-0.9301465,0.1655329,0.07631867,1.625548,-14.18333,8.386841,f,15,23
88.46644,0,-1.029986,0.04579497,0.1531924,0.6324866,-10.17324,8.442088,f,15,23
88.9793,0,-0.4658726,0.01874414,-0.228662,-0.006930351,-6.91011,1.421785,f,15,23
89.47942,0,-0.5386035,-0.09049761,-0.07589882,-0.09995923,-7.640564,1.454822,f,15,23
89.98012,0,-0.6797456,-0.002585339,-0.07735313,-0.2164728,-9.5184,1.442706,f,15,23
90.49288,0,-0.6469787,-0.01441959,-0.1549685,-0.3417572,-10.31613,1.41808,f,15,23
90.99342,0,-0.6555228,-0.03975265,-0.1566493,-0.4584396,-8.451725,1.384902,f,15,23
91.49376,0,-0.2051843,-0.0366853,-0.08157305,0,0,0,f,15,23
92.00767,0,0.3206001,0.1893005,0.004887469,-0.5207146,4.334804,1.363342,f,15,23
92.50794,0,0.6226218,0.006221057,0.2321071,-0.4376496,9.106395,1.391051,f,15,23
93.02175,0,0.6755674,-0.005713684,0.2273388,-0.3110567,10.63919,1.424294,f,15,23
93.53497,0,0.7256431,-0.1270366,0.2285071,-0.188147,9.484578,1.4468,f,15,23
94.04916,1,0.3199176,-0.1159702,-0.07643525,-0.07707191,7.484774,1.457528,f,15,23
94.55197,1,-1.926147,-0.003000653,5.941184,0.5858264,-25.53366,-18.10736,f,15,23
95.06259,1,-9.57938,0.08610494,2.268692,12.2515,-61.10942,-28.43059,f,15,23
95.56409,1,-4.127933,-0.1132397,-4.307362,30.785,-33.91948,-23.87009,f,15,23
96.07664,1,4.61122,0.008785523,5.768143,29.96538,42.92326,-25.07651,f,15,23
96.57695,1,12.42707,-0.2690479,3.617872,10.15838,73.46932,-37.51041,f,15,23
97.09022,1,6.513402,-0.02839625,-0.8395174,-7.196393,35.66163,-45.14027,f,15,23
97.59025,2,6.443056,0.08511417,-3.892312,-23.29595,41.54699,-39.29646,f,15,23
98.09464,4,0.6928415,-0.1167152,-0.5342426,-31.99789,4.46181,-34.00753,f,15,23
98.60457,5,-5.830703,0.01537094,3.656018,-25.19958,-37.75666,-37.78891,f,15,23
99.12148,5,-7.008708,0.04027766,1.408926,-8.718004,-40.46329,-44.01659,f,15,23
99.63148,5,-10.92747,-0.02752331,-1.182529,-16.68864,-56.22515,105.3995,f,15,23
100.1317,5,-4.674781,-0.3982535,-4.432004,-67.96313,-33.78003,81.11133,f,15,23
100.6322,6,9.915268,-0.4568256,6.57305,-52.39534,67.36699,94.00575,f,15,23
101.1459,6,2.781711,0.07517873,-0.1913504,0.000409431,19.86573,-0.004288881,f,15,23
101.6602,6,5.020778,-0.04103157,-0.728972,0.03431189,30.11901,0.139451,f,15,23
102.1604,6,1.668749,0.001679008,-0.7424662,-0.1187557,9.647839,-0.275346,f,15,23
102.6638,6,-4.209649,-0.02370293,1.627789,-0.01956937,-27.13527,-0.06750533,f,15,23
103.1739,6,-4.098816,-0.01999674,0.9517452,0.001300929,-22.97045,0.03896374,f,15,23
103.6875,6,-13.18901,0.08514429,-3.539767,0.9248239,-74.93006,-3.421993,f,15,23
104.2018,6,-5.778181,0.1477972,-8.05989,3.822996,-55.76731,-2.459626,f,15,23
104.7155,6,-0.5531662,0.09616016,0.06598083,6.762144,0.2722639,-2.468927,f,15,23
105.2157,6,5.03972,-0.3517348,8.495208,3.731867,57.59002,-2.472611,f,15,23
105.7158,6,13.86854,0.09253561,4.152012,1.275433,75.25763,-4.227081,f,15,23
106.2284,6,7.88577,0.2414538,-1.638089,3.38454,45.34821,16.04006,f,15,23
106.7288,6,7.274151,0.033503,-5.949313,10.24307,52.55096,12.73829,f,15,23
107.2469,6,1.700601,-0.0500269,-2.413504,11.56365,17.47299,7.473199,f,15,23
107.7571,6,-1.203939,0.04980022,1.930693,11.7437,-13.3328,7.193003,f,15,23
108.2701,6,-6.025658,-0.02861988,5.266048,10.97839,-48.78798,12.04533,f,15,23
108.7845,6,-8.575923,-0.1363047,2.029039,3.878503,-46.31879,15.40922,f,15,23
109.285,7,-4.718375,0.03639181,-0.4947072,-0.09254305,-27.43058,1.207497,f,15,23
109.7973,7,-6.387969,-0.000979586,-2.542676,-0.3723364,-37.66886,0.9756026,f,15,23
110.2977,8,-1.52799,0.0854288,-1.225205,-1.01925,-10.10531,1.467173,f,15,23
110.798,8,4.640592,0.07253557,2.502813,-0.6848509,30.65906,1.268753,f,15,23
111.3104,8,5.520253,-0.03013223,1.332539,-0.1807726,34.84679,0.9934847,f,15,23
111.8115,8,-6.142654,-0.3606792,-0.2681671,-4.141038,-32.03743,60.71498,f,15,23
112.3262,8,-6.098703,0.2076735,-2.615583,-25.25354,-36.96372,55.47355,f,15,23
112.8446,8,5.17192,0.2877828,2.690588,-25.86258,35.00465,55.23486,f,15,23
113.352,8,5.994341,-0.2672624,0.4947072,-5.400218,32.6713,60.57918,f,15,23
113.8529,8,7.985648,0.03909715,-1.722964,12.15213,51.44717,48.93021,f,15,23
114.3672,8,4.460805,-0.02975768,-3.657186,30.86136,34.01833,37.91382,f,15,23
114.8674,8,-3.230641,0.02452191,2.52787,32.06678,-23.94941,35.88311,f,15,23
115.3812,8,-8.65659,-0.05427419,3.080631,16.35186,-51.7765,47.97859,f,15,23
115.8817,8,-7.898158,-0.07973606,-0.1141045,-2.344264,-48.59998,40.41726,f,15,23
116.399,8,-9.41801,-0.03225319,-6.096366,-22.28854,-64.16131,33.5227,f,15,23
116.9085,9,-0.2504054,0.05746321,0.1526373,-33.29405,-0.6228035,26.48784,f,15,23
117.4227,9,9.414648,0.02146333,6.555932,-22.44749,63.61759,33.32183,f,15,23
117.923,9,8.378878,0.06488208,0.2662121,-2.556767,48.987,40.20515,f,15,23
118.4242,10,14.90637,-0.1117906,-10.83755,2.167465,101.8729,2.86751,f,15,23
118.937,10,1.523317,-0.1893138,-4.950756,-2.592063,26.68791,-0.9641876,f,15,23
119.4501,10,-1.681671,-0.1831929,4.185605,-2.550179,-26.72098,-0.9651402,f,15,23
119.9538,10,-13.91424,-0.1414371,11.13413,1.526524,-101.8316,2.058773,f,15,23
120.4645,10,6.601655,0.1482475,-0.8019741,1.766743,39.46351,27.56556,f,15,23
120.9783,10,8.455202,-0.3214276,-4.595747,13.01464,54.45694,24.59107,f,15,23
121.4788,10,1.216193,-0.0798684,-2.117037,18.63378,11.17955,18.17981,f,15,23
121.9917,10,-5.697669,-0.1116593,4.423064,15.93795,-43.95043,21.32134,f,15,23
122.4918,10,-7.800442,0.09680104,2.016546,5.250087,-43.24792,26.68429,f,15,23
123.0066,10,-6.808572,0.03646743,-1.103614,-4.347382,-40.02855,27.19615,f,15,23
123.5092,10,-7.313489,0.1778944,-4.89095,-14.03394,-48.89299,21.71702,f,15,23
124.019,10,-2.830607,-0.1094669,-3.929621,-23.4957,-27.81644,17.50026,f,15,23
124.5196,10,-0.01444784,0.1991553,-0.2473059,-26.17503,-1.703426,14.80775,f,15,23
125.0207,10,2.301402,0.04218562,3.466717,-23.89219,24.89598,16.95251,f,15,23
125.5328,9,6.660237,0.2051234,5.036811,-15.70945,50.5526,22.15485,f,15,23
126.0476,8,7.120321,-0.01163987,1.186248,-4.952681,40.52913,27.26686,f,15,23
126.5477,8,-7.058065,0.003259275,-1.258011,-1.062799,-39.02178,7.401235,f,15,23
127.0515,8,-7.066136,0.2580706,-4.589024,-4.112067,-45.02529,6.660637,f,15,23
127.5613,8,0.05757677,-0.04325233,0.2890998,-4.007132,1.785967,4.115053,f,15,23
128.0751,8,7.03367,0.01919545,3.797978,-4.110448,45.93921,6.670759,f,15,23
128.5798,8,6.9322,-0.003734625,0.6924361,-0.9491026,38.70847,7.358059,f,15,23
129.0885,8,6.355907,-0.01351694,-1.372712,4.991767,36.01421,27.17967,f,15,23
129.5886,8,6.520333,-0.01645873,-3.96558,14.7237,44.3872,23.58333,f,15,23
130.1022,8,2.448255,0.004213452,-1.884896,19.85186,17.70771,17.40181,f,15,23
130.6026,8,-0.9020174,0.1120513,1.314408,20.17186,-12.6477,16.90488,f,15,23
131.1029,8,-5.349247,-0.05019423,4.582221,16.45653,-40.43703,22.39845,f,15,23
131.6165,8,-7.020603,-0.1369797,2.202881,6.770219,-44.09442,26.87453,f,15,23
132.1168,8,-2.892536,0.002972722,0.3819153,-1.407172,-18.70315,49.61493,f,15,23
132.6302,8,-4.556646,-0.02481059,-1.592093,-11.51381,-27.67964,48.05897,f,15,23
133.1452,8,-0.9782847,0.2103146,-0.4575706,-20.21233,-5.42609,45.68484,f,15,23
133.6582,8,4.276602,-0.0117668,1.525219,-14.78712,24.53778,47.10691,f,15,23
134.159,8,3.799962,0.001638405,0.1525553,-4.246221,20.15168,49.34452,f,15,23
134.6593,8,5.331146,0.1075403,-0.3050153,-3.09802,33.69946,-26.91368,f,15,23
135.177,10,1.619363,0.1735244,-0.7625858,-10.46303,11.97331,-24.89281,f,15,23
135.6859,10,-5.370177,-0.3397549,2.050506,-5.4243,-34.66205,-26.45907,f,15,23
136.2002,10,-2.758449,-0.03473802,-0.380723,1.244401,-16.90186,-32.25741,f,15,23
136.7138,10,-3.619658,-0.2949522,-0.984071,6.65692,-22.45946,-31.42423,f,15,23
137.2325,10,-3.544968,0.02874695,-1.067696,13.09083,-21.75396,-29.58077,f,15,23
137.7416,10,-0.5286151,0.01103028,0.3295975,16.66991,-2.193849,-28.2052,f,15,23
138.2545,10,2.59195,-0.0226953,1.869039,14.33214,18.3848,-29.12954,f,15,23
138.7551,10,3.882595,-0.00877565,1.589184,8.253705,22.2655,-30.84319,f,15,23
139.2684,10,3.005625,-0.1219684,-0.07463754,2.348195,17.62674,-32.26151,f,15,23
139.7722,10,17.62598,-0.02721185,-7.068724,37.04638,112.9717,87.85213,f,15,23
140.2839,10,0.6982742,-0.2816606,-1.372712,87.29623,6.827298,51.48608,f,15,23
140.7969,10,-16.36046,-0.1056788,10.0665,49.26395,-107.5942,80.24839,f,15,23
141.2971,10,-9.322356,-0.01858113,-1.220156,-9.194118,-54.48923,59.87899,f,15,23
141.8104,10,-7.879934,0.05436589,-6.711003,-40.88313,-59.65787,44.56484,f,15,23
142.3248,10,-1.025038,0.04303963,-1.022987,-52.18989,-5.896265,30.97527,f,15,23
142.8248,11,4.807683,-0.2219692,6.350629,-46.2304,44.63468,38.85015,f,15,23
143.3284,11,10.98464,0.1953132,3.717713,-18.61037,69.85065,56.42166,f,15,23
143.8384,11,12.26436,0.07085425,-1.611313,-11.3295,73.73166,-57.60992,f,15,23
144.3388,11,7.91859,-0.09164318,-9.693199,-48.36245,70.11234,-35.09807,f,15,23
144.839,11,0.9958985,0.3361014,-1.556789,-59.67632,9.539217,-19.44422,f,15,23
145.3524,11,-3.104206,-0.3370873,5.794234,-56.38694,-38.21175,-25.81189,f,15,23
145.866,11,-14.65053,-0.07290997,7.473589,-26.47199,-97.86803,-51.04649,f,15,23
146.3798,11,-2.724481,-0.2085271,-0.4575706,-0.7264512,-18.47559,16.50624,f,15,23
146.893,11,-4.411091,-0.02127703,-0.6987314,-3.941197,-24.152,15.96954,f,15,23
147.3946,11,-3.201426,0.009940091,-1.030332,-7.21143,-18.52738,14.88404,f,15,23
147.9116,11,1.231162,-0.1002936,0.4276994,-7.954715,9.281504,14.564,f,15,23
148.4209,11,4.2349,0.009085812,1.372712,-5.22426,25.86686,15.65277,f,15,23
148.9221,11,3.658163,-0.008005941,0.3050153,-1.801354,19.68181,16.38179,f,15,23
149.4349,11,-0.07149503,0.0942096,0.1525553,2.10E-09,3.48E-08,-40.17987,f,15,23
149.9487,11,-0.4647177,-0.2156022,-0.1525076,1.84E-11,-2.62E-11,-40.18725,f,15,23
150.4635,11,-0.009872978,-0.1006262,0.3817245,5.16E-11,-2.04E-10,-40.1871,f,15,23
150.9767,11,0.06207699,0.03058466,0.2290156,0,0,0,f,15,23
151.49,11,-0.1024971,-0.05630174,-0.3815815,0,0,0,f,15,23
151.9906,11,-0.1262942,0.001301689,-0.3817245,0,0,0,f,15,23
152.4937,9,-0.03334614,0.09180748,-0.229111,0,0,0,f,15,23
153.0088,8,24.21775,-0.09934828,-2.287805,9.72E-12,143.5555,1.93E-12,f,15,23
153.5182,7,0.3991705,-0.2354867,-2.897931,-2.71E-12,11.70529,2.96E-12,f,15,23
154.0276,4,-27.28628,-0.07343742,7.991749,1.12E-11,-154.1136,1.21E-12,f,15,23
154.5307,3,0.07044674,0.1265168,0.5343857,0,0,0,f,15,23
155.0451,2,0.246266,0.05167179,-0.2288726,0,0,0,f,15,23
155.5582,1,-0.00660216,-0.01435461,-0.2290156,0,0,0,f,15,23
156.0594,1,-3.091279,0.1411783,-0.8382774,-2.468321,-17.99647,43.56715,f,15,23
156.5729,1,-9.051273,0.04289705,-3.96558,-17.9137,-56.66694,39.764,f,15,23
157.0733,1,-1.858863,0.1534536,-1.830282,-29.45715,-16.01341,32.17765,f,15,23
157.5738,1,-0.6077183,-2.332563,-0.7626097,-20.97703,-7.541652,40.6635,f,15,23
158.0877,1,0.1072654,-8.72403,-5.18576,4.581486,-35.91449,61.84999,f,15,23
158.6015,1,0.4916539,-2.324828,-1.542815,-19.17253,-33.54021,26.66877,f,15,23
159.1161,1,2.843333,-4.002337,-3.26476,98.41861,81.93169,-2.048433,f,15,23
159.6286,1,12.02035,-1.874857,-8.663216,76.24419,104.0482,82.47135,f,15,23
160.1294,1,4.284511,2.19215,-2.302807,-8.527879,104.1019,68.37144,f,15,23
160.6338,1,5.136112,5.414894,-4.084391,36.78067,-12.39665,32.75074,f,15,23
161.1442,1,2.740656,10.02837,-0.610102,42.86578,-9.347708,35.60276,f,15,23
161.6482,1,0.6506007,3.21251,0.610102,18.60279,-5.650419,8.691603,f,15,23
162.1572,1,-1.875548,13.10266,7.473613,60.65831,-22.32308,56.94914,f,15,23
162.6577,1,-2.571439,2.411756,3.050451,22.89001,-2.316784,18.49482,f,15,23
163.1577,2,1.272621,-0.63873,-0.6100901,-2.944048,-0.01093019,-10.15912,f,15,23
163.6705,2,2.01466,-2.254481,-0.9151351,-5.001698,0.0494449,-17.47475,f,15,23
164.1754,2,-0.1986794,-0.1549151,-1.067661,7.0571,13.58073,-4.054195,f,15,23
164.6855,2,-1.52623,-3.365032,-7.942245,-25.50216,44.21314,-13.98647,f,15,23
165.1862,2,-0.5431133,-0.7810473,-1.777494,1.643002,14.07271,-11.47672,f,15,23
165.6987,2,-2.220264,-1.158694,-2.867107,-4.164748,25.85505,-8.745627,f,15,23
166.1987,2,-4.789894,-2.716687,-2.638497,-14.17118,33.31591,-10.48603,f,15,23
166.7125,2,0.00443533,-0.1193843,-0.09180656,-13.84415,-14.12936,64.54106,f,15,23
167.2258,2,-0.009534706,0.01191242,0,-13.83271,-14.11624,64.48341,f,15,23
167.7262,2,0.1334621,0.2359363,0,-13.83069,-14.1144,64.47482,f,15,23
168.2407,2,0.1632726,0.2529927,-0.2116559,-13.83802,-14.12292,64.51164,f,15,23
168.7637,2,-0.04858594,0.03073731,0.5164059,-13.84072,-14.12507,64.52277,f,15,23
169.2674,2,-0.5393457,-0.1561069,0.3653663,0.3584305,3.141051,-1.424893,f,15,23
169.7683,2,-3.743463,0.002980733,0.2194773,-0.2766388,20.73682,2.486286,f,15,23
170.2825,2,-0.3813068,0.05957999,0.1525076,0,0,0,f,15,23
170.7957,2,6.262967,0.3336432,0.7625858,8.974793,-26.73787,-48.2045,f,15,23
171.2958,2,6.444103,-0.4504195,4.880721,27.98643,-35.73167,-41.81124,f,15,23
171.796,3,-0.9866276,-1.525219,-1.372688,16.12065,18.74734,-30.41207,f,15,23
172.3009,3,-8.822488,-9.456409,-4.270643,-27.72056,55.84081,-64.28907,f,15,23
172.8091,3,-4.809231,-3.193435,1.220156,-15.95234,7.539274,-45.00552,f,15,23
173.3234,3,-6.208866,1.359095,-0.03204884,3.342299,14.78193,-48.78135,f,15,23
173.8376,3,-10.00575,5.819046,6.134467,-9.353489,53.53036,-60.80743,f,15,23
174.3502,3,0.2042159,2.602534,0.1995183,8.765422,-15.28849,-23.98975,f,15,23
174.8506,5,12.03219,13.75039,-2.638258,46.69868,-52.2003,-83.28229,f,15,23
175.3506,5,5.746408,2.289179,2.521795,17.17332,-14.08194,-29.55204,f,15,23
175.8643,5,13.4077,-1.782609,7.321081,35.21434,-43.66276,-73.17867,f,15,23
176.3651,5,3.388873,-6.234363,6.558477,23.83542,-25.29944,-39.15885,f,15,23
176.866,6,0.2192506,0.08578852,0.305045,0,0,0,f,15,23
177.3785,6,-0.1143688,-0.1572869,-0.305045,0,0,0,f,15,23
177.8797,6,0.009534706,0.9151411,-4.270637,9.419108,34.49171,6.419535,f,15,23
178.3922,5,-7.296094,-1.28317,-11.79602,-13.22681,77.86017,-0.5939673,f,15,23
178.9067,5,-3.361861,0.6954645,-1.858689,10.87672,30.09478,-6.556055,f,15,23
179.4208,4,-14.53732,-1.153461,-0.1525076,-6.894568,81.86467,12.9421,f,15,23
179.9338,3,-2.793073,0.6291476,1.372712,-1.134307,25.9534,-14.15955,f,15,23
180.4472,3,-9.446892,-0.9055825,13.11694,11.64247,92.15929,14.20482,f,15,23
180.9476,3,1.649171,1.305969,-4.118111,23.21505,-42.57692,-4.174266,f,15,23
181.4666,3,16.57645,-1.010564,-10.97255,-19.60752,-117.6181,-13.84312,f,15,23
181.977,3,-0.134491,-4.545617,-2.187619,-28.17594,4.987127,-7.797836,f,15,23
182.4893,3,-0.4404688,-11.90012,5.087038,-70.46986,1.019306,-6.154616,f,15,23
183.0026,3,-0.08579448,-0.2097159,-0.3050153,0,0,0,f,15,23
183.5042,3,0.2955133,0.06674294,-0.1525076,0,0,0,f,15,23
184.0141,3,0.07625977,-0.09532323,0,0,0,0,f,15,23
184.5169,2,-0.1143926,0.1811356,0.1525553,0,0,0,f,15,23
185.0213,1,-0.01102871,-0.1655857,-0.3220622,0,0,0,f,15,23
185.5302,1,-2.45835,-0.6568104,-0.01735979,-1.772196,28.27122,17.93356,f,15,23
186.0305,1,-8.987147,1.417899,7.084176,0.3212838,69.07143,-12.77859,f,15,23
186.5449,1,-3.293924,-1.145865,6.282597,-2.65111,52.73153,7.528882,f,15,23
187.045,1,0.4021843,1.193485,4.543417,11.41405,37.09245,-6.570558,f,15,23
187.5591,1,-0.06166539,0.5601869,-2.311659,40.4732,8.107275,-5.00767,f,15,23
188.0723,1,0.009534706,0.4265828,-3.355501,43.55063,2.223854,-0.01844883,f,15,23
188.5861,1,0.8960717,1.53001,-4.575682,47.61766,-7.28963,6.708648,f,15,23
189.0864,1,2.457046,2.421303,-4.728213,46.53624,-14.8806,15.15083,f,15,23
189.5865,1,3.127312,2.59527,-3.355501,39.55258,-17.99076,23.49174,f,15,23
190.0914,1,2.985507,2.327166,-1.830282,30.14467,-17.42026,29.77544,f,15,23
190.6001,1,2.349449,1.672935,-1.124237,21.45322,-16.13573,33.22338,f,15,23
191.1132,1,1.739353,1.076557,-0.6762209,14.92941,-14.6902,35.01085,f,15,23
191.6145,1,0.6984929,0.8634228,-0.3716616,4.657168,-4.400668,-0.1519439,f,15,23
192.1277,1,2.345079,2.216842,0.6764594,13.81817,-13.46635,-2.943363,f,15,23
192.6282,1,0.8158779,0.652995,0.5167875,4.836575,-5.029497,-0.2887103,f,15,23
193.1468,1,0.5099978,-0.9246639,-0.3050153,-5.050719,24.79011,-82.01939,f,15,23
193.656,1,1.967305,-4.168157,-0.7626335,-19.37615,8.139866,-87.33131,f,15,23
194.1694,1,2.682164,-7.20012,1.458461,-23.32082,-27.44452,-89.47543,f,15,23
194.6841,1,0.1909457,-1.450162,0.9541683,11.78119,-33.11646,-78.9822,f,15,23
195.1841,1,-1.04018,1.17795,-0.1114556,-15.36026,37.66569,81.02697,f,15,23
195.6983,1,-4.63433,5.412915,-1.309185,19.51958,43.4047,86.32808,f,15,23
196.2113,1,-3.092898,3.889329,0.7626335,31.70614,8.852958,88.53685,f,15,23
196.7252,1,-0.2704877,0.6744315,0.1525553,21.84594,-14.36758,86.84023,f,15,23
197.2388,1,10.72336,-6.270114,1.525219,-50.71681,-60.59007,95.06781,f,15,23
197.7391,1,6.909397,-4.723434,9.761465,-108.6728,-31.62103,59.86033,f,15,23
198.2519,1,1.733403,2.765428,-5.135683,-69.13083,71.29979,47.17581,f,15,23
198.7522,1,-4.352394,10.00579,-8.470789,-39.37371,65.03049,105.0744,f,15,23
199.2664,3,-9.020317,6.869611,-0.2924456,-2.520752,-0.3293189,122.7588,f,15,23
199.7794,5,3.43527,-5.397391,-2.431896,-45.12658,-71.68963,72.25121,f,15,23
200.2797,6,5.253875,-13.60132,0.8168161,-105.5806,-38.057,66.40501,f,15,23
200.7799,6,0.4847863,-8.091616,6.827356,-104.1091,34.285,50.84958,f,15,23
201.2807,6,3.379314,5.730335,-3.813072,-24.15563,67.95833,85.33088,f,15,23
201.7812,6,1.382246,15.36666,-1.220204,-6.596724,13.01569,134.7062,f,15,23
202.2942,6,-3.56045,8.144475,3.202994,-24.34792,-54.05021,100.5325,f,15,23
202.7946,7,-1.325038,-4.404105,-5.94837,-32.56623,26.13084,-12.76728,f,15,23
203.3073,7,-7.473613,-14.76134,-3.813072,-77.66871,47.65511,-28.26034,f,15,23
203.8225,7,-2.490876,-3.650968,1.166015,-23.25344,10.91031,-11.97715,f,15,23
204.3362,7,-0.03814159,-0.03132154,-0.3570679,0,0,0,f,15,23
204.849,7,0.07149502,-0.03574323,0.1525076,0,0,0,f,15,23
205.3492,7,0.1334574,3.177953,-1.067649,20.70583,-0.01621982,-0.05055261,f,15,23
205.8549,7,-0.1334574,10.47223,0.7626335,59.08022,-0.009947149,0.06185866,f,15,23
206.3639,7,0.05242969,0.9961623,0.3050629,7.422444,0.02636105,-0.06706201,f,15,23
206.8775,7,-0.2955128,8.577041,6.405964,62.72947,-0.06278975,0.08577988,f,15,23
207.3913,7,0.06679419,2.032287,2.565576,17.75198,0.05047822,-0.02150459,f,15,23
207.8916,7,0.4503611,-6.321442,-8.783074,-60.22269,-128.0389,97.5155,f,15,23
208.4052,7,0.6618962,-9.74978,-0.9978062,-57.47183,-24.48368,158.818,f,15,23
208.9055,7,-0.3049289,7.623086,1.145889,40.67673,-13.034,160.3073,f,15,23
209.4192,7,-0.7510645,9.676507,11.10173,83.70204,-114.3003,113.6615,f,15,23
209.9198,7,0.04850397,-2.546547,-4.551579,-25.18776,-141.6828,75.92825,f,15,23
210.4375,7,0.853174,-16.15787,-7.321081,-100.7531,-72.79918,144.0407,f,15,23
210.9469,8,0.1572899,-1.649153,-0.9151411,-8.7539,3.308048,159.9995,f,15,23
211.4605,8,-0.631955,-6.45877,0.08040824,-38.23215,27.59965,159.3983,f,15,23
211.9607,8,-0.3150038,-1.538833,0.4046166,-4.294337,57.52974,151.344,f,15,23
212.461,8,0.03332612,-0.1230804,-0.5086799,0,0,0,f,15,23
212.9613,8,-0.04767425,-0.2568676,-0.2033575,0,0,0,f,15,23
213.4746,7,0.07142768,-0.1136494,-0.3560664,0,0,0,f,15,23
213.9804,6,0.01906533,0.0848555,0.2798073,0,0,0,f,15,23
214.4876,6,-0.05242421,0.06123617,0.4323731,0,0,0,f,15,23
214.9883,3,-0.09058036,0.175744,0.1272415,0,0,0,f,15,23
215.5012,1,-2.216346,-0.9961623,0.3812929,-4.999462,25.49887,29.03226,f,15,23
216.0166,1,-2.940831,-0.9937786,0.8389111,-2.337429,31.24292,26.15301,f,15,23
216.5291,1,-3.944833,-1.144482,1.748379,1.315153,38.39996,21.11586,f,15,23
217.0429,1,-3.847029,-0.4261255,4.070488,5.420104,45.32291,12.86153,f,15,23
217.543,1,-3.041659,0.6751001,4.980136,11.89204,46.66102,5.180731,f,15,23
218.0439,1,-1.445345,1.059305,4.813692,18.02661,41.61538,-1.678905,f,15,23
218.5483,1,-0.2606829,1.186188,3.287653,23.81689,33.35812,-6.21589,f,15,23
219.0569,1,0.2480923,1.06194,2.620434,26.72002,27.32264,-9.948051,f,15,23
219.5706,1,0.5028604,-2.151411,-1.448965,37.96147,8.290499,5.669851,f,15,23
220.0711,1,1.400982,-2.467773,-1.754011,37.8167,10.28089,12.71995,f,15,23
220.5713,1,2.283062,-2.712052,-2.516625,36.26451,12.31664,21.83169,f,15,23
221.0713,1,4.01087,-2.342654,-2.974191,32.45899,13.94628,32.37328,f,15,23
221.5855,1,4.852129,-1.005721,-2.59288,24.06932,17.28482,37.77798,f,15,23
222.0855,1,4.339746,0.1525553,-1.754005,13.45167,20.90266,36.43642,f,15,23
222.599,2,3.348351,0.9342105,-1.143903,4.457184,22.92072,34.07375,f,15,23
223.1126,3,2.500417,0.7409385,-0.7343571,-2.650823,23.61866,31.28466,f,15,23
223.6266,3,1.674075,4.330337,-3.345264,28.78678,-0.2251401,14.23284,f,15,23
224.1406,3,1.394165,6.66333,-2.745423,37.60886,0.04197185,19.04735,f,15,23
224.6542,3,0.1358457,8.379217,-0.2287853,42.97862,-0.01684842,22.10555,f,15,23
225.1544,3,-1.303895,7.168561,2.516638,40.21806,-0.1136087,20.48018,f,15,23
225.6555,3,-1.834883,4.613797,3.736818,31.99133,0.2115571,15.9443,f,15,23
226.1684,3,-0.03897606,-0.2433232,-1.340972,-23.31764,-50.79936,33.24178,f,15,23
226.6878,3,-0.6506581,-2.237362,-2.5909,-34.22881,-42.69694,39.10947,f,15,23
227.1958,4,-1.146718,-5.509992,-3.895483,-48.87315,-25.89862,50.93981,f,15,23
227.6961,5,-1.734998,-5.474878,-1.087753,-37.04465,-9.623753,61.50394,f,15,23
228.2086,5,-0.4671008,-2.125787,-0.2287853,-14.8473,-3.076895,64.36057,f,15,23
228.7091,5,-0.220443,-0.6148574,8.083714,0,0,0,f,15,23
229.214,5,-0.02144851,-0.5338296,8.159968,0,0,0,f,15,23
229.7239,4,0.07626136,-0.3193443,8.007443,0,0,0,f,15,23
230.2352,2,-0.3562835,-0.3288771,0.1525227,0,0,0,f,15,23
230.7365,1,-0.0655371,0.009532672,-0.07626136,0,0,0,f,15,23
231.2489,1,0.03698231,-0.1766,0.07646516,0,0,0,f,15,23
231.7507,1,0.1562799,-0.1145849,-0.2291043,0,0,0,f,15,23
232.2653,1,0.03702234,-0.01908717,0.07634869,0,0,0,f,15,23
232.7657,1,-0.03461643,-0.04304805,-0.07634869,0,0,0,f,15,23
233.2791,0,-0.08229069,0.1432339,-0.1528139,0,0,0,f,15,23
233.7974,0,-0.03813068,-0.02859801,-0.07626136,0,0,0,f,15,23
234.307,0,-0.006073033,0.09053305,0,0,0,0,f,15,23
234.8205,0,0.008360648,-0.0142353,-5.82E-05,0,0,0,f,15,23
235.3352,0,0.02617389,0.01431174,-0.07634869,0,0,0,f,15,23
235.8479,0,0.03455593,0.02859801,-0.07626136,0,0,0,f,15,23
236.3485,0,0.09770986,-0.08102769,0.07626136,0,0,0,f,15,23
236.8531,0,-0.08936878,-0.2001861,0.07626136,0,0,0,f,15,23
237.362,0,-0.02383168,-0.01906534,0,0,0,0,f,15,23
237.8625,0,0.06196236,-0.04289702,0.07626136,0,0,0,f,15,23
238.3806,0,-0.02031652,-0.0286708,-5.82E-05,0,0,0,f,15,23
238.8897,0,0.07994939,0.06201875,0.07634869,0,0,0,f,15,23
239.4039,0,-0.02864259,-0.009536307,0,0,0,0,f,15,23
239.9176,0,-0.0404656,-0.03825079,0.07640693,0,0,0,f,15,23
240.4178,0,0.01543644,0.02388444,0.07634869,0,0,0,f,15,23
240.918,0,-0.04413454,-0.03343167,-0.07629046,0,0,0,f,15,23
241.4308,0,-0.01787376,0.07626136,0.2287841,0,0,0,f,15,23
241.9309,0,0.07864453,-0.07149503,-0.2287841,0,0,0,f,15,23
242.4312,0,-0.07745294,-0.08102769,0,0,0,0,f,15,23
242.9496,0,0.01546283,0.0762395,0.07629046,0,0,0,f,15,23
243.4588,0,-0.1407288,0.03345715,0.07640693,0,0,0,f,15,23
243.972,0,-0.01665942,0.1144502,0.1525809,0,0,0,f,15,23
244.4728,0,0.581591,0.8484183,2.2112,0,0,0,f,15,23
244.9866,0,-0.5993666,-1.39177,-3.96559,0,0,0,f,15,23
245.502,0,1.962538,0.7721463,-3.508023,0,0,0,f,15,23
246.0052,0,0.2037608,-0.05242969,0.9913976,0,0,0,f,15,23
246.5052,0,-0.008341087,-0.05242969,0,0,0,0,f,15,23
247.0137,0,-0.1811207,-0.07149503,-0.07626136,0,0,0,f,15,23
