0.4946585,0,0.8196147,0.03419805,6.021656,-0.2325084,8.013021,-3.042991,f,8,20
1.076657,0,0.8906432,-7.45E-05,-0.165105,-0.7890284,12.02368,-4.129605,f,8,20
1.58774,0,0.9609768,0.1046063,-0.4112724,-1.326321,14.74439,-4.034516,f,8,20
2.100917,0,0.9346017,-0.02332036,-0.469685,-1.833719,15.58554,-3.78738,f,8,20
2.601081,0,0.2264979,-0.4432359,0.1835825,-2.31345,13.34239,-3.544281,f,8,20
3.105326,0,0.7939346,0.5203496,-0.6890423,-2.67585,10.59924,-3.283035,f,8,20
3.615303,0,0.3194812,-0.000447035,-0.2980235,-2.908972,6.470053,-3.069741,f,8,20
4.116313,0,1.252891,-1.042562,-1.6284,-3.027905,2.086073,-2.961588,f,8,20
4.616441,0,-0.2741816,0.1481178,0.4506115,-3.021411,-2.305279,-2.959434,f,8,20
5.116611,0,0.6365782,-0.2491479,-0.1811983,-2.896708,-6.687474,-3.070704,f,8,20
5.616728,0,-0.5698209,0.1831356,0.6914145,-2.667041,-10.85581,-3.296358,f,8,20
6.129966,0,-1.04189,-0.2993649,0.5912786,-2.281399,-13.80365,-3.56789,f,8,20
6.634799,0,-1.020432,0.1043828,0.3623966,-1.789819,-15.82624,-3.800947,f,8,20
7.144538,0,-1.037122,0.03911563,0.1430513,-1.283914,-14.69699,-4.047504,f,8,20
7.644939,0,-1.01328,0.05304824,0.2002718,-0.7701778,-12.03177,-4.136087,f,8,20
8.158811,0,-0.001627208,2.318647,-0.1001359,-0.3497049,-11.1384,-4.22891,f,8,20
8.658814,0,-1.399548,2.525753,-0.2526762,-0.04759979,-5.962023,7.903083,f,8,20
9.171719,0,-3.582688,-4.902356,0.9583244,-0.4955434,-6.471108,7.91415,f,8,20
9.672082,0,-0.8786284,0.2112048,0.4577999,-0.9732823,-8.062165,7.908112,f,8,20
10.17212,0,1.868387,8.241247,-3.652242,-1.539411,-8.220937,7.835754,f,8,20
10.68612,0,-1.4044,-1.168759,2.641192,-2.155221,-8.913283,7.690568,f,8,20
11.19972,0,-0.02946856,1.796374,-0.9541759,-2.67404,-8.189676,7.40414,f,8,20
11.71291,0,-0.07252104,-0.01347492,-0.8002647,-3.137012,-5.408796,7.221011,f,8,20
12.21379,0,-1.416816,0.2132538,-0.03724102,-3.318573,-1.918218,7.027293,f,8,20
12.71422,0,0.1328112,0.07204921,0.000917912,-3.280845,2.299794,7.047355,f,8,20
13.22766,0,-0.06808645,-0.01028606,0.4283909,-3.037669,5.915102,7.270168,f,8,20
13.74575,0,0.6540304,0.07966843,0.2103331,-2.58558,7.820433,7.523468,f,8,20
14.25535,0,0.6128377,-0.004916917,0.1719953,-2.061116,8.960032,7.710877,f,8,20
14.76856,0,0.5251651,0.03321907,0.1715185,-1.481416,8.319262,7.849981,f,8,20
15.28238,0,0.5410751,-0.02547614,-0.07624634,-0.8663205,7.375234,7.86773,f,8,20
15.78341,0,0.443947,0.05172196,0,-0.4078423,6.294521,7.915637,f,8,20
16.29721,0,-0.2551412,0.05462319,-0.2956464,0.0143596,-8.865142,-3.898726,f,8,20
16.79772,0,-0.6166596,-0.05817342,-0.009632349,0.3383173,-9.803931,-3.959019,f,8,20
17.3015,0,-0.8585398,-0.01774267,-0.11411,0.7502757,-12.31317,-3.994681,f,8,20
17.80946,0,-0.9578227,0.09215163,-0.1899289,1.171596,-13.69551,-3.863151,f,8,20
18.30978,0,-0.8842747,-0.05626579,-0.2273497,1.593498,-11.46417,-3.701787,f,8,20
18.82433,0,-0.5697954,-0.108848,-0.2097916,1.845719,-7.474799,-3.422399,f,8,20
19.33886,0,-0.09417319,-0.03985878,-0.01907305,1.924013,-1.214981,-3.212105,f,8,20
19.85135,0,0.2699969,0.1419271,0.1716574,1.862261,5.935163,-3.250232,f,8,20
20.35146,0,0.6106178,-0.002011564,0.6293987,1.649279,11.06907,-3.529418,f,8,20
20.85665,0,0.9119064,0.06384856,0.4195952,1.316484,13.16033,-3.825871,f,8,20
21.366,0,0.8216704,-0.0258489,0.3047542,0.8775325,12.28093,-3.961887,f,8,20
21.86673,0,0.7449618,-0.1024338,0.2478423,0.4589895,9.993849,-3.924788,f,8,20
22.37954,0,0.6035984,-0.05304175,-0.03814792,0.1242258,9.122845,-3.954136,f,8,20
22.89274,0,-0.4384716,-0.03650493,-0.03811216,0.8273252,-7.968644,-23.54812,f,8,20
23.39319,0,-0.65784,-0.01232291,-0.1333747,2.482948,-8.58267,-23.26821,f,8,20
23.90572,0,-0.6501824,0.2496575,-0.1716574,4.530347,-10.63291,-23.0992,f,8,20
24.40732,0,-0.6010872,0.02048825,-0.362376,6.543363,-11.78151,-22.35668,f,8,20
24.92115,0,-0.6949564,-0.02182914,-0.2670227,8.815012,-10.42777,-21.64541,f,8,20
25.42144,0,-0.5161525,0.0810586,-0.09536525,10.65576,-8.508524,-20.87461,f,8,20
25.92189,0,-0.3653562,0.005736629,-0.2098036,11.87811,-4.600844,-20.2065,f,8,20
26.4353,0,0.08463666,-0.1294106,-0.0762922,12.33076,-0.001072433,-19.93891,f,8,20
26.93603,0,0.4207992,0.1110832,0.1716574,12.00363,4.857034,-20.26244,f,8,20
27.44895,0,0.2548579,0.06154835,0.3985504,10.831,8.465752,-21.03256,f,8,20
27.96254,0,0.985778,0.1885846,-0.1703304,8.96656,10.37901,-21.911,f,8,20
28.46361,0,0.8445591,0.09393106,0.000751037,6.719439,10.14912,-22.42478,f,8,20
28.97707,0,0.6926321,0.1240961,0.1911092,4.699013,10.30728,-23.15402,f,8,20
29.48971,1,0.6866134,0.07375737,0,2.625438,8.410653,-23.39425,f,8,20
30.00393,1,0.6603894,0.04768153,0.01906113,0.8817173,7.774886,-23.4823,f,8,20
30.50468,2,0.9011807,-0.07532194,-0.09536525,-1.296981,13.63178,-19.43047,f,8,20
31.01793,2,1.256407,0.1604037,-0.2479377,-3.735921,15.0893,-19.17233,f,8,20
31.52303,2,1.207912,-0.02210022,-0.3634781,-6.550457,18.95115,-18.29227,f,8,20
32.03152,2,1.212301,-0.02551707,-0.5912526,-9.471809,18.48778,-16.97966,f,8,20
32.54591,2,0.923827,-0.07059102,-0.7629101,-12.20705,17.51713,-15.27907,f,8,20
33.04696,2,0.6639567,0.07390639,-0.8201292,-13.96647,13.81162,-13.25369,f,8,20
33.56026,2,0.4236767,0.07631006,-0.3773009,-15.535,9.733458,-11.86228,f,8,20
34.07366,2,0.2603362,-0.005286528,-0.3984978,-16.21198,5.58921,-10.73535,f,8,20
34.58725,2,-0.6598474,0.1881089,1.143968,-16.62196,1.888769,-10.20739,f,8,20
35.09167,2,0.6424416,0.7478051,-1.202527,-16.62298,-1.801399,-10.19715,f,8,20
35.60125,2,-0.3456871,0.2276048,0.343303,-16.23835,-5.56014,-10.71548,f,8,20
36.10155,2,-0.344495,0.06638163,0.4195952,-15.56528,-9.662345,-11.81825,f,8,20
36.61578,2,-0.6234384,-0.3302692,0.9536287,-14.01938,-13.5228,-13.0757,f,8,20
37.12884,2,-1.320773,-0.2507006,1.182505,-12.2908,-17.32915,-15.22872,f,8,20
37.62922,2,-1.130048,0.2170255,0.5721796,-9.626966,-18.19784,-16.80237,f,8,20
38.14296,2,-1.137201,-0.00193706,0.4577532,-6.660623,-19.27816,-18.29802,f,8,20
38.66166,2,-1.075216,0.01802957,0.2670227,-3.803188,-15.30088,-19.13913,f,8,20
39.1703,2,-0.8844918,0.009014786,0.0762922,-1.364825,-13.67358,-19.45001,f,8,20
39.68499,2,-0.905949,-0.1132436,-0.0762922,-0.8696972,-15.55842,15.52641,f,8,20
40.19836,2,-1.21588,0.04790504,-0.3051569,-3.063223,-17.25926,15.10312,f,8,20
40.69846,2,-1.19681,0.05252418,-0.6103257,-5.774046,-21.00487,14.46084,f,8,20
41.21212,2,-1.304084,-0.08321917,-0.8010442,-8.429638,-19.95825,13.12288,f,8,20
41.72624,2,-0.8049118,-0.1028774,-0.6581545,-10.34892,-13.89017,11.63855,f,8,20
42.24183,2,-0.2322246,-0.03421396,-0.2550906,-11.33154,-5.556814,10.65664,f,8,20
42.75286,2,0.13902,-0.05901064,0.01238674,-11.46372,2.547464,10.49874,f,8,20
43.25383,2,0.5792799,-0.1015198,0.5449213,-10.81182,10.61081,11.13696,f,8,20
43.76774,2,0.9738938,0.07386914,0.5721796,-9.198912,17.80937,12.41065,f,8,20
44.28168,2,1.27489,0.04153508,0.7247521,-6.720962,22.20673,13.80315,f,8,20
44.78168,2,1.384626,-0.04179585,0.4195952,-4.14749,20.99069,14.96836,f,8,20
45.28194,2,1.189059,0.02585233,0.2288766,-1.7464,16.4963,15.51075,f,8,20
45.79715,2,0.7617767,0.006444456,-0.0381461,-0.2534741,12.18974,-13.97726,f,8,20
46.30859,2,0.9537419,0.123674,-0.2670227,-1.906412,13.65485,-13.94676,f,8,20
46.80968,2,1.213195,-0.03408485,-0.343303,-3.744034,17.10489,-13.51816,f,8,20
47.32335,2,0.9256151,-0.1567158,-0.2670227,-5.753309,18.19869,-12.69377,f,8,20
47.82369,2,0.7343005,-0.01586901,-0.6484718,-7.567639,15.04604,-11.74523,f,8,20
48.33728,2,0.6848298,-0.1438269,-0.5340335,-8.96996,10.56622,-10.92515,f,8,20
48.84731,2,0.3051569,-0.1007272,-0.1525725,-9.730741,3.914679,-10.36174,f,8,20
49.36182,2,-0.1966908,0.02153119,0.1525844,-9.77921,-3.06628,-10.31975,f,8,20
49.86255,2,-0.5519145,-0.1341043,0.3814491,-9.121606,-9.50278,-10.76815,f,8,20
50.36337,2,-0.8677999,0.0059602,0.4577413,-7.813172,-14.65111,-11.55141,f,8,20
50.86354,2,-1.203956,-0.06608362,0.6103138,-6.122332,-18.04433,-12.59496,f,8,20
51.36431,2,-1.163426,-0.1464717,0.2670227,-4.179566,-17.0757,-13.39394,f,8,20
51.87801,2,-1.008464,-0.01609251,0.3051688,-2.251405,-13.88091,-13.82106,f,8,20
52.37815,2,-0.9297903,-0.2145669,0.1144383,-0.6312381,-12.56806,-14.02441,f,8,20
52.87839,2,-0.5602582,-0.03225958,-0.0762922,1.100133,-10.03111,-22.43387,f,8,20
53.39116,2,-0.8588936,-0.03616147,-0.000357654,3.212105,-10.87982,-22.12047,f,8,20
53.89185,2,-0.8771847,0.03724808,-0.1537554,5.654361,-13.44244,-21.7982,f,8,20
54.40517,2,-0.9567716,0.05803627,-0.2644373,8.179832,-14.56151,-20.72467,f,8,20
54.90569,2,-0.7356044,-0.1338098,-0.4914998,10.65562,-12.58004,-19.71507,f,8,20
55.40652,2,-0.4485098,0.06019595,-0.4132332,12.60727,-9.768402,-18.61109,f,8,20
55.91959,2,-0.2437291,0.06230816,-0.3354077,13.77965,-5.186192,-17.69748,f,8,20
56.42006,2,0.02980164,0.03568664,0.0762922,14.1527,0.1028472,-17.31854,f,8,20
56.93304,2,0.1907305,-0.2582998,0.1525844,13.77227,5.337953,-17.70355,f,8,20
57.43424,2,0.6949504,0.05326921,0.3051569,12.59303,9.658423,-18.62234,f,8,20
57.94671,2,0.7134334,0.04298789,0.4195952,10.55571,12.77529,-19.79306,f,8,20
58.44817,2,0.9583969,0.04775603,0.3051569,8.035345,14.6326,-20.74867,f,8,20
58.96214,2,0.8840478,0.00812076,0.0762922,5.519225,13.39654,-21.82543,f,8,20
59.4753,2,0.8906369,0.05505727,0.1525844,3.099484,10.93921,-22.15924,f,8,20
59.98806,2,0.6219833,-0.06004896,-0.0381461,0.9918272,9.953926,-22.42723,f,8,20
60.48809,2,-0.3235475,0.09685309,-0.0762922,0.5583796,-5.20973,-26.30034,f,8,20
60.98824,2,-0.3715803,-0.04701102,0,1.793943,-5.603962,-26.14253,f,8,20
61.50257,2,-0.5412589,0.1181608,-0.1907305,3.36986,-6.90239,-26.13002,f,8,20
62.00308,2,-0.490377,-0.04622874,0,5.011931,-7.666842,-25.83944,f,8,20
62.50344,2,-0.5373117,0.00692873,-0.0762922,6.610008,-7.007174,-25.39778,f,8,20
63.01677,3,-0.2753612,0.1132436,-0.1525844,7.843682,-4.31531,-24.99485,f,8,20
63.51707,3,-0.05066279,-0.3933727,0.0381461,8.323373,-0.00323408,-24.82693,f,8,20
64.03001,3,0.1565689,-0.6568612,0.1890081,7.82102,4.437796,-24.99287,f,8,20
64.54432,3,0.4011539,-0.2221315,0.1169178,6.495066,7.258954,-25.40462,f,8,20
65.05826,3,0.4977798,0.1195759,0.07763923,4.892312,7.601604,-25.84918,f,8,20
65.55828,3,0.5447844,-0.1249186,-0.2283759,3.267365,6.898447,-26.1512,f,8,20
66.05905,3,0.2149294,0.1512647,-0.1143549,1.747324,5.564328,-26.15143,f,8,20
66.57143,3,0.5743752,0.05745751,0.6486267,0.4737371,5.171388,-26.28185,f,8,20
67.08594,3,3.788763,0.08862088,-1.142392,-1.480784,55.5737,-5.310709,f,8,20
67.5995,3,2.797945,0.05488643,-3.40864,-3.614294,59.76075,-3.213212,f,8,20
68.10046,3,0.6750072,0.01269152,-1.652418,-2.895915,24.98811,-1.017615,f,8,20
68.61393,3,0.1722177,0.004537783,-0.4029271,-2.609842,4.995529,-0.5672942,f,8,20
69.11401,3,-0.07968958,0.04095432,0.6664749,-2.595851,-10.4456,-0.6299225,f,8,20
69.61509,3,-0.9079248,0.03008086,2.052665,-3.83031,-36.39236,-1.709871,f,8,20
70.12853,3,-3.799289,-0.07557426,2.976464,-3.55826,-70.50043,-4.703795,f,8,20
70.64178,3,-3.180997,0.0529326,0.2677022,-0.4100118,-48.33513,-4.57566,f,8,20
71.1555,3,-0.01785534,-0.02514597,-0.1144264,-5.23E-12,2.81E-11,4.291733,f,8,20
71.66875,3,-0.04411883,-0.02841237,4.77E-05,9.98E-12,-4.43E-11,4.291382,f,8,20
72.1833,3,0.1311683,0.1060745,-0.1526082,-7.50E-12,2.78E-11,4.291533,f,8,20
72.69714,3,-0.05965285,-0.07896503,-0.1526082,1.13E-11,-3.68E-11,4.291385,f,8,20
73.19753,3,0.2444267,-0.06179947,-0.2288647,-4.07E-12,1.17E-11,4.291045,f,8,20
73.71003,3,-0.1275793,-0.02196304,0.07628028,1.12E-11,-2.85E-11,4.290082,f,8,20
74.21012,3,-0.1740945,0.1174461,0.07628028,4.37E-12,-1.00E-11,4.290751,f,8,20
74.7103,3,-2.364926,0.6905888,0.000214572,-7.31E-13,1.32E-12,4.290863,f,8,20
75.21066,3,0.1848344,-0.0976506,-0.07644717,2.31E-12,-4.53E-12,4.289865,f,8,20
75.72437,3,-0.07283644,-0.0433334,-0.1526559,-2.17E-12,3.71E-12,4.290576,f,8,20
76.22453,3,-0.04417976,-0.2145041,-0.07633988,7.37E-13,-1.34E-12,4.290934,f,8,20
76.72552,3,-0.1037553,-0.07401693,0.07636372,9.50E-12,-1.37E-11,4.290064,f,8,20
77.23838,3,0.005943594,-0.04445077,-0.1525486,-3.78E-12,4.78E-12,4.29086,f,8,20
77.7523,3,-0.08228725,0.08668762,0.07628028,2.07E-12,-2.37E-12,4.29039,f,8,20
78.25246,3,0.1049521,-0.09527632,0.1525963,-6.77E-12,8.05E-12,4.29109,f,8,20
78.76623,3,0.03100482,0.03599839,0.07630675,-3.55E-13,4.11E-13,4.290855,f,8,20
79.26662,3,-0.03100482,0.01922895,0.0763306,-3.31E-13,2.70E-13,4.290825,f,8,20
79.77963,3,-0.6200963,-0.003502966,0.228956,0.3014244,-6.874874,-13.73458,f,8,20
80.28077,3,-0.5382549,-0.03939125,-0.3048112,1.211411,-8.890035,-13.7037,f,8,20
80.79308,3,-0.8267422,0.1579662,-0.3803047,2.293524,-9.092987,-13.57679,f,8,20
81.29314,3,-0.7023501,-0.1294556,0.00236029,3.438804,-9.018744,-13.338,f,8,20
81.79342,3,-0.4397232,-0.0672332,-0.07240607,4.302502,-5.714987,-12.95402,f,8,20
82.30758,3,0.1375882,-0.05872325,0.2243825,4.566221,1.316028,-12.81674,f,8,20
82.82196,3,0.4482822,0.1003966,0.07962998,4.051919,7.519568,-13.10133,f,8,20
83.3354,3,0.6933352,-0.03491935,0.1543844,3.027856,9.808146,-13.46305,f,8,20
83.83668,3,0.6845526,0.02459841,0.000643715,1.902412,9.034087,-13.66733,f,8,20
84.34875,3,0.6779039,-0.1695134,-0.000143048,0.8235034,7.327798,-13.70536,f,8,20
84.86259,3,0.2324204,-0.5446436,-0.07633988,0.02307655,9.03904,8.247766,f,8,20
85.3764,3,0.872823,0.06272763,-0.1524056,0.7393988,10.35037,8.426921,f,8,20
85.87695,3,0.8758553,0.1269113,-0.2275534,1.669276,14.12479,8.384889,f,8,20
86.37704,3,0.596301,-0.07093303,-0.2254435,2.577601,11.03312,8.035571,f,8,20
86.8894,3,-0.1385657,-0.1015294,0.07129744,2.950547,0.07454412,7.750444,f,8,20
87.39131,3,-0.6140807,0.003428364,0.3775629,2.627711,-10.49551,8.020641,f,8,20
87.90396,3,-0.924736,-0.03258276,0.1542414,1.687553,-14.04893,8.382023,f,8,20
88.40403,3,-0.928409,-0.04657076,0.07670942,0.717349,-11.21584,8.454977,f,8,20
88.90441,3,-0.4211299,-0.08321892,-0.1525486,0.03868517,-9.076748,8.457753,f,8,20
89.4048,3,-0.4963299,0.03458457,-0.1524414,-0.08835948,-7.564837,1.455411,f,8,20
89.91911,3,-0.7017005,-0.05513084,-0.1518453,-0.1973019,-9.495364,1.445533,f,8,20
90.41913,3,-0.6820999,-0.04124724,-0.2269335,-0.3210319,-10.54395,1.422677,f,8,20
90.91977,3,-0.5171359,-0.04966486,-0.3015568,-0.4413628,-9.031286,1.38969,f,8,20
91.43134,3,-0.501794,-0.04522843,-0.0813704,-0.5238041,-3.778978,1.360863,f,8,20
91.93273,3,0.08085185,-0.1849394,-0.005149723,-0.527458,3.186595,1.359747,f,8,20
92.44588,3,0.5759729,-0.02474424,0.1526493,-0.4507538,8.685827,1.387313,f,8,20
92.95959,3,0.6361957,-0.0515008,0.1526373,-0.3321794,10.41523,1.420591,f,8,20
93.46022,3,0.6654438,0.02772518,0.000643715,-0.2024596,9.529501,1.444652,f,8,20
93.97341,3,0.5356278,-0.0192618,0.07636372,-0.09234487,7.646234,1.45573,f,8,20
94.48845,3,-0.5880949,0.3577312,5.648794,0.1161322,-22.60898,-16.40094,f,8,20
95.00179,3,-8.554179,-0.05260288,2.997187,9.92561,-58.30141,-27.68201,f,8,20
95.51563,3,-4.83869,-0.04805584,-5.998546,29.95267,-43.43527,-25.21396,f,8,20
96.02822,3,3.515092,0.006683111,4.847582,30.53849,36.27605,-24.18587,f,8,20
96.52851,3,12.79057,-0.2310691,4.529087,12.45859,79.39659,-37.82741,f,8,20
97.02861,3,6.186362,-0.1398109,-0.5733836,-5.554797,34.85202,-45.62811,f,8,20
97.54295,3,6.559794,-0.1281266,-3.905874,-22.14533,43.3532,-40.03718,f,8,20
98.04306,3,1.108597,-0.01632878,-1.283855,-31.91153,8.064382,-34.16135,f,8,20
98.55651,3,-4.688013,0.02385929,3.355569,-27.11016,-34.93721,-37.44902,f,8,20
99.05717,3,-7.321798,-0.01414619,1.646338,-11.49131,-43.85249,-43.94079,f,8,20
99.56953,3,-9.353281,0.07022365,-0.5722868,-10.6657,-54.04209,107.1321,f,8,20
100.0703,3,-7.00217,0.04145278,-4.958993,-65.07854,-46.46711,84.66557,f,8,20
100.5842,3,9.005723,0.00037265,5.95288,-56.18555,62.05058,90.85171,f,8,20
101.0844,3,8.229396,0.2841115,0,-0.5116578,42.65466,87.18307,f,8,20
101.59,3,4.7819,-0.03741448,-1.144792,0.03164616,26.84615,0.1494036,f,8,20
102.0984,3,2.641382,-0.03659463,-1.221099,-0.09560546,15.93213,-0.2110661,f,8,20
102.6113,3,-3.836449,0.03017289,1.348703,-0.01367337,-24.19184,-0.07128783,f,8,20
103.1255,3,-4.334255,-0.04515235,0.8755484,0.01117785,-26.32882,0.1418437,f,8,20
103.6258,3,-12.14726,0.04964762,-1.87202,0.6644638,-71.77521,-3.513222,f,8,20
104.126,3,-7.845723,-0.02342408,-9.647005,3.515033,-68.41637,-2.698635,f,8,20
104.6395,3,-0.7696929,-0.07077439,-1.38245,6.76343,-6.799771,-2.53314,f,8,20
105.1442,3,4.088499,-0.02435764,7.077961,5.644527,47.09727,-3.224613,f,8,20
105.6526,3,14.55206,-0.07069315,5.544202,1.047773,92.24442,-2.626822,f,8,20
106.1526,3,7.457056,-0.002541498,-1.028657,2.395045,43.6331,16.31467,f,8,20
106.6673,3,7.93117,-0.1295116,-5.25968,9.391561,55.22977,13.15407,f,8,20
107.1674,3,2.65535,0.08356671,-3.324337,12.0085,23.12832,8.225097,f,8,20
107.6812,3,-1.210233,0.3139959,1.12252,11.80115,-9.402169,7.101479,f,8,20
108.1949,3,-5.204034,-0.05374663,5.285357,11.56651,-43.3236,11.27916,f,8,20
108.6996,3,-8.928106,-0.04801394,3.025272,5.577069,-56.32901,16.14308,f,8,20
109.2084,3,-4.409796,-0.0316772,0.03781232,-0.04717515,-26.31863,1.207478,f,8,20
109.7088,3,-6.101624,-0.1769216,-1.573097,-0.3001462,-34.57735,0.923178,f,8,20
110.2226,3,-2.121233,0.1199985,-1.760872,-0.9886544,-15.35727,1.478446,f,8,20
110.7363,3,3.958278,0.01051889,2.27737,-0.7329878,26.53471,1.233323,f,8,20
111.2365,3,5.926414,-0.05857125,1.187583,-0.2415054,35.22834,0.9843226,f,8,20
111.7497,3,-5.162807,0.1284836,0.1141045,-2.137166,-30.79952,60.72147,f,8,20
112.254,3,-6.823741,0.02296077,-2.415697,-22.0371,-40.26233,56.31168,f,8,20
112.7644,3,3.782597,0.006074267,2.136971,-28.12986,25.43237,53.93697,f,8,20
113.278,3,6.48955,-0.02053322,1.068438,-8.205452,40.10062,59.6524,f,8,20
113.7909,3,7.84254,-0.05442115,-1.789433,9.37334,42.47406,48.31407,f,8,20
114.292,3,5.942471,0.05896394,-4.503433,28.70113,42.12552,39.41947,f,8,20
114.8058,3,-1.938585,0.1098466,2.198837,32.69621,-16.95467,34.9853,f,8,20
115.3192,3,-8.640175,-0.0525904,3.989844,19.44858,-50.50663,46.12344,f,8,20
115.8244,3,-6.146902,-0.1103716,-0.1909212,-0.3410119,-45.82137,40.28469,f,8,20
116.3325,3,-10.25119,-0.03629835,-6.117776,-19.70233,-68.25517,34.61561,f,8,20
116.8326,3,-1.313275,0.05595141,-1.951101,-33.1446,-11.33096,26.80271,f,8,20
117.3327,3,7.035857,0.01319477,5.805741,-25.47703,53.49054,30.50557,f,8,20
117.8341,3,9.557064,0.000555382,1.184627,-6.174041,52.53207,39.90316,f,8,20
118.3468,3,16.22516,-0.07239167,-8.374166,1.738241,106.2627,3.168512,f,8,20
118.8471,3,2.788051,0.05135726,-6.179549,-2.552186,37.05498,-1.083375,f,8,20
119.3474,3,-0.8500382,-0.03708767,2.50118,-3.510695,-15.23292,-1.198998,f,8,20
119.8605,3,-11.3478,-0.04526096,11.46431,-0.04148472,-93.26629,-0.07330221,f,8,20
120.3612,3,-9.981278,-0.1190251,0.7251574,0.08569057,-32.80484,7.022733,f,8,20
120.8613,3,8.727816,0.09966847,-3.686964,10.7886,52.13978,25.99045,f,8,20
121.3758,3,2.785977,-0.01413538,-3.036835,18.08231,22.36404,18.69641,f,8,20
121.8886,3,-4.30195,-0.1348063,3.957968,17.51414,-34.75557,20.27842,f,8,20
122.4026,3,-8.650348,-0.09972227,2.289584,7.318456,-52.94994,27.10663,f,8,20
122.9164,3,-6.072176,-0.004248242,-0.6105494,-2.481532,-37.80277,27.34733,f,8,20
123.4292,3,-7.983287,-0.0899759,-4.288003,-12.71166,-50.88371,23.04228,f,8,20
123.9295,3,-3.627003,-0.04526245,-4.546157,-22.65911,-32.1798,18.38597,f,8,20
124.4295,3,-0.4951841,0.02957658,-1.315921,-26.14737,-5.703417,14.94298,f,8,20
124.9437,5,1.720246,-0.1257678,3.003719,-24.36295,20.28164,16.10215,f,8,20
125.4451,5,6.31883,-0.007730871,5.486554,-17.4118,47.59101,21.3377,f,8,20
125.9586,5,6.918928,-1.19506,0.9477398,-6.801253,41.87362,26.42874,f,8,20
126.4707,5,-4.102166,2.733861,-0.1915888,-0.6681814,-37.47379,7.466944,f,8,20
126.9852,5,-6.695594,1.112029,-3.188919,-3.809128,-48.54761,6.867201,f,8,20
127.4857,5,-3.531327,2.857942,1.966122,-3.974143,-6.896577,4.103152,f,8,20
127.9991,5,5.097153,-0.3692209,5.342886,-4.03764,41.44285,5.845818,f,8,20
128.4994,5,7.351351,-0.6863729,0.236074,-1.447099,40.13336,7.214456,f,8,20
128.9996,5,4.991016,-1.025812,-1.753625,3.325441,34.61578,27.59694,f,8,20
129.5003,5,6.837314,-0.02308702,-3.660517,13.03334,44.75273,24.18324,f,8,20
130.0128,5,2.804991,-0.4574192,-3.050462,19.54334,23.87252,18.42268,f,8,20
130.5272,5,-0.6637109,-0.2131445,0.7626097,20.38377,-7.872279,16.61676,f,8,20
131.0407,5,-4.950878,0.03430059,4.570894,17.27044,-37.5863,21.58278,f,8,20
131.5542,5,-7.126634,-0.02929781,2.502098,8.131893,-44.69517,26.81501,f,8,20
132.0549,5,-2.996092,0.04285064,0.2292064,-0.4511732,-17.999,49.55407,f,8,20
132.5551,5,-4.630133,-0.08089266,-0.3884491,-9.729458,-24.69841,48.40468,f,8,20
133.068,5,-1.612052,0.0898236,-1.114079,-19.65045,-11.66976,45.91924,f,8,20
133.5685,5,4.273953,0.1773037,1.014355,-16.50589,23.77773,46.85942,f,8,20
134.0833,5,3.833321,0.1654813,0.4575706,-5.334236,24.28347,48.99717,f,8,20
134.5963,5,4.955798,0.05198284,-0.6100782,-2.240137,27.7572,-26.96694,f,8,20
135.0963,5,4.122879,-0.09473094,-1.677775,-9.862497,22.64737,-25.18879,f,8,20
135.5963,5,-6.078268,0.07097369,1.372712,-7.173544,-36.30735,-26.17691,f,8,20
136.0969,5,-3.136248,0.1079128,0,0.1276184,-16.22044,-32.01563,f,8,20
136.6095,5,-3.678003,-0.01474899,-0.08140977,5.409284,-22.25617,-31.58146,f,8,20
137.11,5,-3.860883,0.01325506,-1.017074,11.63015,-22.50781,-29.91791,f,8,20
137.6209,5,-1.161508,0.06147948,-0.7890118,16.38723,-7.725913,-28.41461,f,8,20
138.1236,5,2.467808,0.05674444,0.7324017,15.26507,14.19095,-28.57083,f,8,20
138.6241,5,3.993597,-0.04900935,1.011112,9.801126,24.48399,-30.5363,f,8,20
139.1377,5,3.300828,-0.1204994,-0.07339756,3.754698,18.25727,-31.94637,f,8,20
139.6395,5,14.80044,-0.01546702,-2.209033,15.16422,87.23389,96.11787,f,8,20
140.1509,5,4.477975,-0.1274995,-6.40594,82.65234,42.17377,55.52881,f,8,20
140.6512,5,-10.09866,-0.2122508,10.52405,69.06977,-86.33617,67.46226,f,8,20
141.1517,5,-7.715505,-0.02271458,-0.1525076,-1.587942,-47.90726,59.14565,f,8,20
141.6658,5,-10.27026,-0.03396013,-6.40594,-32.10267,-66.25191,48.71125,f,8,20
142.1661,5,-2.130578,-0.004505661,-3.050462,-50.84855,-21.22217,32.82488,f,8,20
142.679,5,2.528556,0.05875997,3.508009,-49.88791,27.64236,33.9681,f,8,20
143.1795,5,10.70757,0.06795751,5.94837,-29.49734,68.84177,52.17432,f,8,20
143.6925,5,8.652145,-0.6318237,0.2281572,-1.568602,61.9846,-57.0052,f,8,20
144.2071,5,10.95715,-0.08717707,-10.96149,-40.86825,85.80044,-41.41339,f,8,20
144.7075,5,0.9297978,0.2166328,-3.795307,-58.81618,19.6588,-21.183,f,8,20
145.2219,5,-1.51926,0.01876745,3.813072,-57.46113,-25.01105,-21.93004,f,8,20
145.735,5,-11.97869,-0.02159741,10.52408,-36.56459,-89.43598,-42.65913,f,8,20
146.2478,5,-3.838311,-0.7550782,0.6864746,-0.09536579,-17.64305,16.07387,f,8,20
146.7525,5,-4.20288,-0.06625991,-0.3877337,-2.995542,-24.2272,16.21762,f,8,20
147.262,5,-3.585309,-0.2019887,-1.877337,-6.546016,-23.16195,15.16502,f,8,20
147.7625,5,0.1382345,0.01048447,-0.3326497,-8.131714,1.093439,14.44232,f,8,20
148.2631,5,3.841341,0.1488589,1.021127,-6.255405,23.30265,15.19989,f,8,20
148.7766,5,4.20238,0.0140348,0.2344525,-2.843358,24.17749,16.24355,f,8,20
149.2768,5,1.959374,0.3598941,-0.5343857,0.01487618,6.480856,-13.8328,f,8,20
149.7893,5,0.04289701,-0.004989752,-0.1525076,5.30E-11,-5.93E-11,-40.19863,f,8,20
150.2896,5,-0.1120089,-0.168907,0.1525553,-2.92E-11,7.63E-11,-40.18328,f,8,20
150.7896,5,0.01668217,0.01251163,0,0,0,0,f,8,20
151.2898,5,0,-0.001861849,0,0,0,0,f,8,20
151.8043,5,0.05242968,0.04088622,0,0,0,0,f,8,20
152.3176,5,0.05481285,0.09532669,-0.1525553,0,0,0,f,8,20
152.819,5,0.1024762,-0.002308693,-0.1525076,0,0,0,f,8,20
153.3307,5,9.983212,0.01282397,-16.1313,-1.44E-13,98.54167,-5.42E-12,f,8,20
153.8316,5,-15.6225,0.06714474,19.62307,-1.21E-12,-153.4259,-2.21E-12,f,8,20
154.346,5,0.1216944,0.02474572,-0.5343857,0,0,0,f,8,20
154.859,5,0.1328656,-0.04300466,-0.5343857,0,0,0,f,8,20
155.3593,5,-0.01994571,-0.0386651,-0.2290156,0,0,0,f,8,20
155.8596,5,-1.385599,0.2689895,-0.3815815,-0.524743,-8.524884,43.6364,f,8,20
156.3605,5,-7.959179,0.09979513,-1.830282,-10.11759,-47.08891,42.45364,f,8,20
156.8724,5,-4.569127,-0.08013394,-3.508033,-26.84251,-30.76022,34.42455,f,8,20
157.3726,5,-0.1644498,-1.023012,-0.1525315,-26.11927,-2.899552,35.5413,f,8,20
157.8867,5,-1.189026,-6.770543,-2.653377,-3.919109,-23.99052,56.6083,f,8,20
158.3872,5,1.04731,-5.089875,-3.80847,-9.034872,-36.69946,40.55456,f,8,20
158.8886,5,0.2395078,-1.694678,-2.474139,33.4533,20.6787,-0.4567694,f,8,20
159.4008,5,8.865485,-5.206887,-7.365232,99.39008,94.84255,48.23017,f,8,20
159.9013,5,7.875367,2.324447,-4.62029,21.34882,106.271,80.19363,f,8,20
160.4136,5,2.555597,2.174409,-2.126693,17.17895,-9.578856,12.6677,f,8,20
160.9145,5,7.142288,12.86153,-3.880795,61.97708,-14.93365,58.54651,f,8,20
161.4146,5,0.2357879,4.342629,0.5693199,20.8486,-3.577906,11.03471,f,8,20
161.9283,5,0.536208,8.436409,2.44036,39.83025,-14.0119,32.39412,f,8,20
162.4422,5,-4.018021,6.329686,6.405952,39.50311,-10.44393,35.38651,f,8,20
162.9423,5,0.3038473,-0.2478547,0,-0.8760379,-0.06198742,-2.883551,f,8,20
163.4573,5,3.32511,-3.048079,-1.067655,-7.309233,0.1107561,-25.62584,f,8,20
163.9686,5,0.5006915,-0.3945059,0.5314646,0,0,0,f,8,20
164.4692,5,-0.131963,-0.9474914,-4.685044,-7.663185,27.94172,-8.328322,f,8,20
164.9841,3,-1.932206,-2.804035,-3.583198,-9.480395,26.14021,-13.27973,f,8,20
165.4842,3,-0.9466807,-0.6285292,-0.6554035,4.829676,12.76296,-9.622362,f,8,20
165.9849,2,-6.901564,-3.851404,-4.563668,-21.46939,48.46328,-7.848546,f,8,20
166.4979,2,-1.277602,-1.049921,0.210702,-0.621468,9.356744,-13.63822,f,8,20
166.9982,2,-0.140464,0.0882893,0.05951927,-13.83985,-14.12399,64.51853,f,8,20
167.5107,2,0.04290618,0.1596706,-0.1525553,-13.84094,-14.12487,64.52322,f,8,20
168.0112,2,0.1286947,0.1143926,0.3050153,-13.82824,-14.11221,64.465,f,8,20
168.5252,2,0.1699494,0.2707578,-0.3646986,-13.83722,-14.1228,64.50925,f,8,20
169.0257,2,0.05043399,0.01615557,-0.3645555,-13.84611,-14.12973,64.54591,f,8,20
169.5259,2,-1.951998,0.2566053,-0.6727871,0.08195045,12.09085,0.5292412,f,8,20
170.0261,2,-1.669386,0.1134109,-0.3731877,-0.1604179,9.507807,-0.05656721,f,8,20
170.54,2,2.32702,0.1199208,0.5254197,2.680429,-5.579856,-44.47086,f,8,20
171.0518,2,10.42052,-0.05537009,4.467236,20.76407,-53.80521,-50.05224,f,8,20
171.5526,2,1.949971,-0.2341067,2.558232,30.38384,-7.987587,-33.305,f,8,20
172.0664,2,-3.360269,-4.64718,-3.660541,-1.343907,35.45,-44.40662,f,8,20
172.5801,2,-9.151363,-7.383057,0,-30.41345,35.82715,-60.43252,f,8,20
173.0807,2,-4.842596,-1.499023,0.4575706,3.020237,-2.883227,-39.21151,f,8,20
173.5943,2,-12.23519,3.989428,2.44036,2.672211,54.10846,-69.12489,f,8,20
174.0943,2,-3.260154,3.181529,4.575682,-22.25923,23.73327,-36.31261,f,8,20
174.6075,2,3.919258,9.892842,-3.738602,25.75134,-32.8327,-50.70356,f,8,20
175.1075,2,11.26936,7.123879,2.184948,34.8146,-34.33093,-59.16901,f,8,20
175.6222,2,7.3358,0.847005,2.806085,17.02188,-20.24725,-38.75557,f,8,20
176.123,2,13.17954,-7.844453,10.90558,40.3556,-48.22316,-75.77631,f,8,20
176.623,2,0.1404044,-0.194463,0.2537974,0,0,0,f,8,20
177.1358,2,-0.1363029,-0.06105733,-0.5096874,0,0,0,f,8,20
177.6363,2,-0.2700782,-0.1468309,-0.2041802,0,0,0,f,8,20
178.149,2,-2.802584,1.048603,-14.18462,-12.76208,84.21008,8.926932,f,8,20
178.6492,2,-3.565217,-1.139159,-4.270643,4.310679,30.36634,-11.86314,f,8,20
179.1631,2,-11.4519,1.276779,-5.957983,3.044343,77.8822,12.86245,f,8,20
179.6634,2,-5.165264,-0.196943,0.7320202,-7.999532,36.65453,-7.075693,f,8,20
180.1641,2,-9.717569,0.5610931,4.734787,8.383311,61.15307,-1.741939,f,8,20
180.6772,2,-3.408909,-0.9282001,7.061356,-7.065891,44.36533,4.808428,f,8,20
181.1774,2,6.058661,2.869039,-10.67181,6.94141,-83.34126,-14.65852,f,8,20
181.6905,2,11.90217,-1.843667,-3.321156,-12.28423,-62.72699,12.78043,f,8,20
182.1906,2,-1.453435,-15.36699,-2.523894,-91.40893,6.731097,-5.59303,f,8,20
182.7052,2,0.009534706,-2.917,1.982838,-22.34368,-3.457936,-7.253633,f,8,20
183.2191,2,-0.07625977,-0.1048579,-0.1525076,0,0,0,f,8,20
183.723,2,-0.07626275,0.2573894,-0.1525076,0,0,0,f,8,20
184.2321,2,-0.1239244,-0.6005673,-0.1525553,0,0,0,f,8,20
184.7324,2,0.1239244,0.07625382,0,0,0,0,f,8,20
185.2466,2,0.04605828,-0.01805132,-0.3219191,0,0,0,f,8,20
185.7477,2,-9.916492,-1.767241,2.589327,-11.05457,70.83112,-8.056603,f,8,20
186.2569,2,-2.060783,0.2962133,1.47315,15.86534,27.86188,9.052951,f,8,20
186.7578,2,-4.842951,-0.6084271,15.47637,-26.40156,94.09869,-6.436697,f,8,20
187.2586,2,-0.8869706,-0.07380294,-2.393773,38.99324,9.842782,-7.373586,f,8,20
187.7594,2,-0.5799313,0.3786723,-3.051152,42.23956,5.311028,-3.478487,f,8,20
188.2607,2,0.503243,1.309114,-3.749648,45.82286,-1.527923,2.276816,f,8,20
188.7729,2,1.650897,2.055835,-4.733379,47.40756,-9.928355,9.630243,f,8,20
189.2738,2,2.976893,2.78584,-4.03336,44.80723,-16.79363,18.29816,f,8,20
189.7785,2,3.443414,2.629227,-2.285912,36.51282,-18.4234,26.06669,f,8,20
190.2869,2,2.855621,2.024501,-1.372712,25.75492,-15.92767,31.32972,f,8,20
190.7874,2,2.21813,1.422751,-0.4575706,18.43751,-14.75695,34.24062,f,8,20
191.3014,2,0.09295147,0.1942279,-0.1525076,0,0,0,f,8,20
191.8022,2,1.407853,1.539527,-0.3050629,9.158446,-8.785231,-1.496116,f,8,20
192.3157,2,2.098377,1.978034,0.1525076,11.4137,-11.24495,-2.270693,f,8,20
192.8286,2,0.3682516,0.6203262,0.09538344,2.517769,-2.82982,0.4274346,f,8,20
193.3477,2,1.029261,-1.809078,0.3646986,-9.300256,20.56936,-83.24869,f,8,20
193.8571,3,2.577448,-6.616117,-0.07978825,-27.89688,-6.09151,-90.33566,f,8,20
194.3572,3,1.528639,-4.957137,2.193438,-7.127292,-30.91924,-84.64754,f,8,20
194.8705,3,0.1620543,-0.9747211,0.3050629,17.47559,-33.05788,-77.45815,f,8,20
195.3852,4,-2.242715,2.225689,-1.878529,-5.309155,40.49241,82.54309,f,8,20
195.8862,5,-5.397329,6.11993,-0.6850916,34.22099,37.01805,87.95999,f,8,20
196.3993,5,-2.357581,2.52669,0.3906429,26.88573,-3.340772,87.86837,f,8,20
196.8994,5,5.662223,-3.173991,-1.746852,-6.410341,-51.28478,98.97839,f,8,20
197.412,5,11.98886,-7.440403,5.849533,-81.28228,-63.32964,87.16887,f,8,20
197.9257,5,3.540189,-2.866943,8.541286,-108.3096,-2.680701,43.21308,f,8,20
198.44,5,-0.3193173,5.563501,-6.100913,-62.40459,70.39867,66.19512,f,8,20
198.9527,5,-8.26721,12.00044,-6.405964,-19.50199,48.22374,123.6501,f,8,20
199.4532,5,-7.049414,4.738916,1.220204,3.470979,-22.57401,112.958,f,8,20
199.9534,5,4.039468,-7.411661,-2.897931,-63.77923,-64.14534,73.04018,f,8,20
200.4834,5,3.355256,-14.21297,5.374714,-121.2763,-7.570076,59.31102,f,8,20
200.9922,5,-0.5534385,-4.870183,5.865056,-84.99129,56.97565,44.97266,f,8,20
201.4931,5,3.599795,9.085583,-3.581672,-16.24952,52.03793,107.3665,f,8,20
202.0082,5,-1.711098,14.498,1.98279,-11.15524,-21.36909,128.8204,f,8,20
202.5227,5,-2.674576,5.072014,2.850009,-28.70531,-70.13876,80.9952,f,8,20
203.0231,5,-3.637495,-9.477895,-8.534028,-63.50867,44.01104,-22.70627,f,8,20
203.5361,5,-5.356835,-9.175267,0.5410626,-50.52455,28.39755,-19.96529,f,8,20
204.0369,5,-0.06197508,-0.132583,-0.3570202,0,0,0,f,8,20
204.5499,5,-0.1334974,0.2255222,0.3570202,0,0,0,f,8,20
205.0502,5,-0.05724332,0.05392741,0.3570202,0,0,0,f,8,20
205.5512,5,-0.01424623,8.027548,-1.001001,49.8273,0.01227827,0.06374785,f,8,20
206.0652,5,-0.100093,4.772299,1.067649,25.96379,0.01646301,-0.04188376,f,8,20
206.5664,5,0.028598,2.902698,1.525219,20.14274,0.02136058,-0.04770619,f,8,20
207.079,5,0.028598,7.414045,8.388754,61.0223,-0.06581321,0.05675464,f,8,20
207.5793,5,-0.01906533,0.6029748,1.22018,7.293284,0.06327088,-0.03654494,f,8,20
208.0918,5,0.1239247,-13.85574,-10.37157,-100.2328,-95.89512,129.7402,f,8,20
208.5921,5,0.1096257,-5.138109,-0.1525076,-27.36925,-3.841632,160.0704,f,8,20
209.0929,5,-0.1048594,12.55929,3.202994,78.99999,-41.56861,154.9522,f,8,20
209.6064,5,-0.06864701,4.422835,5.899538,41.48098,-135.5216,86.36557,f,8,20
210.1086,5,0.1363763,-4.844716,-7.700663,-56.35207,-130.061,93.96428,f,8,20
210.6204,5,0.1466699,-10.88367,-1.456982,-61.22577,-28.61701,158.3867,f,8,20
211.1208,5,-0.0498181,-1.170705,0.3814384,-8.532606,5.888941,161.6004,f,8,20
211.6341,5,-0.1425314,-5.424933,1.74256,-30.82027,43.70105,155.6847,f,8,20
212.1476,5,0.014299,0.05719632,0,0,0,0,f,8,20
212.6483,5,0.07626136,0.08580044,0.07622997,0,0,0,f,8,20
213.162,5,0.009532667,-0.1040514,-0.4323731,0,0,0,f,8,20
213.6663,5,-0.01903622,1.023345,-1.120517,0,0,0,f,8,20
214.1759,5,0.3336943,0.1448397,-0.3560187,0,0,0,f,8,20
214.6888,5,0.1717445,0.518409,0.5849866,0,0,0,f,8,20
215.2032,5,-0.1048594,-0.04051058,0,0,0,0,f,8,20
215.7037,5,-2.702514,-0.8984554,0.4575706,-3.755011,27.16755,28.35973,f,8,20
216.2174,5,-3.326897,-0.8150505,1.372712,-0.778098,33.2658,24.7221,f,8,20
216.7178,5,-4.246806,-0.9270595,2.592868,2.220239,41.48091,18.08313,f,8,20
217.2179,5,-4.070437,-0.2919289,4.041833,7.584204,46.63179,10.59935,f,8,20
217.731,5,-2.740632,0.4933019,4.651947,13.9158,45.00906,2.303692,f,8,20
218.2448,5,-1.385874,0.9128195,4.299403,20.92807,38.27589,-3.537564,f,8,20
218.7586,5,-0.4429607,0.8491749,2.994662,24.90937,31.34287,-7.991484,f,8,20
219.2589,5,-0.1087371,0.8867322,2.434424,27.21182,25.45814,-11.29301,f,8,20
219.7595,5,0.4348531,-2.473674,-1.390172,37.71335,9.175977,7.480433,f,8,20
220.2723,5,2.034672,-2.427199,-2.160769,37.45158,10.35996,17.02057,f,8,20
220.773,5,3.468619,-2.5439,-2.876207,35.4174,12.73233,26.72872,f,8,20
221.2866,5,4.472016,-1.906512,-2.897931,29.30283,15.30657,35.28107,f,8,20
221.8013,5,4.648989,-0.7912533,-2.350212,19.48698,19.0386,37.81711,f,8,20
222.3141,5,3.895761,0.2085559,-1.469263,9.631884,21.51592,36.37902,f,8,20
222.8145,5,2.902936,0.6337753,-0.9549552,1.517364,22.82028,33.22996,f,8,20
223.3148,5,2.176662,0.4893171,-0.5080122,-4.664096,23.22581,30.39192,f,8,20
223.827,5,1.697193,5.260731,-3.31777,32.63794,-0.0788915,16.30878,f,8,20
224.3273,5,1.003696,7.657669,-1.659004,40.77417,0.07329597,20.87036,f,8,20
224.8279,5,-0.7246041,8.273387,1.253577,42.85133,-0.0203385,22.01139,f,8,20
225.3425,5,-1.762061,6.196248,3.279224,36.64803,0.006199847,18.45994,f,8,20
225.8559,5,-1.886275,3.746329,3.889326,27.84198,0.3753624,13.6772,f,8,20
226.3687,5,-0.3473374,-1.067649,-1.601473,-25.39788,-48.7835,34.7757,f,8,20
226.8696,5,-0.9330068,-2.764469,-3.202994,-38.39083,-38.4628,42.89852,f,8,20
227.3833,5,-1.991725,-5.740032,-3.993323,-48.24792,-18.11468,55.94981,f,8,20
227.8973,5,-1.288305,-3.825329,-1.364222,-26.51958,-6.426237,63.23774,f,8,20
228.4107,5,-0.5305015,-1.5596,0.227728,-9.208441,-2.165706,64.51614,f,8,20
228.925,5,-0.114392,-0.3574755,7.854929,0,0,0,f,8,20
229.4259,5,0.04885493,-0.3908395,8.007449,0,0,0,f,8,20
229.9262,5,-0.03336435,-0.02383168,0,0,0,0,f,8,20
230.4271,5,-0.0369391,0.03813068,0.07626136,0,0,0,f,8,20
230.9386,5,0.04885494,-0.014299,0.1525227,0,0,0,f,8,20
231.452,5,0.03455593,-0.1668217,0.1525227,0,0,0,f,8,20
231.9669,5,-0.2871903,0.3050453,-0.4573933,0,0,0,f,8,20
232.4669,4,-0.03942098,0.3246967,0.2292208,0,0,0,f,8,20
232.9803,3,-0.01668217,0.014299,0,0,0,0,f,8,20
233.4807,2,-0.02740643,-0.009532664,0.07626136,0,0,0,f,8,20
233.9949,2,-0.02264009,-0.01429901,0.1525227,0,0,0,f,8,20
234.5083,2,0.04647176,-0.05719602,0.07626136,0,0,0,f,8,20
235.0209,2,-0.04306261,0.1197935,-0.00011647,0,0,0,f,8,20
