0.4963112,0,0.7544326,0.1478939,5.895294,-0.2325084,8.013021,-3.042991,f,25,23
1.034353,0,0.884297,3.80E-05,-0.1466274,-0.7557864,11.98567,-4.14364,f,25,23
1.546222,0,1.112671,-0.03132974,-0.4398827,-1.284397,14.74603,-4.047224,f,25,23
2.074792,0,0.950695,0.000782312,-0.4220013,-1.788079,15.64862,-3.798058,f,25,23
2.576136,0,0.8094319,-0.03427274,-0.5364423,-2.28205,13.61731,-3.569346,f,25,23
3.116427,0,0.5906826,0.000149012,-0.4768376,-2.67585,10.59924,-3.283035,f,25,23
3.629133,0,0.355244,0.2000857,-0.2670291,-2.915845,6.347973,-3.063657,f,25,23
4.156712,0,0.101328,0.000111759,-0.1168252,-3.03216,1.800768,-2.957603,f,25,23
4.65782,0,0.02145769,0.1358988,0.09536752,-3.016948,-2.75804,-2.965736,f,25,23
5.200219,0,-0.3814701,0.000186265,0.3623966,-2.857913,-7.308226,-3.105025,f,25,23
5.712216,0,-0.6031996,0.09216386,0.4863863,-2.600308,-11.57118,-3.344351,f,25,23
6.242548,0,-0.8249291,0.000149012,0.481606,-2.180699,-14.25533,-3.640379,f,25,23
6.757049,0,-0.7796295,-0.0539423,0.4482273,-1.671873,-14.58968,-3.854046,f,25,23
7.280639,0,-0.9751329,-0.000149012,0.3051761,-1.134249,-14.62824,-4.079899,f,25,23
7.783552,0,-0.7891663,-0.05975376,0.07152564,-0.6527072,-11.92495,-4.177121,f,25,23
8.327045,0,-0.7052078,-0.000134995,0.03333095,-0.2026891,-10.95478,-4.224822,f,25,23
8.839697,0,-0.4960873,-0.05210424,0.08580693,-0.1983851,-6.150858,7.91693,f,25,23
9.362718,0,-0.4823436,0.000420958,-0.01912119,-0.6751091,-6.624931,7.889246,f,25,23
9.866982,0,-0.5783086,0.2088062,-0.05733972,-1.203205,-8.187202,7.897848,f,25,23
10.4056,0,-0.4908358,4.95E-05,-0.1433016,-1.801735,-8.791075,7.743558,f,25,23
10.90688,0,-0.6655878,-0.08038159,-0.2293231,-2.407751,-8.38805,7.61033,f,25,23
11.45486,0,-0.458843,0.001578314,-0.1628043,-2.922305,-7.009132,7.323666,f,25,23
11.96521,0,-0.2583327,0.0313531,-0.1612665,-3.229147,-3.760846,7.070923,f,25,23
12.4889,0,0.02213123,-0.003709601,0.00861884,-3.367513,0.3998407,7.002906,f,25,23
12.99126,0,0.451446,-0.01812463,0.2471211,-3.199605,4.44324,7.08164,f,25,23
13.53335,0,0.4876916,-0.003037232,0.1996519,-2.828058,7.52455,7.359675,f,25,23
14.03428,0,0.533635,-0.02058039,0.1617314,-2.313972,8.702803,7.644191,f,25,23
14.57448,0,0.5856609,0.002554061,0.1333119,-1.645414,8.242035,7.796864,f,25,23
15.07724,0,0.5803769,0.008627897,0.1238824,-1.148759,8.086976,7.898106,f,25,23
15.61586,0,0.4677971,0.003264661,0.05719667,-0.5525379,6.596003,7.902856,f,25,23
16.11828,0,0.3266185,0.08973814,-0.08582872,-0.1209699,6.109576,7.907742,f,25,23
16.65641,0,-0.65352,0.000249007,-0.06671117,0.2444601,-9.571922,-3.967474,f,25,23
17.15967,0,-0.6828239,-0.2355941,-0.0474584,0.6087899,-12.15251,-4.005203,f,25,23
17.69885,0,-0.87019,-0.000260753,-0.2097916,1.068271,-12.22843,-3.903821,f,25,23
18.20145,0,-0.7902103,0.02151278,-0.2493324,1.516432,-12.14487,-3.74613,f,25,23
18.74082,0,-0.5674113,-0.001452795,-0.3051688,1.8133,-8.404086,-3.443793,f,25,23
19.24299,0,-0.2676187,-0.05285945,-0.0762922,1.910534,-2.231668,-3.220454,f,25,23
19.78335,0,0.280113,0.002957837,0.1691026,1.871547,5.115792,-3.245309,f,25,23
20.28423,0,0.6829431,0.03558917,0.3604501,1.681249,10.64442,-3.516446,f,25,23
20.82132,0,0.8171431,0.002831086,0.3051688,1.355931,13.20054,-3.813049,f,25,23
21.32707,0,0.9106427,-0.03844324,0.2288647,0.864279,12.37286,-3.963654,f,25,23
21.85172,0,0.7586395,0.000484265,0.1144383,0.4502783,10.00038,-3.923238,f,25,23
22.35203,0,0.4547254,-0.02011564,-0.05721915,0.1536962,9.169267,-3.954641,f,25,23
22.89355,0,-0.5181359,0.02154342,-0.05717419,0.8273252,-7.968644,-23.54812,f,25,23
23.39466,0,-0.6630242,0.06329183,-0.07614086,2.482948,-8.58267,-23.26821,f,25,23
23.93276,0,-0.7083701,0.02197815,-0.1144383,4.615396,-10.61841,-23.08278,f,25,23
24.4359,0,-0.7325124,-0.02249987,-0.2479377,6.64091,-11.79429,-22.35186,f,25,23
24.97552,0,-0.6749201,0.01463368,-0.3036813,8.95655,-10.25643,-21.54341,f,25,23
25.47783,0,-0.5021399,0.1054406,-0.3412093,10.77842,-8.193233,-20.81149,f,25,23
26.01803,0,-0.2437774,-0.000447025,-0.1335113,12.0217,-3.914089,-20.15546,f,25,23
26.51948,0,0.0762922,-0.1536237,0.1716574,12.35332,0.8384359,-19.98805,f,25,23
27.057,0,0.3861344,-0.02290477,0.1932192,11.74189,5.382367,-20.32463,f,25,23
27.56102,0,0.5292652,-0.03486717,0.2479377,10.42727,9.382744,-21.18417,f,25,23
28.10055,0,0.7147012,-0.03304508,0.2658791,8.397575,10.75448,-22.15265,f,25,23
28.60513,0,0.7319572,-0.03670415,0.1519599,6.194095,10.38152,-22.74284,f,25,23
29.14081,1,0.6770784,-0.03009896,0.1144383,3.913727,10.21086,-23.13253,f,25,23
29.6445,4,0.5697939,0.02801289,0.09536525,2.081145,8.109814,-23.52646,f,25,23
30.18086,6,0.467212,-0.02067187,-3.58E-05,0.3079118,7.515202,-23.29561,f,25,23
30.68675,6,1.115219,0.06977995,-0.07645081,-2.161695,14.22859,-19.49512,f,25,23
31.2253,5,1.132439,0,-0.2860838,-4.770918,15.45239,-18.59553,f,25,23
31.72671,2,1.441177,-0.1983999,-0.362376,-7.829376,19.03024,-18.00286,f,25,23
32.26906,2,0.978662,-0.00864229,-0.6866059,-10.56938,18.89076,-15.96081,f,25,23
32.78336,2,0.9095222,0.01273992,-0.7629101,-13.24771,15.8862,-14.39008,f,25,23
33.30816,2,0.5852923,0.002495794,-0.6675448,-14.88139,11.85406,-12.55988,f,25,23
33.80997,6,0.2693949,-0.1197999,-0.4195952,-15.89058,7.734498,-11.23592,f,25,23
34.35082,7,0.1686654,0.005885731,-0.2288766,-16.51719,3.582697,-10.40556,f,25,23
34.85212,8,0.162264,-0.1468442,0,-16.58055,-0.1533924,-10.08688,f,25,23
35.40007,8,-0.1019552,0.007720199,0.2303887,-16.46638,-4.037215,-10.47281,f,25,23
35.90792,8,-0.2072961,-0.1249634,0.4799356,-15.85941,-8.002844,-11.29112,f,25,23
36.43344,7,-0.5965903,0.008744367,0.6619933,-14.74822,-12.09207,-12.68136,f,25,23
36.93617,3,-0.9643419,-0.1518642,0.7349309,-13.15821,-16.15803,-14.48406,f,25,23
37.47383,2,-1.218255,0.007636484,0.8010561,-10.27054,-17.63016,-15.99413,f,25,23
37.97857,2,-1.244487,0.1405115,0.6484718,-7.805846,-19.33132,-18.01726,f,25,23
38.51581,2,-1.106213,0.008493281,0.2670108,-4.556888,-15.56941,-18.72149,f,25,23
39.02008,2,-0.9321744,-0.03747473,0.1144264,-2.03618,-13.96415,-19.49873,f,25,23
39.54456,2,-0.9202536,0.003129079,-0.0381461,-0.2892441,-14.89634,15.42898,f,25,23
40.04673,2,-1.335084,-0.06545036,0,-2.451968,-16.92005,15.35821,f,25,23
40.58644,2,-1.373587,0.004654575,-0.4176562,-5.252561,-21.14199,14.70328,f,25,23
41.09382,2,-1.264533,0.09719346,-0.7582141,-7.848919,-21.11798,13.45929,f,25,23
41.62823,2,-0.8844888,0.004768146,-0.6866179,-10.03294,-15.34947,11.88236,f,25,23
42.12993,2,-0.4422563,0.06034693,-0.381461,-11.16956,-7.623713,10.80152,f,25,23
42.67354,2,0,0.005140661,0,-11.48481,1.424801,10.45997,f,25,23
43.18614,2,0.5131723,-0.1137652,0.4958874,-10.91016,9.762502,11.00028,f,25,23
43.71173,2,0.8964095,0.004283892,0.6866179,-9.411224,17.43815,12.22638,f,25,23
44.21635,2,1.171181,0.06511509,0.7629101,-7.208205,21.69355,13.71212,f,25,23
44.7577,2,1.42289,0.003970935,0.3833095,-4.374641,20.9505,14.93716,f,25,23
45.26851,2,1.321299,0.02175473,0.1907305,-1.835192,16.38532,15.49859,f,25,23
45.79641,2,0.7610979,0.002495841,0,-0.2534739,12.18974,-13.97726,f,25,23
46.29691,2,0.901367,-0.1751179,-0.0762922,-1.84132,13.60712,-13.96391,f,25,23
46.83788,2,1.125882,0.003278087,-0.2670227,-3.828064,17.0999,-13.5017,f,25,23
47.33854,2,1.177433,0.09700215,-0.5340335,-5.753309,18.19869,-12.69377,f,25,23
47.87688,2,0.906554,0.00424664,-0.5340335,-7.678548,14.87335,-11.63999,f,25,23
48.3872,2,0.686433,-0.08154959,-0.4282904,-9.079065,9.811166,-10.81062,f,25,23
48.9181,2,0.1504411,0.004323556,-0.14237,-9.762886,3.229708,-10.32132,f,25,23
49.42083,2,-0.1692614,-0.1009507,0.1907305,-9.734179,-3.871703,-10.3582,f,25,23
49.9596,2,-0.5566827,0.004209365,0.4577532,-8.988417,-10.39493,-10.90803,f,25,23
50.46213,2,-0.6985266,0.01590625,0.3814491,-7.539027,-15.19728,-11.7611,f,25,23
50.98784,2,-1.101439,0.00424664,0.4958874,-5.606946,-18.30394,-12.7252,f,25,23
51.48828,2,-0.8654218,0.08400141,0.2288766,-3.694731,-17.00558,-13.51405,f,25,23
52.02918,2,-0.9703205,0.003687906,0.1144383,-1.724375,-13.56303,-13.97179,f,25,23
52.53044,2,-0.9607827,-0.06574838,0.0381461,-0.1412883,-12.13357,-13.93768,f,25,23
53.07117,2,-0.7006319,0.004269772,-0.1523963,1.906225,-10.40474,-22.45556,f,25,23
53.57286,2,-0.8090755,0.04881853,-0.1900691,3.960601,-13.11066,-21.82677,f,25,23
54.11491,2,-0.905946,-0.000521529,-0.3051569,6.753861,-13.40575,-21.42709,f,25,23
54.62805,2,-0.7724406,-0.126803,-0.3433149,9.387885,-13.86152,-20.43702,f,25,23
55.15257,2,-0.7199957,-0.00260755,-0.3814491,11.61446,-11.83953,-19.10725,f,25,23
55.65638,2,-0.4839667,0.01080282,-0.2670108,13.22958,-7.680015,-18.06904,f,25,23
56.19939,2,-0.1966908,-0.007897248,-0.1525844,14.1267,-2.297781,-17.4555,f,25,23
56.7107,2,0.08345255,-0.2092215,0.3732237,14.07652,3.127563,-17.50466,f,25,23
57.23788,2,0.4802217,-0.009413327,0.2742847,13.13223,7.973002,-18.16895,f,25,23
57.74007,2,0.671717,-0.04857556,0.4195952,11.32066,12.2495,-19.20974,f,25,23
58.28411,2,0.9405159,-0.01057934,0.3814491,8.939506,13.97382,-20.5839,f,25,23
58.79614,2,0.7740797,-0.0307695,0.2670108,6.430496,13.45534,-21.56013,f,25,23
59.32104,2,0.8108103,-0.01043034,0.1144383,3.65683,11.06192,-21.87627,f,25,23
59.82354,2,0.7289511,-0.009983317,0.1525844,1.631987,10.25787,-22.47398,f,25,23
60.36286,2,-0.3381942,-0.01065613,4.77E-05,0.2734678,-5.097248,-26.20811,f,25,23
60.86538,2,-0.4902703,0.02513505,0.1144731,1.494798,-5.523776,-26.25981,f,25,23
61.40768,2,-0.4884757,-0.00424664,0,3.056054,-6.878116,-26.17513,f,25,23
61.92019,2,-0.5646546,-0.03963525,-0.0762922,4.723674,-7.750336,-25.84625,f,25,23
62.44563,2,-0.4848608,0.001564586,-0.07628028,6.405071,-7.286144,-25.39815,f,25,23
62.94751,2,-0.271785,-0.0977844,-0.0381461,7.72881,-4.527818,-25.03592,f,25,23
63.4885,2,-0.02920561,0.01005777,-0.03813418,8.32824,-0.2473653,-24.83939,f,25,23
63.98905,2,0.289064,0.08541699,0.1144383,7.897625,4.066928,-24.99969,f,25,23
64.52845,3,0.4239998,0.01457999,0.1879768,6.569813,7.078005,-25.40028,f,25,23
65.03067,5,0.6224013,0.08647581,0.1509513,4.961742,7.755575,-25.84487,f,25,23
65.5695,5,0.4725884,0.01365669,0.190051,3.196398,6.932827,-26.15393,f,25,23
66.0733,5,0.5580521,0.1372777,0.1524056,1.710935,5.62735,-26.1657,f,25,23
66.61474,5,0.3533458,0.01295924,0.07631604,0.377886,5.124664,-26.25092,f,25,23
67.1162,5,4.029972,0.0332161,-0.8021767,-1.57736,56.10704,-5.259063,f,25,23
67.65834,5,2.725753,0.001126746,-3.369278,-3.488208,56.99294,-2.743279,f,25,23
68.17001,5,0.553345,0.06158242,-1.5387,-2.907609,22.14028,-0.953622,f,25,23
68.69854,5,-0.03149437,0.001224347,-0.3597118,-2.605093,2.715467,-0.5776688,f,25,23
69.19892,5,-0.275236,-0.06979481,0.858767,-2.58745,-13.20002,-0.6680605,f,25,23
69.74348,5,-1.34223,0.01147193,2.514806,-3.750828,-46.36787,-2.208002,f,25,23
70.25482,5,-3.986768,0.01093723,2.61935,-2.807386,-71.3524,-5.088085,f,25,23
70.78082,5,-5.652639,-0.3947884,1.792485,0.000143237,-0.5168678,4.161257,f,25,23
71.28172,5,0.07393412,-0.05218505,0.0381461,-1.11E-12,5.38E-12,4.291971,f,25,23
71.81883,3,0,0.000260861,0,1.10E-11,-4.68E-11,4.290679,f,25,23
72.32296,2,-0.1157057,-0.06765879,-0.1526082,-2.06E-12,7.37E-12,4.291785,f,25,23
72.8628,2,0.001119971,0.000327865,-0.07628028,1.16E-11,-3.60E-11,4.289751,f,25,23
73.36486,2,-0.02990713,-0.002163855,-0.152501,3.94E-12,-1.08E-11,4.290795,f,25,23
73.90286,2,-7.64E-05,0.00035691,-0.07628028,-4.91E-12,1.21E-11,4.290655,f,25,23
74.40665,2,-0.0394607,-0.02852755,-0.07631604,7.90E-12,-1.72E-11,4.290286,f,25,23
74.94583,2,0,0.00037265,0,1.72E-12,-3.51E-12,4.290684,f,25,23
75.44766,1,-0.003577485,0.02724102,0.07630675,1.29E-12,-2.16E-12,4.290878,f,25,23
75.98777,1,8.55E-05,0.000288436,0.07628028,5.85E-12,-9.51E-12,4.290195,f,25,23
76.4902,1,-0.129911,-0.03851814,0,-6.01E-12,9.16E-12,4.290834,f,25,23
77.02856,0,8.96E-05,0.000332044,0.07628028,1.44E-13,-3.21E-13,4.290844,f,25,23
77.53021,0,0.04777429,-0.08223356,0.1525963,1.47E-11,-1.90E-11,4.289722,f,25,23
78.07129,0,0.001284567,0.000302143,0.07628028,-6.92E-13,1.06E-12,4.290844,f,25,23
78.57193,0,-0.03210114,-0.07119047,0.07628028,1.01E-11,-1.08E-11,4.289809,f,25,23
79.11447,0,9.41E-05,0.000384092,0.07628028,1.05E-12,-1.14E-12,4.291002,f,25,23
79.61514,0,-0.5054466,0.02530905,-5.96E-05,0.04220815,-6.649316,-13.70322,f,25,23
80.15454,0,-0.536203,0.003650561,-0.152346,0.9509492,-7.378492,-13.6959,f,25,23
80.65674,0,-0.9503534,-0.1270932,-0.3043701,1.994859,-9.136223,-13.65277,f,25,23
81.18032,0,-0.6322835,0.002100084,-0.2267309,3.22999,-9.479199,-13.40817,f,25,23
81.6838,0,-0.3344817,-0.03942054,-0.1488651,4.189793,-6.692141,-13.0476,f,25,23
82.22112,0,0.0247592,0.003048615,0.00454177,4.599503,0.1716417,-12.79376,f,25,23
82.7249,0,0.3864438,0.1079788,-0.07254911,4.196784,6.462535,-13.04349,f,25,23
83.26404,0,0.6886654,0.002198663,0.228956,3.175577,9.51908,-13.42431,f,25,23
83.76534,0,0.3261458,0.02824719,0,2.039124,9.141184,-13.6387,f,25,23
84.30492,0,0.5571074,0.000712073,0.2288289,0.8944673,7.321207,-13.69366,f,25,23
84.80605,0,0.4038374,0.08909293,0.07638756,0.06765836,6.654926,-13.70542,f,25,23
85.34514,0,0.767428,0.000480039,-0.07626836,0.7106405,10.22331,8.432662,f,25,23
85.84759,0,0.8749613,-0.04830962,-0.1535023,1.631599,14.15263,8.386429,f,25,23
86.38795,0,0.8239617,-0.002416727,-0.2321429,2.591336,10.67558,8.03301,f,25,23
86.89033,0,0.04159117,-0.02941161,0.071214,2.950547,0.07454412,7.750444,f,25,23
87.43102,0,-0.6355021,0.003293873,0.2248713,2.553075,-11.19518,8.046766,f,25,23
87.93173,0,-0.9118855,-0.03076586,0.3032615,1.619736,-14.16596,8.3869,f,25,23
88.47157,0,-0.7623766,-0.004570966,-0.07581537,0.6324866,-10.17324,8.442088,f,25,23
88.97499,0,-0.714254,0.1040777,0.000107286,-0.006930351,-6.91011,1.421785,f,25,23
89.51511,0,-0.5552821,0.000174357,-0.1522864,-0.1076653,-7.683629,1.453251,f,25,23
90.01646,0,-0.4695815,0.01514333,-0.1516546,-0.2212797,-9.530351,1.442078,f,25,23
90.55491,0,-0.7021594,2.49E-05,-0.2265878,-0.3569461,-10.1167,1.414552,f,25,23
91.05862,0,-0.5684901,-0.09285016,-0.3774557,-0.4700344,-7.785272,1.380664,f,25,23
91.59812,0,-0.1419067,3.73E-05,0,0,0,0,f,25,23
92.10088,0,0.3196226,0.04232553,0.1574123,-0.5088136,5.54594,1.366923,f,25,23
92.63866,0,0.6144621,5.08E-05,0.2257653,-0.4088688,9.799348,1.396955,f,25,23
93.14289,0,0.4863628,-0.01392538,0.07767499,-0.2785605,10.79623,1.428449,f,25,23
93.68135,0,0.6270742,5.96E-05,0.07660214,-0.1498385,9.293927,1.449098,f,25,23
94.18437,0,0.4911191,0.02532116,-4.77E-05,-0.05070603,7.354533,1.458536,f,25,23
94.72257,0,-3.79711,0.02786062,5.386944,2.855614,-34.60049,-22.44804,f,25,23
95.22614,0,-11.41696,-0.08903668,-0.5190015,18.73292,-67.83309,-28.32878,f,25,23
95.76523,0,-0.8585941,0.001117961,-1.068485,31.98947,-3.119869,-21.69737,f,25,23
96.26683,0,9.096337,0.02616021,7.860907,24.80692,71.87521,-31.16648,f,25,23
96.80817,0,8.89406,-0.02771646,0.3443162,0.3365963,53.79748,-38.99627,f,25,23
97.32235,0,7.379184,0.000794586,-2.470628,-14.9209,43.96074,-43.03931,f,25,23
97.84833,0,3.861267,-0.04242706,-2.980069,-29.45706,25.35295,-35.60935,f,25,23
98.35062,0,-2.038551,-0.205169,2.048779,-30.83124,-19.08066,-35.02881,f,25,23
98.89153,0,-7.281733,-0.03897477,3.456609,-16.6264,-43.34807,-41.91225,f,25,23
99.40662,0,-5.436229,0.05373981,0.1140092,-1.219777,-31.73167,-45.5596,f,25,23
99.93036,0,-10.78631,-0.2316877,-5.782329,-52.92875,-66.71778,93.72392,f,25,23
100.4348,0,3.808864,-0.2293035,3.882057,-67.82106,34.84954,81.3693,f,25,23
100.9724,0,10.22931,0.01171204,1.030374,-12.13499,54.73867,106.7457,f,25,23
101.4757,0,4.375167,0.03779963,-0.7237269,0.02223194,26.62599,0.1511475,f,25,23
102.0145,0,3.556075,-0.00015081,-1.702985,-0.02385703,20.80416,-0.06858016,f,25,23
102.5171,0,-2.707896,0.01007385,0.8178047,-0.02497783,-18.03162,-0.05813269,f,25,23
103.0561,0,-4.603799,-0.000332497,0.575577,0.02541568,-26.91113,0.1402281,f,25,23
103.5595,0,-10.14708,0.04011016,-0.72325,0.3197104,-65.82595,-3.515555,f,25,23
104.1014,0,-8.432863,-9.29E-05,-9.736219,3.444079,-71.36104,-2.779845,f,25,23
104.6149,0,-0.6277418,0.03617556,-1.97505,6.761107,-8.519036,-2.526374,f,25,23
105.1406,0,3.780183,0.005334773,6.850586,5.644527,47.09727,-3.224613,f,25,23
105.6444,0,14.51595,0.2391289,5.925901,1.047813,92.24441,-2.626814,f,25,23
106.18,0,7.796169,0.002524199,-1.333969,2.891495,44.55159,16.2053,f,25,23
106.6827,0,7.723488,-0.06551695,-5.726016,9.696705,54.45523,13.03763,f,25,23
107.2245,0,1.740988,0.01566095,-3.081156,11.94051,19.05526,7.781846,f,25,23
107.7385,0,-1.152489,-0.01577922,1.351016,11.72413,-12.08841,7.229121,f,25,23
108.2635,0,-5.926245,0.01747748,5.64763,10.97839,-48.78798,12.04533,f,25,23
108.7664,0,-9.117214,0.04125278,2.823827,4.110615,-46.09095,15.2676,f,25,23
109.3059,0,-4.801655,-0.000125644,-0.1152012,-0.1043297,-27.68635,1.206639,f,25,23
109.808,1,-5.934079,0.01960317,-2.263256,-0.391983,-37.20049,0.9688367,f,25,23
110.3487,3,-1.165387,-0.002664406,-0.6064276,-1.040239,-4.85524,1.467135,f,25,23
110.8642,3,5.207944,0.1348912,2.347463,-0.4685632,32.76853,0.9422717,f,25,23
111.3897,3,5.505942,0.001998619,1.028085,-0.1600463,28.60842,1.240406,f,25,23
111.8912,3,-6.127545,0.1659631,-0.2679763,-6.875484,-33.35349,60.15241,f,25,23
112.4333,3,-4.480283,0.07074751,-2.383273,-28.1949,-25.08733,53.90963,f,25,23
112.9473,3,6.458826,-0.03659735,2.69383,-21.92988,40.60727,56.36088,f,25,23
113.4721,3,5.017704,0.007737624,0.03890902,-1.364567,30.24742,60.6687,f,25,23
113.9745,3,8.710816,-0.1495698,-3.002575,17.43548,51.51308,47.48344,f,25,23
114.5136,3,2.676092,-0.02947196,-2.58261,32.53896,18.8858,35.09072,f,25,23
115.0161,3,-5.000453,0.03737694,3.81678,29.70338,-38.98138,38.84751,f,25,23
115.5565,3,-8.729466,-0.04313223,1.491608,9.143473,-42.70272,48.38521,f,25,23
116.058,3,-9.60517,-0.01269932,-1.86563,-8.079453,-54.06073,39.41935,f,25,23
116.5989,3,-5.960678,-0.02847065,-5.647654,-29.24426,-43.16527,29.77246,f,25,23
117.0996,3,2.160793,-0.03160098,2.900157,-32.30045,23.65531,27.70785,f,25,23
117.6418,3,11.03798,-0.001142334,4.092791,-13.18243,66.52843,37.21198,f,25,23
118.1425,3,13.36571,-0.01814688,-1.564085,0.2834678,79.55856,1.541682,f,25,23
118.6806,3,6.012874,-0.004356905,-10.02122,0.06307781,63.46155,0.05503963,f,25,23
119.1819,3,-0.2047492,0.1482332,-0.5145193,-3.536043,0.01199233,-1.074773,f,25,23
119.7207,3,-5.981877,-0.00227319,9.310974,-0.02179324,-70.9092,0.009887371,f,25,23
120.2239,3,-13.91342,-0.08660481,3.205456,0.02034345,-79.55652,0.2641288,f,25,23
120.7627,3,8.877885,0.003318226,-2.409308,8.401278,53.02582,27.03366,f,25,23
121.2655,3,4.971152,0.1565437,-4.279468,17.71451,32.79028,20.08819,f,25,23
121.8027,3,-2.838404,0.008446343,2.883535,18.25514,-26.34406,19.46758,f,25,23
122.3057,5,-8.826435,-0.114302,3.838594,9.779046,-52.82836,26.39938,f,25,23
122.8459,5,-5.698313,0.014277,0.1905874,-1.408559,-36.25862,27.21367,f,25,23
123.3476,5,-8.354329,-0.1577661,-3.333588,-11.0762,-51.8423,23.99509,f,25,23
123.8879,5,-4.200768,0.04653829,-4.298279,-22.12997,-34.30636,18.82375,f,25,23
124.3904,5,-0.9691494,-0.04709684,-1.58168,-26.07411,-7.501521,15.08267,f,25,23
124.9296,5,1.860719,0.003509236,2.491107,-24.46485,19.55467,15.86531,f,25,23
125.4309,5,5.84937,0.2586678,4.740463,-17.88127,46.64731,20.99695,f,25,23
125.9711,5,7.601719,-0.001484401,1.647292,-6.526304,41.90481,26.6149,f,25,23
126.4729,5,-6.213243,0.001201914,-0.4963284,-0.6681664,-37.47379,7.466944,f,25,23
127.0129,5,-7.40864,0.001987304,-4.440778,-3.90536,-47.48983,6.809986,f,25,23
127.5157,5,-0.7421562,0.0507331,-1.205107,-3.990555,-4.622776,4.082393,f,25,23
128.056,5,6.23853,-0.00637751,4.439098,-4.169397,44.61261,6.623888,f,25,23
128.5569,5,7.148166,-0.02109381,1.748712,-1.134753,39.08007,7.315004,f,25,23
129.0968,5,6.413103,-0.01020297,-1.220156,4.991767,36.01421,27.17967,f,25,23
129.5987,5,6.639516,0.0274809,-4.118135,14.7237,44.3872,23.58333,f,25,23
130.139,5,1.806109,-0.01655713,-2.542279,19.84957,16.5855,17.19726,f,25,23
130.6409,5,-1.452541,0.07789978,1.98279,19.96945,-15.1712,17.12343,f,25,23
131.1795,5,-6.069317,-0.01228821,4.42315,15.4515,-43.15437,23.15449,f,25,23
131.6809,5,-6.5474,0.001573699,1.746995,5.302233,-36.22238,26.83544,f,25,23
132.2216,5,-3.460211,-0.03872646,-0.3050153,-3.406345,-19.73594,49.54142,f,25,23
132.7235,5,-4.412436,-0.2770434,-1.067649,-13.77496,-25.87869,47.55231,f,25,23
133.2611,5,0.5587085,-0.005410402,-0.3486265,-20.24655,4.405509,45.66755,f,25,23
133.7661,5,4.691661,-0.2795705,1.309519,-12.25794,27.15122,47.95736,f,25,23
134.3042,5,3.281621,0.03358768,0,-1.576868,18.73323,49.63401,f,25,23
134.8062,5,5.738666,0.01809723,-0.9151411,-5.645887,37.3713,-26.42182,f,25,23
135.3461,6,-2.318938,0.004975401,0.2589183,-10.25719,-17.07495,-24.97905,f,25,23
135.8489,7,-5.497252,0.1372431,0.2329741,-2.892845,-33.45314,-26.9118,f,25,23
136.3879,7,-3.203149,-0.002379742,0.2270126,3.009503,-17.93105,-32.13806,f,25,23
136.8904,7,-3.495636,0.00719642,-0.5485979,8.784636,-24.27807,-30.62514,f,25,23
137.4281,7,-2.607194,-0.01079871,-1.372712,15.04346,-15.45074,-28.73638,f,25,23
137.9311,8,0.8412471,-0.175833,0.4575706,16.53009,6.05258,-28.34234,f,25,23
138.4712,8,3.577916,-0.02145066,1.880723,11.79835,22.12343,-29.83202,f,25,23
138.9718,8,3.714494,0.03114735,1.138783,5.612318,22.2192,-31.58341,f,25,23
139.5134,8,2.573821,-0.01601188,0.1525076,0.09165804,16.03122,-32.08473,f,25,23
140.028,7,9.975948,-0.2465831,-10.67661,75.08743,74.75516,65.0926,f,25,23
140.5535,6,-5.037676,-0.02324487,7.242226,80.02512,-59.05246,60.30243,f,25,23
141.055,5,-14.18826,0.1346635,2.665156,9.148531,-82.91839,97.36957,f,25,23
141.5985,5,-11.20447,0.07406432,-5.338291,-28.21836,-69.53522,53.17431,f,25,23
142.1097,5,-3.376049,-0.06376047,-4.052365,-49.88093,-27.9248,34.05526,f,25,23
142.6374,5,2.313668,0.03545488,2.540538,-50.4424,22.98076,33.06523,f,25,23
143.1389,5,10.40693,0.3161303,6.554225,-31.45697,66.63197,49.97246,f,25,23
143.6781,5,8.279124,-4.521092,-0.4575706,-0.1774093,57.20893,-25.03677,f,25,23
144.1799,5,12.9263,0.03105577,-10.21901,-36.33712,88.60125,-41.56178,f,25,23
144.7207,5,1.31312,0.0429343,-3.20297,-59.04469,17.94812,-20.81461,f,25,23
145.2227,5,-1.33934,0.0158629,3.813072,-57.46125,-25.01119,-21.93013,f,25,23
145.7603,5,-12.9629,0.07791984,9.777757,-34.47333,-93.16416,-45.87287,f,25,23
146.2635,5,-2.874803,-0.1019245,-0.3811999,-0.2063049,-17.48127,16.78425,f,25,23
146.8023,5,-4.23593,0.004803574,-0.9151411,-3.407476,-24.28533,16.13654,f,25,23
147.3048,5,-3.685557,-0.07160674,-1.830282,-6.787036,-21.6855,15.08073,f,25,23
147.8443,5,0.8667255,0.005797152,0.1245231,-8.06163,5.75125,14.48644,f,25,23
148.347,5,4.125393,0.006815014,1.169878,-5.761538,24.58425,15.44286,f,25,23
148.8855,5,4.171291,0.005858729,0.9888402,-2.026416,20.37697,16.3001,f,25,23
149.3877,5,-0.1185959,-0.02602318,0.5342904,-2.35E-07,-6.02E-06,-40.20045,f,25,23
149.9293,5,0.00714954,0.03098118,0,2.21E-11,-3.10E-11,-40.19052,f,25,23
150.444,5,0.1549058,0.10512,-0.1525076,1.04E-10,-3.78E-10,-40.1755,f,25,23
150.9576,5,0,0,0,0,0,0,f,25,23
151.4588,5,-0.05957918,-0.04002977,0,0,0,0,f,25,23
151.9999,5,0,0,-0.3817245,0,0,0,f,25,23
152.512,5,-0.2430831,-0.09201261,0,0,0,0,f,25,23
153.0438,5,26.73597,0,-4.96075,4.55E-11,154.1955,-1.03E-11,f,25,23
153.555,5,-0.3410435,0.002653166,-1.204454,-2.74E-12,-4.334492,2.51E-12,f,25,23
154.0841,5,-23.77508,0,3.660564,-3.32E-11,-136.3345,3.16E-12,f,25,23
154.5973,5,-0.07983611,0.04554084,0,0,0,0,f,25,23
155.1272,5,0.003049254,0,-0.3817245,0,0,0,f,25,23
155.6388,5,0.1155156,-0.02844607,-0.2290156,0,0,0,f,25,23
156.1658,5,-4.358812,0.03284306,-0.3050629,-4.507059,-28.13996,43.39622,f,25,23
156.6666,5,-8.537114,-0.000148945,-4.42315,-21.52848,-50.68336,37.69016,f,25,23
157.21,5,-1.032597,0.03544696,-1.344692,-30.40131,-9.277473,31.31002,f,25,23
157.7219,5,-0.9699657,-4.073465,-1.372688,-13.67145,-14.24987,47.68702,f,25,23
158.2514,5,0.6576927,-7.822253,-5.306562,-0.2824412,-38.48371,52.85075,f,25,23
158.7687,5,0.6127432,-0.8692532,-1.652757,-24.08872,-31.58835,20.22874,f,25,23
159.2893,5,5.681469,-4.983195,-5.643342,100.1946,89.13651,24.25931,f,25,23
159.8038,5,9.956873,0.969918,-6.558484,40.42286,105.8147,85.33922,f,25,23
160.3324,5,1.910793,0.9827833,-1.682469,14.06354,-9.099929,9.612871,f,25,23
160.8345,6,7.592689,9.960535,-5.41115,59.51775,-15.08361,56.46364,f,25,23
161.3737,6,0.9961623,5.080914,0.1525315,24.84916,-4.55637,15.60592,f,25,23
161.874,6,0.7101926,6.348759,1.98279,35.03554,-12.26525,27.22142,f,25,23
162.419,3,-4.527852,7.732497,7.606675,44.75008,-13.33694,41.1677,f,25,23
162.9294,3,0.2514064,-0.23832,0,0,0,0,f,25,23
163.4584,3,3.40911,-2.99087,-1.220186,-7.309233,0.1107561,-25.62584,f,25,23
163.9585,3,0.5658371,-0.8222016,0,-1.120643,-0.04712276,-3.683132,f,25,23
164.5004,3,-0.4945175,-1.546672,-4.575682,-10.14019,30.36939,-9.164466,f,25,23
165.0139,3,-1.599113,-2.498141,-3.660564,-8.299632,24.83984,-13.07474,f,25,23
165.5415,3,-1.313001,-0.7424409,-1.111861,2.539231,16.13418,-9.36227,f,25,23
166.042,3,-6.950043,-4.000393,-4.249666,-21.1934,46.86758,-8.370647,f,25,23
166.5823,3,-0.6792048,-0.409897,-0.3050153,0.807837,6.848868,-13.88356,f,25,23
167.0846,3,-0.03812691,-0.08400077,0,-13.84057,-14.12394,64.52065,f,25,23
167.6246,3,0.02231972,-0.074721,0.5183136,-13.84294,-14.12724,64.53298,f,25,23
168.1261,3,0.006331076,-0.1298526,0.5178844,-13.83867,-14.12252,64.51286,f,25,23
168.6667,3,0.05242897,0.09175963,0,-13.83817,-14.12197,64.51028,f,25,23
169.1677,3,-0.3527007,0.0691147,-0.1525076,0.4038854,1.901121,-1.738263,f,25,23
169.7078,3,-3.534648,-0.03736646,-0.08780046,-0.2362091,20.59972,2.461495,f,25,23
170.222,3,-0.5862593,0.04289426,0,-0.04918688,3.045318,-1.489124,f,25,23
170.7459,3,5.24357,0.4649466,-0.06605303,7.624625,-23.17565,-47.56137,f,25,23
171.2483,3,8.021461,-0.2518361,5.029616,27.32692,-39.8848,-43.65939,f,25,23
171.7908,3,-0.781679,-1.453733,-1.22018,16.12065,18.74734,-30.41207,f,25,23
172.305,3,-8.093249,-9.00599,-4.728213,-27.72056,55.84081,-64.28907,f,25,23
172.8332,3,-4.516638,-3.352203,0.7244849,-15.12537,5.972761,-44.19982,f,25,23
173.3338,3,-5.850936,1.223436,-0.1848531,3.342299,14.78193,-48.78135,f,25,23
173.8779,3,-9.003599,5.497962,6.253408,-11.64673,50.36002,-57.68264,f,25,23
174.3877,3,0.9366654,4.705534,-2.642455,10.49245,-16.84647,-26.05344,f,25,23
174.9154,3,13.12276,13.74058,-1.109643,47.93109,-52.03095,-84.13964,f,25,23
175.4166,3,5.22226,1.625882,2.51829,15.01168,-11.5458,-26.05013,f,25,23
175.9561,3,14.2704,-3.407895,8.998844,41.55346,-51.09772,-83.78603,f,25,23
176.4579,3,2.564264,-5.347826,5.033249,20.20476,-20.05434,-31.16464,f,25,23
176.9967,3,-0.355971,-0.1564646,-0.05159648,0,0,0,f,25,23
177.4993,3,-0.3177222,-0.1469024,-0.05159648,0,0,0,f,25,23
178.0391,3,-0.138306,1.510802,-8.853886,-1.630217,59.66496,8.199007,f,25,23
178.541,3,-5.33699,-1.456386,-5.560115,-0.267866,42.49035,-8.942062,f,25,23
179.086,3,-7.683329,1.305969,-3.965604,6.341096,58.87859,5.313636,f,25,23
179.5975,3,-8.312489,-1.4585,1.220156,-8.089499,49.7172,-1.330968,f,25,23
180.1226,3,-6.505413,1.090352,3.823874,6.882496,55.00108,-4.198597,f,25,23
180.624,3,-3.425935,-1.573493,8.522749,-3.550893,54.42544,7.258873,f,25,23
181.1624,3,5.4969,2.55351,-10.05507,6.94141,-83.34126,-14.65852,f,25,23
181.6642,3,10.79844,-2.15104,-3.541158,-12.47909,-65.457,11.47836,f,25,23
182.2262,3,-1.048594,-16.71076,-2.135345,-100.2935,6.724283,-5.368547,f,25,23
182.7323,3,0.02859816,-3.288782,1.98279,-20.49983,-3.607395,-7.281132,f,25,23
183.2595,3,-0.011139,-0.1656572,-0.3220622,0,0,0,f,25,23
183.762,3,-0.0174194,0.1561189,0.3220622,0,0,0,f,25,23
184.3022,3,0,0.03813883,0,0,0,0,f,25,23
184.8042,3,0.05719632,-0.009534706,0,0,0,0,f,25,23
185.3452,3,0.03021867,0.2086036,0.3220622,0,0,0,f,25,23
185.8462,3,-14.04725,-0.8043209,5.792946,-13.78357,92.77956,-22.27173,f,25,23
186.3855,3,-1.264808,-0.5661961,1.173455,12.58165,27.45167,13.58303,f,25,23
186.8875,3,-1.786723,1.125692,13.10589,-11.66434,73.02515,-9.088557,f,25,23
187.4262,3,-0.4289664,0.3241085,-2.135318,40.01909,8.914664,-6.009136,f,25,23
187.9274,3,-0.1954138,0.648217,-2.74541,43.23247,3.744481,-1.575623,f,25,23
188.4682,3,0.2532907,1.183852,-4.369861,46.52155,-5.131789,4.8102,f,25,23
188.9701,3,1.434972,2.115593,-5.221647,47.54931,-13.51643,13.04814,f,25,23
189.5092,3,2.961098,2.661995,-3.508009,41.2045,-18.55935,21.95093,f,25,23
190.0097,3,3.095728,2.389126,-1.830282,31.60824,-17.60076,28.92235,f,25,23
190.5522,3,2.637245,1.672902,-0.7108451,22.18468,-15.92506,33.08395,f,25,23
191.0742,3,1.787376,1.224948,-0.3050629,15.45953,-14.89218,34.97606,f,25,23
191.5928,3,0.6595454,0.7483195,-0.1525076,4.415459,-4.162909,-0.07523765,f,25,23
192.0944,3,2.398658,2.323584,0,13.79526,-13.41892,-2.92903,f,25,23
192.6379,4,0.9798309,0.7895126,0.8219668,4.836575,-5.029497,-0.2887103,f,25,23
193.1479,6,0.4849747,-0.9127455,-0.1525076,-5.050719,24.79011,-82.01939,f,25,23
193.6748,6,1.807311,-4.179035,-1.28925,-20.00525,7.02195,-87.49252,f,25,23
194.1772,6,2.701152,-7.097571,1.001097,-23.32082,-27.44452,-89.47543,f,25,23
194.7181,6,0.4790117,-1.725412,0.7626335,12.45973,-33.16245,-78.60511,f,25,23
195.2192,6,-0.9550558,1.172519,-0.7625858,-14.07282,38.42283,81.29267,f,25,23
195.7604,6,-5.159424,5.946234,-1.304035,27.48452,42.97408,87.15766,f,25,23
196.2753,6,-2.859834,3.257792,0.9855971,30.76918,4.864748,88.35403,f,25,23
196.8005,6,5.042924,-2.89317,-1.677727,-0.07132977,-51.09428,97.90768,f,25,23
197.3016,6,11.83778,-6.944551,2.745423,-65.21155,-63.70351,93.10439,f,25,23
197.842,6,4.667684,-3.374905,9.823064,-109.9037,-14.49505,49.61553,f,25,23
198.3438,6,0.08689432,4.593619,-5.535542,-67.73872,69.73984,54.95966,f,25,23
198.8837,6,-6.869945,11.8731,-7.589565,-25.48518,55.41227,121.1558,f,25,23
199.3858,6,-8.067948,5.653448,0.2939718,0.8190569,-17.05288,115.3094,f,25,23
199.925,6,3.941761,-7.209096,-3.660564,-61.89472,-65.31145,72.84718,f,25,23
200.4268,6,4.21583,-14.97106,3.355501,-119.6167,-16.80497,61.15723,f,25,23
200.9648,6,0.03376574,-5.707578,5.883561,-86.25159,54.90201,45.09933,f,25,23
201.4682,6,3.978062,7.603801,-4.501836,-16.29323,53.67426,105.0605,f,25,23
202.0146,6,-1.868421,15.06519,2.135321,-11.15522,-21.36909,128.8204,f,25,23
202.5253,6,-2.827976,5.13616,3.002337,-28.70531,-70.13876,80.9952,f,25,23
203.0501,6,-4.15712,-10.28763,-8.252408,-65.61012,44.97442,-23.33371,f,25,23
203.554,6,-5.527357,-8.964774,1.444725,-48.81099,27.17095,-19.53012,f,25,23
204.0923,6,0,0.05481264,0,0,0,0,f,25,23
204.5931,6,-0.08102769,-0.01787758,0.1525076,0,0,0,f,25,23
205.1331,6,0,-0.166623,0.6621519,5.130084,-0.01758866,-0.04635512,f,25,23
205.6365,6,0.04293158,9.909219,-0.9977108,59.30732,0.007756919,0.06624363,f,25,23
206.1785,6,0.004771793,3.190254,0.7081267,17.56056,0.0167414,-0.0513787,f,25,23
206.6785,6,-0.1144211,4.420832,2.099437,32.69323,0.003330585,-0.006764188,f,25,23
207.2205,6,0,3.915523,5.94837,36.45987,0.007872391,-0.007792466,f,25,23
207.7209,6,-0.290746,-2.259249,-4.728189,-34.27323,-138.3715,79.97549,f,25,23
208.2648,6,0.4139373,-15.66785,-4.982068,-86.4177,-51.89633,152.4503,f,25,23
208.7672,6,0.252436,4.276648,0.2297787,23.91466,-0.6134496,160.8215,f,25,23
209.3021,6,-0.3193348,15.25031,10.06052,100.7082,-94.63181,130.7555,f,25,23
209.8039,6,-0.3758834,1.782383,2.731543,20.41391,-142.8947,71.55674,f,25,23
210.3427,6,0.2526153,-14.48012,-10.82911,-101.2136,-92.36507,132.2258,f,25,23
210.8574,6,0.4766333,-4.880727,0,-26.25083,-2.713375,160.5253,f,25,23
211.3819,6,-0.1555331,-4.698958,0.07940672,-31.5909,19.64268,160.4387,f,25,23
211.8852,6,-0.5160489,-1.54179,0.09729111,-8.075437,56.14585,151.4216,f,25,23
212.4296,6,0,0.01429014,0,0,0,0,f,25,23
212.9416,6,-0.01906534,-0.06673103,0,0,0,0,f,25,23
213.469,6,0,-0.1374118,-0.3560664,0,0,0,f,25,23
213.9837,6,0.09068228,0.2759085,0.2797119,0,0,0,f,25,23
214.5145,6,0,0,0,0,0,0,f,25,23
215.0252,6,0.04776889,-0.1278973,-0.3560187,0,0,0,f,25,23
215.5531,6,-2.231241,-0.7729159,0.7369325,-4.758442,25.84634,28.94913,f,25,23
216.0675,6,-3.079055,-1.222564,1.220156,-1.870455,31.87494,25.81444,f,25,23
216.5958,6,-3.832129,-1.036661,2.211575,1.86026,39.01547,20.38425,f,25,23
217.1086,6,-4.460368,-0.6055179,3.489198,6.286971,45.91129,12.09549,f,25,23
217.6404,6,-2.96465,0.4087052,4.956998,13.10913,45.98901,3.582639,f,25,23
218.1479,6,-1.496615,0.6660946,4.499422,19.9528,39.21887,-2.387404,f,25,23
218.6764,6,-0.7539584,0.8677031,3.365808,24.60895,32.10933,-7.306619,f,25,23
219.1766,6,-0.4350439,0.8470288,2.427264,27.10606,26.17195,-10.78545,f,25,23
219.7214,6,0.8090675,-2.216342,-1.448965,37.76283,9.08832,7.275113,f,25,23
220.232,6,1.705473,-2.750191,-2.059059,37.151,11.06612,14.89825,f,25,23
220.7592,6,2.76302,-3.118013,-2.767421,35.55101,12.58214,26.37504,f,25,23
221.2613,6,4.722625,-1.716282,-2.973459,29.63508,15.26768,35.02956,f,25,23
221.8037,6,4.71658,-0.7725105,-2.425518,19.48698,19.0386,37.81711,f,25,23
222.317,6,3.973145,0.2273464,-1.468857,9.631884,21.51592,36.37902,f,25,23
222.8436,6,2.747789,0.9151411,-0.6863558,0.9475364,22.71236,33.01777,f,25,23
223.3448,6,1.657501,1.916095,-2.059067,26.24063,-0.2789111,12.91325,f,25,23
223.8841,6,1.876168,5.089732,-3.633561,33.14873,-0.07667689,16.56421,f,25,23
224.3874,6,1.22923,7.867751,-2.313239,41.07528,0.07543617,21.01958,f,25,23
224.9266,6,-0.6943888,8.150434,1.448989,42.33967,-0.09410489,21.73639,f,25,23
225.427,6,-1.747569,5.776793,3.355501,35.93121,0.021061,18.11049,f,25,23
225.9668,6,-1.727847,3.515357,3.453572,26.82022,0.3927973,13.18877,f,25,23
226.4706,6,-0.3457411,-0.824113,-2.194082,-28.33486,-47.26786,36.06693,f,25,23
227.0094,6,-1.224948,-3.784468,-4.118135,-44.21957,-33.272,46.35463,f,25,23
227.5245,6,-1.791849,-5.878744,-3.247377,-44.65708,-13.3829,58.89388,f,25,23
228.0523,6,-1.02328,-3.508567,-0.1574781,-19.43353,-4.529666,63.513,f,25,23
228.5662,6,-0.4075215,-1.177286,-0.2287853,-6.868562,-1.348407,64.5398,f,25,23
229.0926,7,0,-0.3670087,7.931183,0,0,0,f,25,23
229.6071,7,-0.01779504,-0.4110367,8.004436,0,0,0,f,25,23
230.1358,8,0,0,0,0,0,0,f,25,23
230.6475,6,-0.08102769,-0.1525227,-0.07626136,0,0,0,f,25,23
231.174,6,0,0,0,0,0,0,f,25,23
231.6764,5,-0.05125492,-0.009583626,0.07634869,0,0,0,f,25,23
232.2156,2,0,0,0,0,0,0,f,25,23
232.7183,2,0.01310742,0.07626136,-0.07626136,0,0,0,f,25,23
233.2591,2,0,0,0,0,0,0,f,25,23
233.7605,2,0.01074472,0.03808335,0,0,0,0,f,25,23
234.2996,2,0,0,0,0,0,0,f,25,23
234.8016,2,0.004691708,0.1477472,0.07629046,0,0,0,f,25,23
235.3416,2,0,0,0,0,0,0,f,25,23
235.8442,2,0.07268661,-0.07149503,0.07626136,0,0,0,f,25,23
236.3816,2,0,0,0,0,0,0,f,25,23
236.8857,2,-0.09660424,0.1382182,0.07629046,0,0,0,f,25,23
237.4239,2,0,0,0,0,0,0,f,25,23
237.9266,2,0.1525227,-0.07626136,-0.3813068,0,0,0,f,25,23
238.4693,2,0,0,0,0,0,0,f,25,23
238.9834,2,-0.001191584,0.03813068,-0.07626136,0,0,0,f,25,23
239.508,2,0,0,0,0,0,0,f,25,23
240.0097,2,-0.003574747,-0.01906534,-0.1525227,0,0,0,f,25,23
240.5598,2,0,0,0,0,0,0,f,25,23
241.0668,2,-0.05481284,-0.07626134,0,0,0,0,f,25,23
241.5911,2,0,0,0,0,0,0,f,25,23
242.0932,2,-0.2681063,-0.0953267,0.07626136,0,0,0,f,25,23
242.633,1,0,0,0,0,0,0,f,25,23
243.1357,1,0.08471297,0.1048994,0.1526974,0,0,0,f,25,23
243.6758,0,0,0,0,0,0,0,f,25,23
244.1821,0,-0.2504982,0.1533999,0.2289296,0,0,0,f,25,23
244.7188,0,0,0,0,0,0,0,f,25,23
245.2304,0,-0.08936874,0.7149502,-0.2287841,0,0,0,f,25,23
245.7606,0,0,0,0,0,0,0,f,25,23
246.2738,0,0.01556747,0.00482275,-0.07629046,0,0,0,f,25,23
246.8001,0,0,0,0,0,0,0,f,25,23
